uuid,stkcd,date,clpr,clpr_next,label
0,1,20250522,11.55,11.46,down
1,2,20250507,6.9,6.88,down
2,2,20250508,6.88,6.78,down
3,2,20250512,6.85,6.86,up
4,2,20250515,6.79,6.77,down
5,2,20250516,6.77,6.8,up
6,2,20250522,6.67,6.63,down
7,2,20250529,6.7,6.64,down
8,2,20250530,6.64,6.58,down
9,4,20250506,7.57,7.73,up
10,4,20250507,7.73,7.49,down
11,4,20250514,8.48,8.7,up
12,4,20250520,9.02,9.47,up
13,4,20250521,9.47,9.4,down
14,4,20250522,9.4,9.09,down
15,4,20250527,10.02,9.94,down
16,4,20250528,9.94,9.89,down
17,4,20250529,9.89,10.38,up
18,6,20250506,6.46,6.56,up
19,6,20250523,6.76,6.89,up
20,7,20250513,7.29,7.28,down
21,7,20250517,7.32,7.44,up
22,8,20250508,2.81,2.75,down
23,8,20250513,2.89,2.87,down
24,8,20250530,2.8,2.8,up
25,9,20250530,8.02,7.93,down
26,10,20250517,2.89,2.93,up
27,10,20250522,2.89,2.81,down
28,10,20250523,2.81,2.88,up
29,10,20250527,2.94,2.89,down
30,11,20250510,8.39,8.33,down
31,12,20250508,4.83,4.79,down
32,12,20250530,4.69,4.65,down
33,16,20250509,5.39,5.32,down
34,16,20250512,5.32,5.3,down
35,16,20250521,5.35,5.07,down
36,17,20250510,6.51,6.47,down
37,19,20250516,6.71,6.88,up
38,19,20250521,6.86,6.78,down
39,20,20250513,12.0,11.9,down
40,20,20250516,11.9,12.15,up
41,21,20250509,18.18,18.45,up
42,21,20250510,18.18,18.45,up
43,21,20250522,17.64,17.39,down
44,25,20250520,18.07,18.45,up
45,25,20250523,17.8,17.95,up
46,26,20250521,12.93,13.13,up
47,27,20250508,6.47,6.59,up
48,27,20250521,6.55,6.48,down
49,27,20250522,6.48,6.41,down
50,27,20250527,6.43,6.46,up
51,27,20250529,6.52,6.5,down
52,28,20250530,25.33,25.57,up
53,29,20250513,17.19,17.18,down
54,29,20250523,17.95,17.75,down
55,30,20250509,6.13,6.15,up
56,30,20250516,6.24,6.23,down
57,30,20250523,6.18,6.18,up
58,31,20250509,2.62,2.62,up
59,31,20250521,2.65,2.61,down
60,31,20250522,2.61,2.57,down
61,32,20250513,22.21,22.38,up
62,32,20250514,22.38,21.04,down
63,32,20250515,21.04,21.25,up
64,32,20250517,21.25,21.29,up
65,32,20250522,20.17,19.9,down
66,32,20250523,19.9,20.09,up
67,32,20250530,19.43,19.62,up
68,34,20250507,41.7,42.28,up
69,34,20250509,41.08,41.11,up
70,34,20250513,40.59,40.74,up
71,34,20250514,40.74,39.21,down
72,34,20250515,39.21,39.19,down
73,34,20250516,39.19,38.71,down
74,34,20250521,40.93,39.34,down
75,34,20250522,39.34,37.76,down
76,34,20250527,37.29,36.79,down
77,34,20250530,37.09,36.95,down
78,35,20250513,4.5,4.47,down
79,35,20250520,4.45,4.43,down
80,35,20250527,4.35,4.37,up
81,36,20250508,3.7,3.62,down
82,36,20250515,3.52,3.51,down
83,36,20250523,3.56,3.54,down
84,36,20250530,3.55,3.51,down
85,37,20250507,8.56,8.6,up
86,37,20250517,8.58,8.64,up
87,37,20250523,8.37,8.62,up
88,37,20250529,9.46,9.29,down
89,39,20250507,7.72,7.79,up
90,39,20250510,7.69,7.99,up
91,39,20250516,8.22,8.11,down
92,39,20250519,8.11,8.08,down
93,39,20250520,8.08,8.05,down
94,39,20250523,7.92,7.81,down
95,42,20250513,6.73,6.75,up
96,42,20250515,6.83,6.76,down
97,42,20250517,6.76,6.86,up
98,45,20250520,10.69,10.44,down
99,45,20250522,10.31,10.12,down
100,48,20250508,15.79,16.11,up
101,48,20250517,17.42,17.63,up
102,49,20250508,21.56,21.53,down
103,49,20250514,21.97,21.64,down
104,49,20250520,21.9,22.06,up
105,49,20250522,21.67,21.56,down
106,50,20250513,8.4,8.41,up
107,55,20250513,4.11,4.13,up
108,55,20250520,4.18,4.21,up
109,56,20250509,3.2,3.22,up
110,56,20250520,3.19,3.14,down
111,58,20250508,8.48,8.32,down
112,58,20250514,8.24,8.16,down
113,58,20250520,8.49,8.6,up
114,59,20250508,5.37,5.24,down
115,59,20250510,5.24,5.37,up
116,60,20250509,4.53,4.58,up
117,61,20250515,6.57,6.51,down
118,61,20250516,6.51,6.61,up
119,61,20250521,6.62,6.48,down
120,61,20250528,6.36,6.37,up
121,62,20250506,28.18,28.9,up
122,62,20250510,28.65,28.8,up
123,62,20250529,25.7,24.98,down
124,63,20250508,33.06,32.51,down
125,65,20250527,10.52,10.51,down
126,65,20250530,10.4,10.33,down
127,66,20250514,14.97,14.57,down
128,69,20250515,2.4,2.38,down
129,69,20250530,2.37,2.33,down
130,70,20250514,6.4,6.4,up
131,70,20250521,6.65,6.61,down
132,78,20250521,2.41,2.37,down
133,88,20250516,4.88,5.37,up
134,88,20250521,5.03,4.88,down
135,88,20250522,4.88,4.7,down
136,88,20250523,4.7,4.69,down
137,88,20250528,4.66,4.69,up
138,89,20250510,6.85,6.93,up
139,89,20250513,6.96,7.02,up
140,90,20250530,3.53,3.53,up
141,96,20250521,16.87,17.28,up
142,96,20250530,14.54,14.11,down
143,99,20250515,22.66,22.64,down
144,100,20250507,4.26,4.26,up
145,100,20250520,4.38,4.37,down
146,100,20250521,4.37,4.36,down
147,100,20250524,4.3,4.42,up
148,100,20250527,4.42,4.39,down
149,100,20250530,4.28,4.27,down
150,151,20250506,14.05,13.95,down
151,151,20250516,14.31,14.9,up
152,151,20250520,14.31,14.9,up
153,151,20250523,14.31,14.9,up
154,151,20250528,14.9,14.1,down
155,151,20250530,12.84,12.95,up
156,153,20250507,5.93,5.95,up
157,153,20250509,5.92,5.9,down
158,153,20250522,6.06,6.05,down
159,155,20250510,10.46,10.47,up
160,155,20250517,10.18,10.2,up
161,155,20250523,10.09,10.04,down
162,155,20250529,10.05,10.09,up
163,155,20250530,10.09,10.0,down
164,156,20250508,7.9,7.73,down
165,156,20250516,7.64,7.72,up
166,157,20250521,7.36,7.26,down
167,157,20250529,7.15,7.13,down
168,157,20250530,7.13,7.04,down
169,158,20250520,23.73,23.84,up
170,159,20250520,5.58,5.52,down
171,159,20250527,5.44,5.39,down
172,159,20250529,5.46,5.32,down
173,159,20250530,5.32,5.36,up
174,166,20250507,4.77,4.78,up
175,166,20250508,4.78,4.74,down
176,166,20250515,4.84,4.75,down
177,166,20250521,4.78,4.74,down
178,166,20250527,4.69,4.67,down
179,166,20250528,4.67,4.71,up
180,166,20250529,4.71,4.73,up
181,166,20250530,4.73,4.79,up
182,301,20250508,9.02,9.03,up
183,301,20250509,9.03,9.16,up
184,301,20250510,9.03,9.16,up
185,301,20250513,9.42,9.37,down
186,301,20250514,9.37,9.21,down
187,301,20250515,9.21,9.1,down
188,301,20250516,9.1,9.29,up
189,301,20250519,9.29,9.2,down
190,301,20250521,9.08,8.93,down
191,301,20250522,8.93,8.9,down
192,333,20250506,74.05,74.36,up
193,333,20250508,75.0,75.8,up
194,333,20250528,79.32,78.98,down
195,333,20250530,79.06,75.91,down
196,338,20250508,15.0,15.0,up
197,338,20250514,15.29,14.93,down
198,338,20250521,15.27,15.27,up
199,338,20250523,15.21,14.99,down
200,400,20250513,22.1,22.03,down
201,400,20250519,22.01,22.25,up
202,401,20250515,4.68,4.63,down
203,401,20250520,4.67,4.67,up
204,401,20250523,4.6,4.52,down
205,401,20250524,4.6,4.52,down
206,401,20250530,4.52,4.43,down
207,402,20250508,2.82,2.74,down
208,402,20250509,2.74,2.77,up
209,402,20250516,2.75,2.85,up
210,402,20250520,2.84,2.8,down
211,402,20250521,2.8,2.73,down
212,402,20250522,2.73,2.69,down
213,403,20250512,21.99,21.82,down
214,403,20250515,21.41,21.57,up
215,403,20250522,21.62,21.73,up
216,403,20250527,21.57,21.95,up
217,404,20250509,7.32,7.38,up
218,404,20250510,7.32,7.38,up
219,407,20250513,3.33,3.32,down
220,407,20250521,3.36,3.29,down
221,408,20250507,36.59,35.81,down
222,408,20250509,36.58,36.34,down
223,408,20250520,35.7,36.36,up
224,408,20250522,36.46,36.8,up
225,408,20250523,36.8,37.55,up
226,408,20250528,36.89,36.61,down
227,409,20250513,11.4,11.65,up
228,409,20250516,11.26,11.32,up
229,410,20250529,7.05,6.96,down
230,411,20250507,10.47,10.56,up
231,411,20250508,10.56,10.59,up
232,411,20250510,10.59,10.65,up
233,411,20250514,10.6,10.63,up
234,411,20250523,10.77,10.79,up
235,411,20250528,10.89,10.94,up
236,415,20250507,3.22,3.2,down
237,415,20250509,3.17,3.21,up
238,415,20250515,3.32,3.27,down
239,415,20250521,3.45,3.45,up
240,415,20250527,3.29,3.29,up
241,417,20250508,5.89,5.7,down
242,417,20250522,5.65,5.56,down
243,419,20250515,5.44,5.38,down
244,419,20250524,5.34,5.36,up
245,420,20250516,4.58,5.04,up
246,420,20250520,4.65,4.46,down
247,420,20250521,4.46,4.28,down
248,421,20250506,6.05,6.11,up
249,421,20250508,6.14,6.17,up
250,421,20250509,6.17,6.13,down
251,421,20250510,6.17,6.13,down
252,421,20250528,6.47,6.5,up
253,421,20250529,6.5,6.49,down
254,422,20250510,11.72,11.78,up
255,422,20250513,12.14,12.69,up
256,422,20250515,12.25,12.69,up
257,422,20250516,12.69,13.21,up
258,422,20250520,13.25,13.4,up
259,422,20250523,12.37,12.52,up
260,423,20250509,55.76,55.64,down
261,423,20250514,55.8,55.95,up
262,423,20250521,56.78,56.36,down
263,423,20250527,55.37,54.9,down
264,425,20250507,9.06,8.89,down
265,425,20250508,8.89,8.91,up
266,425,20250516,8.47,8.54,up
267,425,20250521,8.45,8.47,up
268,425,20250523,8.31,8.33,up
269,425,20250528,8.14,8.27,up
270,426,20250506,13.35,13.33,down
271,426,20250515,13.42,13.66,up
272,426,20250520,13.67,13.81,up
273,426,20250522,13.58,13.89,up
274,426,20250528,13.71,13.51,down
275,428,20250506,3.15,3.22,up
276,428,20250516,3.15,3.24,up
277,429,20250514,14.17,14.13,down
278,429,20250522,14.65,14.47,down
279,430,20250516,7.41,7.6,up
280,430,20250523,7.52,7.42,down
281,488,20250514,1.88,1.89,up
282,488,20250516,1.9,1.97,up
283,498,20250514,5.84,5.79,down
284,498,20250515,5.79,5.74,down
285,498,20250520,5.81,5.83,up
286,498,20250521,5.83,5.77,down
287,498,20250522,5.77,5.75,down
288,498,20250523,5.75,5.73,down
289,498,20250530,5.82,5.82,up
290,501,20250521,9.36,9.17,down
291,503,20250507,10.73,10.83,up
292,503,20250508,10.83,10.57,down
293,504,20250513,6.67,6.77,up
294,504,20250523,6.83,6.87,up
295,504,20250528,6.93,7.03,up
296,505,20250507,6.62,6.53,down
297,505,20250529,6.45,6.41,down
298,506,20250513,7.38,7.42,up
299,506,20250514,7.42,7.33,down
300,506,20250529,7.07,7.37,up
301,507,20250507,5.34,5.33,down
302,507,20250509,5.27,5.3,up
303,507,20250515,5.74,5.6,down
304,507,20250520,5.98,6.13,up
305,509,20250520,3.4,3.34,down
306,510,20250508,4.59,4.86,up
307,510,20250513,5.08,5.41,up
308,510,20250522,4.88,5.37,up
309,510,20250527,6.27,5.8,down
310,513,20250507,34.69,34.69,up
311,513,20250510,35.25,35.09,down
312,513,20250515,35.37,35.34,down
313,513,20250523,36.65,35.86,down
314,513,20250530,36.4,37.09,up
315,514,20250508,4.55,4.58,up
316,514,20250516,4.65,4.78,up
317,516,20250507,5.18,5.23,up
318,516,20250513,5.29,5.27,down
319,516,20250514,5.27,5.2,down
320,516,20250516,5.17,5.2,up
321,516,20250521,5.23,5.13,down
322,516,20250530,5.1,5.15,up
323,518,20250507,1.89,1.85,down
324,518,20250514,2.07,2.14,up
325,518,20250522,2.14,2.08,down
326,519,20250516,16.94,17.29,up
327,520,20250515,5.5,5.24,down
328,520,20250521,4.87,4.93,up
329,521,20250509,7.81,7.87,up
330,521,20250516,7.69,7.87,up
331,521,20250521,7.86,7.73,down
332,521,20250524,7.61,7.6,down
333,523,20250530,3.38,3.43,up
334,524,20250530,11.38,11.48,up
335,525,20250529,7.07,7.33,up
336,526,20250508,53.7,53.99,up
337,526,20250514,52.9,53.6,up
338,526,20250520,55.68,54.93,down
339,526,20250524,51.61,51.26,down
340,528,20250508,10.33,10.22,down
341,528,20250515,10.03,10.03,up
342,528,20250521,10.05,10.0,down
343,528,20250527,9.79,9.85,up
344,529,20250513,6.04,6.05,up
345,529,20250530,6.11,6.18,up
346,530,20250523,5.35,5.41,up
347,531,20250507,6.31,6.3,down
348,531,20250509,6.28,6.23,down
349,532,20250527,14.9,14.54,down
350,533,20250513,5.91,5.95,up
351,534,20250510,15.76,15.63,down
352,534,20250515,15.16,15.29,up
353,534,20250528,13.89,14.2,up
354,536,20250506,4.63,4.65,up
355,536,20250507,4.65,4.68,up
356,536,20250509,4.54,4.58,up
357,536,20250520,4.75,4.59,down
358,536,20250528,4.36,4.45,up
359,537,20250508,8.6,8.59,down
360,537,20250510,8.59,8.6,up
361,537,20250512,8.6,8.56,down
362,537,20250515,8.57,8.51,down
363,537,20250517,8.51,8.54,up
364,537,20250521,8.65,8.46,down
365,537,20250524,8.4,8.44,up
366,538,20250513,57.06,57.16,up
367,538,20250514,57.16,56.97,down
368,539,20250527,4.35,4.79,up
369,539,20250529,5.27,5.2,down
370,539,20250530,5.2,5.13,down
371,541,20250516,6.43,6.44,up
372,541,20250517,6.43,6.44,up
373,541,20250521,6.41,6.24,down
374,541,20250522,6.24,6.15,down
375,541,20250529,6.3,6.19,down
376,543,20250512,7.49,7.48,down
377,543,20250519,7.43,7.48,up
378,543,20250523,7.39,7.45,up
379,544,20250520,8.32,8.32,up
380,544,20250528,8.28,8.34,up
381,544,20250530,8.31,8.33,up
382,545,20250513,2.26,2.34,up
383,545,20250520,2.35,2.42,up
384,545,20250521,2.42,2.38,down
385,546,20250510,4.35,4.37,up
386,546,20250516,4.34,4.42,up
387,546,20250517,4.34,4.42,up
388,546,20250522,4.33,4.32,down
389,546,20250528,4.61,4.58,down
390,546,20250529,4.58,4.48,down
391,546,20250530,4.48,4.45,down
392,547,20250507,7.25,7.5,up
393,547,20250510,7.4,7.65,up
394,547,20250530,7.38,7.41,up
395,548,20250508,5.16,5.13,down
396,548,20250520,5.27,5.39,up
397,548,20250527,5.23,5.22,down
398,550,20250507,19.48,19.61,up
399,550,20250516,20.46,20.09,down
400,550,20250530,21.48,20.76,down
401,551,20250509,12.37,12.4,up
402,551,20250524,12.23,12.36,up
403,551,20250529,12.6,12.36,down
404,551,20250530,12.36,12.3,down
405,552,20250508,2.41,2.41,up
406,552,20250521,2.45,2.42,down
407,552,20250523,2.38,2.39,up
408,553,20250528,6.91,6.92,up
409,554,20250514,6.33,6.27,down
410,554,20250516,6.3,6.38,up
411,554,20250522,6.25,6.2,down
412,554,20250523,6.2,6.27,up
413,554,20250528,6.28,6.29,up
414,555,20250510,11.22,11.37,up
415,555,20250514,11.31,10.99,down
416,555,20250527,11.07,10.96,down
417,557,20250521,5.3,5.25,down
418,558,20250513,3.9,3.9,up
419,558,20250517,4.13,4.11,down
420,558,20250529,3.96,3.91,down
421,559,20250508,7.67,8.44,up
422,559,20250509,8.44,9.28,up
423,559,20250512,9.28,9.74,up
424,559,20250513,9.74,9.0,down
425,559,20250521,9.08,8.42,down
426,559,20250524,8.26,8.22,down
427,560,20250514,3.23,3.15,down
428,560,20250520,3.19,3.15,down
429,561,20250508,8.05,8.07,up
430,561,20250510,8.07,8.32,up
431,561,20250513,8.09,7.99,down
432,561,20250526,9.81,10.79,up
433,563,20250513,3.39,3.48,up
434,563,20250527,3.35,3.35,up
435,563,20250528,3.35,3.39,up
436,563,20250530,3.39,3.45,up
437,564,20250510,2.65,2.59,down
438,564,20250513,2.58,2.59,up
439,564,20250517,2.57,2.58,up
440,564,20250530,2.46,2.44,down
441,565,20250506,8.31,9.14,up
442,565,20250515,12.74,14.01,up
443,565,20250519,13.07,11.76,down
444,565,20250521,11.1,10.62,down
445,565,20250522,10.62,10.38,down
446,566,20250508,5.3,5.26,down
447,566,20250510,5.26,5.14,down
448,566,20250513,5.0,4.94,down
449,566,20250516,5.65,5.67,up
450,566,20250523,5.86,5.4,down
451,567,20250506,5.72,5.65,down
452,567,20250508,5.71,5.59,down
453,567,20250520,5.7,5.67,down
454,568,20250513,126.0,130.14,up
455,568,20250514,130.14,128.29,down
456,568,20250529,119.09,116.92,down
457,570,20250509,5.55,5.56,up
458,570,20250514,5.56,5.56,up
459,570,20250527,5.63,5.68,up
460,571,20250507,4.51,4.6,up
461,571,20250509,4.45,4.65,up
462,571,20250516,4.75,4.66,down
463,571,20250527,4.5,4.54,up
464,572,20250506,3.85,3.87,up
465,572,20250515,3.79,3.98,up
466,573,20250521,4.95,4.76,down
467,576,20250507,7.58,7.88,up
468,581,20250506,19.96,20.07,up
469,581,20250510,19.79,20.12,up
470,581,20250514,20.95,20.79,down
471,581,20250516,21.13,20.41,down
472,581,20250521,20.72,20.33,down
473,581,20250529,20.06,19.92,down
474,582,20250507,8.67,8.64,down
475,582,20250509,8.52,8.51,down
476,582,20250513,8.97,9.19,up
477,582,20250516,8.74,9.02,up
478,582,20250520,8.77,9.17,up
479,582,20250521,9.17,9.32,up
480,582,20250527,8.84,8.56,down
481,582,20250530,8.66,8.67,up
482,589,20250508,4.62,4.6,down
483,589,20250509,4.6,4.63,up
484,589,20250512,4.63,4.59,down
485,589,20250514,4.6,4.56,down
486,589,20250522,4.53,4.5,down
487,589,20250530,4.53,4.52,down
488,590,20250527,9.94,9.6,down
489,591,20250506,4.35,4.36,up
490,591,20250507,4.36,4.43,up
491,591,20250509,4.4,4.41,up
492,591,20250510,4.4,4.41,up
493,591,20250516,4.38,4.4,up
494,591,20250520,4.42,4.41,down
495,591,20250521,4.41,4.36,down
496,591,20250527,4.32,4.32,up
497,591,20250529,4.36,4.34,down
498,592,20250507,3.13,3.08,down
499,593,20250510,5.59,5.59,up
500,593,20250514,5.64,5.6,down
501,593,20250521,5.7,5.64,down
502,593,20250528,5.68,5.81,up
503,595,20250507,4.04,4.19,up
504,595,20250510,4.15,4.31,up
505,595,20250515,4.38,4.29,down
506,595,20250517,4.29,4.5,up
507,595,20250522,4.96,4.78,down
508,596,20250530,150.55,147.93,down
509,598,20250510,7.22,7.18,down
510,599,20250507,4.62,4.76,up
511,600,20250508,6.72,6.68,down
512,600,20250521,6.79,6.62,down
513,600,20250527,7.09,7.0,down
514,601,20250510,6.08,5.99,down
515,601,20250521,5.6,5.24,down
516,603,20250510,13.42,13.4,down
517,603,20250521,13.45,13.42,down
518,603,20250529,13.25,13.13,down
519,605,20250514,7.58,7.55,down
520,605,20250516,7.58,8.34,up
521,605,20250522,8.13,7.8,down
522,607,20250507,3.79,3.86,up
523,607,20250513,3.81,3.82,up
524,607,20250520,3.92,3.87,down
525,608,20250510,1.65,1.69,up
526,608,20250513,1.64,1.67,up
527,609,20250508,2.52,2.48,down
528,609,20250514,2.73,2.72,down
529,609,20250520,3.09,3.24,up
530,609,20250521,3.24,3.08,down
531,610,20250510,12.86,12.86,up
532,610,20250514,13.02,12.95,down
533,612,20250515,7.27,7.2,down
534,612,20250520,8.18,7.8,down
535,612,20250522,7.6,7.56,down
536,615,20250515,3.27,3.29,up
537,615,20250517,3.29,3.31,up
538,615,20250521,3.3,3.17,down
539,615,20250528,3.11,3.12,up
540,617,20250516,6.95,6.96,up
541,619,20250507,5.85,5.89,up
542,619,20250515,5.97,5.97,up
543,620,20250510,1.68,1.7,up
544,620,20250520,1.75,1.74,down
545,622,20250506,1.78,0.19,down
546,622,20250507,1.78,0.19,down
547,622,20250508,1.78,0.19,down
548,622,20250509,1.78,0.19,down
549,622,20250513,1.78,0.19,down
550,622,20250514,1.78,0.19,down
551,622,20250522,1.78,0.19,down
552,622,20250528,1.78,0.19,down
553,623,20250520,16.51,16.5,down
554,625,20250506,12.39,12.41,up
555,625,20250507,12.41,12.44,up
556,625,20250528,12.3,12.53,up
557,626,20250506,6.05,6.02,down
558,628,20250507,47.7,48.09,up
559,628,20250510,46.9,47.1,up
560,629,20250507,2.65,2.66,up
561,629,20250508,2.66,2.63,down
562,629,20250517,2.61,2.63,up
563,630,20250507,3.2,3.2,up
564,630,20250510,3.17,3.23,up
565,630,20250522,3.18,3.15,down
566,630,20250523,3.15,3.18,up
567,631,20250507,2.84,2.85,up
568,631,20250513,2.86,2.9,up
569,632,20250509,3.66,3.76,up
570,632,20250520,3.73,3.65,down
571,632,20250521,3.65,3.58,down
572,632,20250523,3.5,3.59,up
573,633,20250509,5.39,5.36,down
574,633,20250516,5.93,6.09,up
575,633,20250523,6.59,6.62,up
576,635,20250521,9.06,8.69,down
577,635,20250522,8.69,8.51,down
578,636,20250522,13.32,13.22,down
579,637,20250516,3.99,3.83,down
580,637,20250521,3.86,3.9,up
581,638,20250506,3.08,3.23,up
582,638,20250516,4.05,4.25,up
583,638,20250521,4.31,4.19,down
584,638,20250529,4.68,4.8,up
585,639,20250506,2.83,2.86,up
586,639,20250514,2.88,3.17,up
587,639,20250517,3.23,3.27,up
588,650,20250513,5.44,5.44,up
589,650,20250527,5.49,5.45,down
590,651,20250506,45.47,46.1,up
591,651,20250509,47.0,46.9,down
592,652,20250508,3.8,3.77,down
593,652,20250510,3.77,3.78,up
594,652,20250516,3.81,3.87,up
595,652,20250517,3.81,3.87,up
596,652,20250522,3.81,3.76,down
597,652,20250524,3.76,3.79,up
598,652,20250529,4.03,3.89,down
599,652,20250530,3.89,3.97,up
600,655,20250507,6.75,6.77,up
601,655,20250513,6.8,6.81,up
602,655,20250516,6.8,6.82,up
603,655,20250529,6.93,6.93,up
604,656,20250512,1.56,1.64,up
605,656,20250516,1.55,1.54,down
606,656,20250522,1.53,1.55,up
607,656,20250527,1.54,1.5,down
608,657,20250507,9.94,10.06,up
609,657,20250513,10.37,10.64,up
610,657,20250517,11.53,11.16,down
611,657,20250522,10.68,10.68,up
612,659,20250509,3.34,3.28,down
613,659,20250513,3.29,3.28,down
614,659,20250520,3.25,3.21,down
615,659,20250529,3.24,3.23,down
616,661,20250506,93.7,93.57,down
617,661,20250510,95.8,94.51,down
618,661,20250513,98.13,97.66,down
619,661,20250521,104.89,103.37,down
620,661,20250529,104.57,104.56,down
621,661,20250530,104.56,103.35,down
622,663,20250510,5.8,5.79,down
623,665,20250521,5.11,4.99,down
624,665,20250523,4.8,4.99,up
625,668,20250506,5.12,5.38,up
626,668,20250508,5.65,5.6,down
627,668,20250519,6.7,6.76,up
628,668,20250523,6.77,7.1,up
629,668,20250529,7.63,7.94,up
630,669,20250506,1.95,2.0,up
631,669,20250509,2.01,2.09,up
632,669,20250520,2.04,2.01,down
633,669,20250522,2.11,2.22,up
634,669,20250526,2.33,2.45,up
635,669,20250528,2.39,2.27,down
636,670,20250516,6.68,6.87,up
637,670,20250528,7.02,7.08,up
638,672,20250513,8.56,8.47,down
639,672,20250517,8.41,8.44,up
640,672,20250520,8.55,8.64,up
641,672,20250521,8.64,8.73,up
642,672,20250522,8.73,8.64,down
643,676,20250517,8.2,8.16,down
644,676,20250521,8.18,8.25,up
645,676,20250530,8.26,8.37,up
646,677,20250513,4.95,5.11,up
647,677,20250515,5.26,5.05,down
648,677,20250516,5.05,5.56,up
649,677,20250521,5.65,5.6,down
650,678,20250512,16.82,16.5,down
651,679,20250508,6.46,6.24,down
652,679,20250513,6.42,6.37,down
653,679,20250520,6.37,6.25,down
654,680,20250508,9.1,9.14,up
655,680,20250513,9.21,9.15,down
656,680,20250517,9.0,8.72,down
657,680,20250529,9.02,9.13,up
658,682,20250514,9.68,9.51,down
659,682,20250517,9.55,9.58,up
660,682,20250527,9.25,9.22,down
661,683,20250509,5.14,5.18,up
662,683,20250516,5.16,5.14,down
663,683,20250521,5.12,5.07,down
664,683,20250528,5.01,5.05,up
665,683,20250530,5.03,5.04,up
666,685,20250513,8.64,8.82,up
667,685,20250521,8.64,8.54,down
668,685,20250529,8.52,8.52,up
669,686,20250515,7.46,7.37,down
670,686,20250517,7.37,7.4,up
671,686,20250521,7.41,7.33,down
672,686,20250523,7.25,7.25,up
673,688,20250522,12.17,12.04,down
674,690,20250514,4.37,4.35,down
675,690,20250520,4.44,4.42,down
676,690,20250522,4.38,4.33,down
677,691,20250508,3.87,4.05,up
678,691,20250513,4.13,4.34,up
679,691,20250521,5.27,5.01,down
680,691,20250522,5.01,5.26,up
681,691,20250524,5.26,5.29,up
682,691,20250527,5.03,4.78,down
683,691,20250529,4.79,4.76,down
684,692,20250517,3.41,3.5,up
685,695,20250522,13.76,15.14,up
686,695,20250526,15.16,13.64,down
687,697,20250510,7.13,7.02,down
688,697,20250512,7.02,6.78,down
689,697,20250513,6.78,6.83,up
690,700,20250508,7.37,7.29,down
691,700,20250523,7.46,7.53,up
692,701,20250507,5.24,5.26,up
693,701,20250523,5.18,5.25,up
694,701,20250527,5.4,5.43,up
695,702,20250507,6.66,6.7,up
696,702,20250527,7.12,6.82,down
697,703,20250507,6.07,6.04,down
698,703,20250510,6.02,6.03,up
699,703,20250516,6.02,6.03,up
700,703,20250517,6.02,6.03,up
701,705,20250509,8.01,8.0,down
702,705,20250520,8.25,8.21,down
703,707,20250510,6.31,6.33,up
704,707,20250517,6.32,6.36,up
705,707,20250529,6.29,6.25,down
706,708,20250507,12.04,11.94,down
707,708,20250513,11.48,11.53,up
708,708,20250517,11.23,11.27,up
709,709,20250516,2.21,2.24,up
710,709,20250521,2.22,2.19,down
711,709,20250522,2.19,2.18,down
712,709,20250526,2.19,2.2,up
713,710,20250517,14.19,13.4,down
714,710,20250521,12.87,12.57,down
715,710,20250522,12.57,13.83,up
716,711,20250508,1.79,1.81,up
717,711,20250513,1.85,1.85,up
718,711,20250516,1.85,1.87,up
719,711,20250522,1.83,1.82,down
720,711,20250531,1.82,1.73,down
721,712,20250506,11.58,12.13,up
722,712,20250520,12.75,12.64,down
723,713,20250513,7.13,7.15,up
724,715,20250506,7.17,7.19,up
725,715,20250515,7.35,7.37,up
726,715,20250522,7.19,7.18,down
727,715,20250527,7.33,7.26,down
728,716,20250514,6.41,6.53,up
729,716,20250530,6.55,6.62,up
730,717,20250508,2.61,2.55,down
731,717,20250516,2.57,2.64,up
732,718,20250522,2.15,2.11,down
733,718,20250527,2.12,2.12,up
734,719,20250517,12.35,12.5,up
735,720,20250513,3.16,3.16,up
736,720,20250521,3.44,3.42,down
737,721,20250510,8.96,8.93,down
738,721,20250514,9.03,9.04,up
739,721,20250516,8.95,9.0,up
740,722,20250506,11.4,11.42,up
741,722,20250509,11.38,11.23,down
742,722,20250510,11.38,11.23,down
743,722,20250520,14.08,15.49,up
744,722,20250522,14.6,13.14,down
745,722,20250530,13.03,13.3,up
746,723,20250506,4.3,4.39,up
747,723,20250508,4.36,4.27,down
748,723,20250509,4.27,4.27,up
749,723,20250515,4.24,4.24,up
750,723,20250521,4.37,4.26,down
751,723,20250522,4.26,4.18,down
752,723,20250523,4.18,4.21,up
753,723,20250530,4.19,4.22,up
754,725,20250520,3.9,3.88,down
755,726,20250508,6.24,6.34,up
756,726,20250513,6.4,6.36,down
757,726,20250524,6.29,6.29,up
758,728,20250507,7.58,7.58,up
759,728,20250516,7.64,7.63,down
760,728,20250520,7.61,7.62,up
761,728,20250522,7.56,7.53,down
762,728,20250527,7.5,7.46,down
763,731,20250509,6.86,6.88,up
764,731,20250513,6.88,6.88,up
765,731,20250521,6.95,6.85,down
766,731,20250527,6.91,6.85,down
767,733,20250510,50.07,51.28,up
768,733,20250515,48.86,48.67,down
769,735,20250507,6.05,6.07,up
770,735,20250510,6.01,5.99,down
771,735,20250520,5.96,5.9,down
772,736,20250506,4.11,4.15,up
773,736,20250507,4.15,4.16,up
774,736,20250508,4.16,4.18,up
775,736,20250514,4.27,4.45,up
776,736,20250515,4.45,4.3,down
777,736,20250520,4.6,4.66,up
778,736,20250521,4.66,4.55,down
779,736,20250522,4.55,4.37,down
780,736,20250527,4.43,4.36,down
781,737,20250515,9.13,9.09,down
782,737,20250516,9.09,9.04,down
783,738,20250514,19.31,19.13,down
784,739,20250506,13.99,14.01,up
785,739,20250516,14.04,13.81,down
786,750,20250507,3.88,3.87,down
787,750,20250509,3.82,3.88,up
788,750,20250513,3.86,3.97,up
789,750,20250517,3.84,3.85,up
790,750,20250523,3.75,3.74,down
791,751,20250508,2.94,2.93,down
792,751,20250516,2.95,3.01,up
793,752,20250524,8.55,8.5,down
794,753,20250524,5.27,5.23,down
795,755,20250515,5.04,4.97,down
796,755,20250522,5.05,4.94,down
797,756,20250510,13.86,13.94,up
798,756,20250513,14.02,14.0,down
799,756,20250515,14.23,15.65,up
800,756,20250520,15.9,15.83,down
801,756,20250523,15.73,15.1,down
802,757,20250510,4.34,4.4,up
803,757,20250513,4.5,4.54,up
804,757,20250528,4.49,4.58,up
805,758,20250515,4.85,4.86,up
806,758,20250521,4.88,4.8,down
807,759,20250517,8.39,8.51,up
808,761,20250520,4.27,4.24,down
809,766,20250521,19.7,19.87,up
810,767,20250506,2.85,2.81,down
811,767,20250514,3.35,3.5,up
812,767,20250516,3.33,3.24,down
813,767,20250523,3.02,3.04,up
814,768,20250506,23.47,24.43,up
815,768,20250510,24.24,25.63,up
816,768,20250513,25.09,24.81,down
817,768,20250529,25.08,25.01,down
818,776,20250507,15.8,15.9,up
819,776,20250509,15.77,16.01,up
820,776,20250512,16.01,16.09,up
821,776,20250513,16.09,17.31,up
822,776,20250515,16.93,16.73,down
823,776,20250517,16.73,16.68,down
824,776,20250519,16.68,16.59,down
825,776,20250520,16.59,16.59,up
826,776,20250521,16.59,16.53,down
827,776,20250522,16.53,16.28,down
828,776,20250526,16.3,16.27,down
829,776,20250527,16.27,16.18,down
830,776,20250528,16.18,16.25,up
831,776,20250529,16.25,16.29,up
832,777,20250506,17.59,17.49,down
833,777,20250510,17.38,17.66,up
834,777,20250529,20.64,19.57,down
835,778,20250506,3.43,3.47,up
836,778,20250509,3.45,3.47,up
837,778,20250528,3.46,3.5,up
838,779,20250515,9.42,9.48,up
839,779,20250529,9.32,9.2,down
840,783,20250516,6.67,6.71,up
841,783,20250520,6.69,6.7,up
842,783,20250521,6.7,6.62,down
843,783,20250522,6.62,6.53,down
844,785,20250513,3.44,3.44,up
845,785,20250524,3.28,3.28,up
846,786,20250507,29.06,29.36,up
847,788,20250510,5.72,5.71,down
848,788,20250523,5.86,5.73,down
849,789,20250514,5.45,5.45,up
850,789,20250516,5.43,5.52,up
851,789,20250526,5.42,5.44,up
852,790,20250509,3.71,3.72,up
853,790,20250510,3.71,3.72,up
854,790,20250521,3.81,3.76,down
855,790,20250523,3.72,3.69,down
856,791,20250513,6.71,6.68,down
857,791,20250528,6.3,6.35,up
858,792,20250513,16.11,16.25,up
859,792,20250527,15.93,15.87,down
860,793,20250507,2.68,2.81,up
861,793,20250513,2.75,2.72,down
862,795,20250507,10.76,10.84,up
863,795,20250515,10.89,10.92,up
864,796,20250508,3.82,3.74,down
865,796,20250517,3.8,3.79,down
866,796,20250524,3.62,3.67,up
867,797,20250506,2.71,2.76,up
868,797,20250507,2.76,2.76,up
869,797,20250509,2.72,2.73,up
870,797,20250510,2.72,2.73,up
871,799,20250522,43.09,42.3,down
872,800,20250512,7.3,7.3,up
873,800,20250522,7.33,7.28,down
874,800,20250527,7.15,7.22,up
875,801,20250508,16.03,15.85,down
876,801,20250520,16.2,15.84,down
877,802,20250510,4.37,4.4,up
878,802,20250523,4.37,4.5,up
879,802,20250529,4.61,4.58,down
880,803,20250515,5.47,5.49,up
881,803,20250522,5.65,5.52,down
882,807,20250513,15.51,15.95,up
883,807,20250514,15.95,15.72,down
884,809,20250516,3.17,3.26,up
885,810,20250522,11.66,11.33,down
886,811,20250513,12.66,13.18,up
887,811,20250514,13.18,12.9,down
888,811,20250516,12.77,12.5,down
889,811,20250522,12.09,12.03,down
890,811,20250529,9.81,9.47,down
891,811,20250530,9.47,9.3,down
892,812,20250513,4.49,4.49,up
893,812,20250515,4.51,4.52,up
894,812,20250529,4.58,4.47,down
895,813,20250506,3.15,3.1,down
896,813,20250507,3.1,3.14,up
897,813,20250508,3.14,3.11,down
898,813,20250520,3.28,3.28,up
899,813,20250521,3.28,3.21,down
900,813,20250528,3.24,3.27,up
901,815,20250515,13.27,13.28,up
902,815,20250522,12.76,12.56,down
903,815,20250524,12.56,12.3,down
904,816,20250506,3.12,3.17,up
905,816,20250510,3.12,3.13,up
906,818,20250514,25.04,24.94,down
907,818,20250516,24.92,24.74,down
908,818,20250528,22.36,22.82,up
909,819,20250506,14.45,14.53,up
910,820,20250515,2.4,2.29,down
911,820,20250519,2.4,2.52,up
912,820,20250521,2.65,2.78,up
913,820,20250522,2.78,2.92,up
914,820,20250526,3.02,3.17,up
915,820,20250530,2.8,2.94,up
916,821,20250521,11.26,11.1,down
917,822,20250513,5.49,5.55,up
918,823,20250513,10.12,10.16,up
919,823,20250522,10.09,9.92,down
920,825,20250515,3.61,3.59,down
921,825,20250520,3.63,3.64,up
922,826,20250530,2.44,2.2,down
923,828,20250508,10.53,10.66,up
924,828,20250519,10.44,10.4,down
925,829,20250514,10.16,9.95,down
926,829,20250521,10.18,10.07,down
927,829,20250522,10.07,9.84,down
928,829,20250529,10.11,9.81,down
929,830,20250513,10.92,10.96,up
930,830,20250520,10.85,10.87,up
931,831,20250510,32.71,33.05,up
932,831,20250514,33.32,34.39,up
933,831,20250516,33.9,33.29,down
934,831,20250521,33.21,32.33,down
935,831,20250528,32.94,33.71,up
936,833,20250521,12.04,11.38,down
937,833,20250523,11.39,11.39,up
938,837,20250509,12.86,13.27,up
939,837,20250514,13.23,13.78,up
940,837,20250517,13.5,13.22,down
941,837,20250527,12.3,12.18,down
942,837,20250529,12.29,11.81,down
943,838,20250520,2.48,2.48,up
944,838,20250528,2.55,2.61,up
945,839,20250513,2.65,2.68,up
946,839,20250516,2.63,2.78,up
947,839,20250520,2.76,2.73,down
948,848,20250507,9.65,9.62,down
949,848,20250514,9.54,9.7,up
950,848,20250523,10.54,10.89,up
951,848,20250527,11.05,10.94,down
952,850,20250514,4.24,4.39,up
953,851,20250508,2.29,2.3,up
954,851,20250515,2.39,2.37,down
955,851,20250521,2.41,2.51,up
956,851,20250529,2.53,2.5,down
957,852,20250507,6.35,6.37,up
958,852,20250514,6.3,6.19,down
959,852,20250521,6.31,6.19,down
960,852,20250527,6.17,6.26,up
961,852,20250528,6.26,6.28,up
962,856,20250513,11.69,11.4,down
963,858,20250530,126.44,124.68,down
964,859,20250510,6.78,6.86,up
965,862,20250521,5.86,5.63,down
966,862,20250529,5.61,5.49,down
967,863,20250506,3.65,4.02,up
968,863,20250513,3.92,3.93,up
969,863,20250522,3.68,3.63,down
970,868,20250509,5.79,5.86,up
971,868,20250527,5.73,5.69,down
972,869,20250512,22.81,22.68,down
973,869,20250520,22.83,22.93,up
974,869,20250524,22.57,22.67,up
975,869,20250527,23.66,24.07,up
976,875,20250514,5.43,5.36,down
977,875,20250521,5.45,5.35,down
978,875,20250522,5.35,5.25,down
979,876,20250507,9.78,9.76,down
980,876,20250510,9.67,9.66,down
981,876,20250514,9.75,9.6,down
982,877,20250506,4.89,4.96,up
983,877,20250507,4.96,4.99,up
984,877,20250513,4.94,4.94,up
985,877,20250516,4.8,4.82,up
986,877,20250527,4.6,4.58,down
987,878,20250510,11.93,12.1,up
988,878,20250513,12.1,11.93,down
989,878,20250516,12.1,11.93,down
990,878,20250519,12.1,11.93,down
991,878,20250522,12.1,11.93,down
992,878,20250524,12.1,11.93,down
993,878,20250529,11.89,11.53,down
994,880,20250510,36.96,37.22,up
995,880,20250514,36.72,34.16,down
996,881,20250520,7.38,7.29,down
997,882,20250521,2.21,2.18,down
998,883,20250506,4.68,4.67,down
999,883,20250513,4.67,4.67,up
1000,883,20250515,4.66,4.65,down
1001,883,20250517,4.65,4.67,up
1002,885,20250510,13.97,13.86,down
1003,885,20250516,13.78,13.89,up
1004,885,20250521,13.77,13.6,down
1005,886,20250507,6.3,6.34,up
1006,886,20250530,6.08,5.98,down
1007,887,20250509,19.43,19.66,up
1008,887,20250515,18.82,19.26,up
1009,888,20250514,13.39,13.13,down
1010,888,20250515,13.13,13.24,up
1011,888,20250520,13.55,13.43,down
1012,888,20250523,13.21,13.48,up
1013,889,20250507,2.71,2.74,up
1014,889,20250516,2.91,2.9,down
1015,889,20250528,2.76,2.7,down
1016,889,20250530,2.7,2.97,up
1017,890,20250507,3.49,3.57,up
1018,890,20250508,3.57,3.55,down
1019,890,20250521,3.69,3.69,up
1020,892,20250522,3.65,3.52,down
1021,893,20250516,28.31,27.98,down
1022,893,20250527,29.22,28.68,down
1023,897,20250530,2.28,2.29,up
1024,898,20250507,2.39,2.38,down
1025,898,20250513,2.39,2.41,up
1026,898,20250530,2.35,2.33,down
1027,899,20250508,9.5,9.54,up
1028,899,20250516,9.3,9.39,up
1029,900,20250521,4.17,4.14,down
1030,901,20250506,10.62,10.96,up
1031,901,20250508,11.25,11.18,down
1032,901,20250514,11.34,11.11,down
1033,901,20250530,11.82,11.7,down
1034,902,20250510,13.36,13.5,up
1035,902,20250513,13.7,13.76,up
1036,902,20250519,13.6,13.56,down
1037,903,20250513,3.56,3.59,up
1038,903,20250521,4.18,4.02,down
1039,903,20250528,5.05,5.56,up
1040,903,20250530,5.42,4.88,down
1041,905,20250510,7.49,7.66,up
1042,905,20250520,8.63,8.8,up
1043,906,20250507,6.44,6.41,down
1044,906,20250513,6.48,6.6,up
1045,906,20250516,6.53,6.52,down
1046,906,20250517,6.53,6.52,down
1047,906,20250528,6.48,6.54,up
1048,908,20250506,5.01,4.79,down
1049,908,20250510,5.02,4.99,down
1050,908,20250515,4.67,4.75,up
1051,908,20250520,5.03,4.92,down
1052,908,20250524,5.12,5.11,down
1053,908,20250529,5.0,5.25,up
1054,908,20250530,5.25,5.19,down
1055,909,20250510,5.81,5.83,up
1056,910,20250508,7.62,7.69,up
1057,911,20250506,7.27,7.56,up
1058,911,20250516,7.4,7.57,up
1059,912,20250506,4.86,4.96,up
1060,912,20250516,4.92,5.01,up
1061,912,20250527,4.69,4.64,down
1062,912,20250528,4.64,4.61,down
1063,913,20250521,15.86,15.65,down
1064,915,20250514,30.47,30.64,up
1065,915,20250530,30.94,31.49,up
1066,917,20250515,7.28,7.19,down
1067,917,20250517,7.19,7.37,up
1068,919,20250508,6.61,6.59,down
1069,919,20250516,6.65,6.7,up
1070,919,20250522,6.67,6.63,down
1071,919,20250527,6.7,6.68,down
1072,919,20250529,6.74,6.75,up
1073,921,20250508,27.75,29.0,up
1074,921,20250520,29.52,29.68,up
1075,921,20250527,28.0,28.04,up
1076,922,20250508,10.81,10.74,down
1077,922,20250513,10.7,10.74,up
1078,922,20250514,10.74,10.62,down
1079,923,20250507,13.1,13.15,up
1080,923,20250516,13.23,13.23,up
1081,925,20250506,7.74,7.69,down
1082,925,20250507,7.69,7.76,up
1083,925,20250508,7.76,7.62,down
1084,925,20250509,7.62,7.69,up
1085,925,20250515,7.41,7.63,up
1086,926,20250510,2.22,2.23,up
1087,927,20250510,2.57,2.59,up
1088,927,20250515,2.62,2.6,down
1089,927,20250527,2.57,2.57,up
1090,928,20250516,6.55,6.56,up
1091,928,20250522,6.43,6.37,down
1092,929,20250507,6.67,7.0,up
1093,929,20250508,7.0,6.9,down
1094,929,20250514,7.26,7.59,up
1095,929,20250520,7.85,7.72,down
1096,930,20250514,5.53,5.5,down
1097,930,20250521,5.55,5.46,down
1098,930,20250522,5.46,5.43,down
1099,931,20250508,4.99,4.96,down
1100,931,20250517,5.06,5.12,up
1101,932,20250507,4.97,4.89,down
1102,932,20250520,5.04,5.09,up
1103,932,20250521,5.09,4.95,down
1104,933,20250507,17.1,16.86,down
1105,933,20250509,16.75,17.2,up
1106,933,20250519,16.7,17.11,up
1107,935,20250514,16.41,16.06,down
1108,935,20250522,17.15,16.51,down
1109,935,20250530,16.88,17.76,up
1110,936,20250510,6.92,7.0,up
1111,936,20250513,6.94,7.03,up
1112,936,20250521,7.05,6.94,down
1113,937,20250507,6.47,6.59,up
1114,937,20250510,6.61,6.69,up
1115,937,20250515,6.79,6.67,down
1116,937,20250516,6.67,6.75,up
1117,938,20250521,24.35,24.11,down
1118,938,20250530,24.03,23.87,down
1119,948,20250514,19.1,18.57,down
1120,948,20250520,19.04,19.16,up
1121,948,20250530,19.09,19.15,up
1122,950,20250510,4.9,4.91,up
1123,950,20250515,4.91,4.91,up
1124,951,20250514,17.57,17.16,down
1125,951,20250516,17.28,17.16,down
1126,952,20250524,5.94,5.93,down
1127,953,20250513,6.32,6.31,down
1128,953,20250523,7.56,7.41,down
1129,955,20250507,4.36,4.45,up
1130,957,20250508,11.62,11.27,down
1131,957,20250513,11.56,11.38,down
1132,957,20250527,11.25,11.29,up
1133,958,20250516,7.21,7.69,up
1134,958,20250517,7.21,7.69,up
1135,958,20250527,7.29,7.13,down
1136,960,20250513,14.24,14.49,up
1137,960,20250526,14.07,13.88,down
1138,960,20250529,13.9,13.71,down
1139,962,20250510,15.48,16.49,up
1140,962,20250520,17.0,17.85,up
1141,962,20250522,17.51,18.23,up
1142,962,20250530,16.63,16.91,up
1143,963,20250507,39.0,39.03,up
1144,963,20250509,38.77,37.66,down
1145,963,20250513,39.01,39.24,up
1146,963,20250516,40.6,40.4,down
1147,963,20250528,42.53,43.36,up
1148,965,20250516,4.03,4.12,up
1149,965,20250529,3.95,3.88,down
1150,966,20250510,5.07,5.13,up
1151,966,20250513,5.04,5.0,down
1152,966,20250520,5.17,5.41,up
1153,966,20250529,4.97,5.08,up
1154,966,20250530,5.08,4.78,down
1155,967,20250507,6.21,6.81,up
1156,967,20250509,6.6,6.68,up
1157,967,20250522,6.83,6.9,up
1158,967,20250530,7.31,7.14,down
1159,968,20250508,6.41,6.56,up
1160,968,20250516,6.59,6.6,up
1161,968,20250522,6.5,6.42,down
1162,969,20250509,11.96,12.09,up
1163,969,20250527,12.99,13.14,up
1164,970,20250507,11.04,11.38,up
1165,970,20250521,11.18,11.1,down
1166,972,20250509,3.27,3.32,up
1167,972,20250514,3.3,3.35,up
1168,972,20250521,3.52,3.43,down
1169,972,20250527,3.52,3.49,down
1170,972,20250528,3.49,3.52,up
1171,972,20250530,3.56,3.53,down
1172,973,20250510,6.26,6.31,up
1173,973,20250515,6.19,6.17,down
1174,973,20250517,6.17,6.41,up
1175,973,20250521,6.68,6.48,down
1176,975,20250507,20.67,20.18,down
1177,975,20250510,20.11,19.57,down
1178,975,20250513,20.01,19.58,down
1179,975,20250516,19.63,19.7,up
1180,975,20250520,19.6,20.6,up
1181,975,20250529,19.84,19.69,down
1182,977,20250513,51.35,51.85,up
1183,977,20250522,49.5,48.67,down
1184,978,20250507,6.01,6.07,up
1185,978,20250510,6.01,6.02,up
1186,978,20250513,6.03,6.01,down
1187,978,20250514,6.01,5.99,down
1188,978,20250517,5.98,6.03,up
1189,978,20250522,5.93,5.89,down
1190,980,20250517,2.22,2.24,up
1191,980,20250520,2.28,2.24,down
1192,981,20250509,1.97,1.99,up
1193,981,20250517,2.15,2.13,down
1194,983,20250516,6.37,6.35,down
1195,983,20250528,6.09,6.12,up
1196,985,20250512,17.3,17.21,down
1197,985,20250522,17.69,17.39,down
1198,985,20250528,17.26,17.5,up
1199,987,20250506,6.47,6.5,up
1200,987,20250507,6.5,6.46,down
1201,987,20250509,6.44,6.58,up
1202,987,20250530,6.43,6.5,up
1203,988,20250506,41.76,42.18,up
1204,988,20250510,42.9,43.24,up
1205,988,20250515,42.69,42.91,up
1206,988,20250517,42.91,41.93,down
1207,989,20250501,9.27,8.64,down
1208,989,20250527,8.44,8.45,up
1209,990,20250509,7.67,7.68,up
1210,990,20250531,7.72,7.62,down
1211,993,20250510,10.93,10.63,down
1212,993,20250528,9.84,10.08,up
1213,995,20250523,13.03,13.16,up
1214,997,20250507,27.93,29.91,up
1215,997,20250513,30.57,30.35,down
1216,997,20250515,29.88,29.89,up
1217,997,20250521,29.78,30.4,up
1218,997,20250522,30.4,29.3,down
1219,998,20250506,10.27,10.46,up
1220,998,20250508,10.39,10.31,down
1221,998,20250512,10.25,10.28,up
1222,998,20250513,10.28,10.26,down
1223,998,20250517,10.2,10.21,up
1224,998,20250529,10.12,10.2,up
1225,999,20250515,41.85,41.78,down
1226,999,20250522,41.62,41.99,up
1227,999,20250529,42.8,42.95,up
1228,1201,20250506,14.57,14.55,down
1229,1201,20250508,14.72,14.62,down
1230,1201,20250521,14.79,14.54,down
1231,1202,20250510,16.23,16.32,up
1232,1202,20250514,16.88,16.6,down
1233,1202,20250522,16.14,15.88,down
1234,1202,20250527,16.04,16.02,down
1235,1202,20250530,16.05,16.46,up
1236,1203,20250507,8.4,8.47,up
1237,1203,20250508,8.47,8.49,up
1238,1203,20250509,8.49,8.54,up
1239,1203,20250510,8.49,8.54,up
1240,1203,20250516,8.58,8.6,up
1241,1203,20250520,8.55,8.55,up
1242,1203,20250530,8.89,8.84,down
1243,1205,20250507,16.67,16.81,up
1244,1205,20250521,16.76,16.35,down
1245,1205,20250527,16.14,16.11,down
1246,1205,20250529,16.26,16.28,up
1247,1206,20250507,18.56,18.63,up
1248,1206,20250514,19.01,19.35,up
1249,1206,20250522,22.41,22.24,down
1250,1206,20250523,22.24,22.1,down
1251,1207,20250516,20.94,20.76,down
1252,1207,20250529,24.62,24.0,down
1253,1209,20250513,17.65,17.6,down
1254,1209,20250516,18.02,17.78,down
1255,1210,20250507,15.31,15.8,up
1256,1210,20250524,15.3,15.42,up
1257,1210,20250528,15.36,15.62,up
1258,1210,20250530,15.46,15.67,up
1259,1211,20250522,22.16,22.04,down
1260,1211,20250529,22.25,22.15,down
1261,1212,20250506,57.05,59.46,up
1262,1212,20250508,58.36,56.86,down
1263,1212,20250515,67.25,71.99,up
1264,1212,20250516,71.99,71.81,down
1265,1212,20250520,67.92,67.86,down
1266,1212,20250523,66.72,67.4,up
1267,1212,20250528,72.05,52.3,down
1268,1213,20250523,4.04,4.06,up
1269,1215,20250521,29.41,28.26,down
1270,1216,20250506,12.85,12.9,up
1271,1216,20250508,13.17,13.62,up
1272,1216,20250530,12.91,12.94,up
1273,1217,20250510,10.88,11.0,up
1274,1217,20250514,11.35,11.15,down
1275,1218,20250528,17.68,17.83,up
1276,1218,20250530,17.57,17.86,up
1277,1219,20250509,13.75,13.59,down
1278,1219,20250517,13.67,14.05,up
1279,1222,20250508,15.14,15.39,up
1280,1222,20250515,16.47,17.13,up
1281,1222,20250521,20.69,18.62,down
1282,1222,20250527,19.39,18.44,down
1283,1222,20250529,17.99,17.81,down
1284,1223,20250507,50.72,51.64,up
1285,1223,20250508,51.64,51.14,down
1286,1223,20250513,51.92,51.7,down
1287,1223,20250516,52.78,52.1,down
1288,1223,20250520,52.45,51.21,down
1289,1225,20250506,34.12,34.36,up
1290,1225,20250513,34.74,34.2,down
1291,1225,20250516,34.04,34.44,up
1292,1226,20250506,26.71,26.93,up
1293,1226,20250516,27.17,27.32,up
1294,1226,20250520,27.59,27.28,down
1295,1226,20250521,27.28,27.07,down
1296,1227,20250506,2.29,2.31,up
1297,1227,20250520,2.37,2.4,up
1298,1228,20250527,23.35,22.97,down
1299,1229,20250520,32.17,31.55,down
1300,1230,20250508,18.64,18.69,up
1301,1230,20250516,18.61,18.75,up
1302,1230,20250529,25.55,24.95,down
1303,1231,20250513,18.83,18.62,down
1304,1231,20250514,18.62,18.85,up
1305,1231,20250526,18.88,19.35,up
1306,1234,20250520,20.89,20.79,down
1307,1234,20250523,19.86,19.83,down
1308,1236,20250508,9.13,8.93,down
1309,1236,20250515,9.64,9.6,down
1310,1236,20250528,9.11,9.37,up
1311,1236,20250529,9.37,9.29,down
1312,1238,20250528,35.07,35.22,up
1313,1239,20250507,14.81,15.18,up
1314,1239,20250513,15.25,15.11,down
1315,1239,20250516,15.17,15.34,up
1316,1255,20250508,28.37,28.09,down
1317,1255,20250516,30.95,32.0,up
1318,1255,20250520,30.31,29.66,down
1319,1255,20250523,28.9,29.99,up
1320,1255,20250530,30.13,29.48,down
1321,1256,20250508,23.87,23.39,down
1322,1256,20250512,23.13,23.05,down
1323,1256,20250515,22.68,22.92,up
1324,1256,20250516,22.92,22.48,down
1325,1256,20250521,22.73,21.95,down
1326,1256,20250523,21.78,21.8,up
1327,1258,20250507,6.89,7.05,up
1328,1258,20250516,6.95,7.03,up
1329,1258,20250520,7.18,7.11,down
1330,1258,20250521,7.11,6.93,down
1331,1259,20250513,23.5,22.94,down
1332,1259,20250516,23.49,23.64,up
1333,1259,20250520,24.57,23.89,down
1334,1260,20250514,17.76,17.77,up
1335,1260,20250515,17.77,18.05,up
1336,1260,20250522,18.01,18.01,up
1337,1260,20250523,18.01,17.97,down
1338,1260,20250528,17.88,18.2,up
1339,1266,20250508,25.09,24.82,down
1340,1266,20250516,24.86,25.0,up
1341,1266,20250522,24.68,24.69,up
1342,1266,20250529,25.86,25.11,down
1343,1266,20250530,25.11,25.08,down
1344,1267,20250510,8.37,8.42,up
1345,1267,20250514,8.28,8.2,down
1346,1267,20250520,8.62,8.72,up
1347,1267,20250523,8.41,8.4,down
1348,1267,20250527,8.28,8.24,down
1349,1267,20250530,8.26,7.95,down
1350,1268,20250515,22.59,22.77,up
1351,1268,20250516,22.77,22.68,down
1352,1268,20250520,23.0,22.71,down
1353,1269,20250513,24.79,24.48,down
1354,1269,20250521,24.03,23.87,down
1355,1269,20250529,23.77,23.28,down
1356,1270,20250507,36.19,37.33,up
1357,1270,20250514,36.35,36.34,down
1358,1278,20250514,16.5,16.33,down
1359,1279,20250510,40.46,40.77,up
1360,1279,20250520,40.54,39.97,down
1361,1282,20250513,28.25,27.82,down
1362,1282,20250514,27.82,27.9,up
1363,1282,20250517,28.25,27.7,down
1364,1282,20250522,27.14,27.24,up
1365,1283,20250510,56.18,56.36,up
1366,1283,20250521,54.59,53.0,down
1367,1286,20250506,8.95,8.98,up
1368,1286,20250509,9.14,9.11,down
1369,1286,20250510,9.14,9.11,down
1370,1286,20250513,9.13,9.1,down
1371,1287,20250507,19.49,19.6,up
1372,1287,20250515,18.96,18.89,down
1373,1287,20250516,18.89,19.02,up
1374,1287,20250521,18.84,18.61,down
1375,1287,20250529,18.43,17.94,down
1376,1288,20250508,30.37,30.4,up
1377,1288,20250520,21.15,21.22,up
1378,1288,20250527,19.5,19.62,up
1379,1288,20250529,21.05,20.59,down
1380,1288,20250530,20.59,20.39,down
1381,1289,20250510,17.13,17.03,down
1382,1289,20250516,16.65,16.98,up
1383,1289,20250528,16.48,16.48,up
1384,1296,20250512,17.48,17.39,down
1385,1296,20250528,17.45,17.61,up
1386,1298,20250509,27.42,27.87,up
1387,1298,20250513,27.79,27.78,down
1388,1298,20250517,27.94,29.35,up
1389,1298,20250521,27.96,28.7,up
1390,1298,20250528,19.77,20.18,up
1391,1298,20250530,19.2,20.05,up
1392,1299,20250513,10.8,10.75,down
1393,1300,20250508,13.0,13.21,up
1394,1300,20250509,13.21,13.33,up
1395,1300,20250515,13.35,13.37,up
1396,1300,20250521,13.65,13.56,down
1397,1301,20250508,52.9,51.8,down
1398,1301,20250514,52.2,51.98,down
1399,1301,20250523,47.3,47.1,down
1400,1306,20250508,87.0,86.2,down
1401,1306,20250521,79.31,77.7,down
1402,1308,20250509,21.33,21.92,up
1403,1308,20250521,21.81,21.62,down
1404,1308,20250528,21.53,21.85,up
1405,1309,20250514,127.38,123.57,down
1406,1309,20250517,119.67,118.49,down
1407,1309,20250520,118.32,116.54,down
1408,1311,20250509,28.15,28.5,up
1409,1311,20250530,27.1,26.89,down
1410,1313,20250506,8.36,8.51,up
1411,1313,20250507,8.51,8.7,up
1412,1313,20250513,8.65,8.66,up
1413,1313,20250520,8.37,8.28,down
1414,1314,20250507,44.79,45.6,up
1415,1314,20250513,45.15,44.96,down
1416,1314,20250514,44.96,43.97,down
1417,1314,20250523,43.5,44.4,up
1418,1316,20250508,51.99,51.22,down
1419,1316,20250521,44.28,43.56,down
1420,1316,20250529,42.32,41.58,down
1421,1317,20250506,37.91,38.9,up
1422,1317,20250512,41.92,40.61,down
1423,1317,20250520,46.94,44.6,down
1424,1318,20250509,13.23,13.12,down
1425,1318,20250515,13.04,12.94,down
1426,1319,20250509,28.14,28.55,up
1427,1319,20250520,29.03,28.32,down
1428,1322,20250507,8.89,8.59,down
1429,1322,20250514,8.58,8.64,up
1430,1322,20250515,8.64,8.59,down
1431,1322,20250529,8.55,8.46,down
1432,1323,20250507,30.18,30.3,up
1433,1323,20250508,30.3,32.08,up
1434,1323,20250516,32.06,31.99,down
1435,1323,20250517,32.06,31.99,down
1436,1323,20250530,30.35,30.43,up
1437,1324,20250523,17.97,18.22,up
1438,1326,20250507,31.69,32.43,up
1439,1326,20250508,32.43,32.64,up
1440,1326,20250514,33.71,34.39,up
1441,1326,20250515,34.39,32.64,down
1442,1326,20250517,32.64,33.2,up
1443,1326,20250522,34.45,33.86,down
1444,1328,20250506,47.3,49.23,up
1445,1328,20250513,52.7,50.5,down
1446,1328,20250520,53.95,52.4,down
1447,1328,20250522,53.83,51.56,down
1448,1330,20250509,4.41,4.48,up
1449,1330,20250516,4.43,4.51,up
1450,1330,20250521,4.64,4.51,down
1451,1331,20250513,13.24,13.22,down
1452,1331,20250521,13.52,13.32,down
1453,1331,20250528,13.58,13.59,up
1454,1332,20250509,35.19,35.54,up
1455,1332,20250513,35.25,35.27,up
1456,1332,20250528,39.39,38.95,down
1457,1333,20250515,20.99,21.26,up
1458,1335,20250513,38.21,38.27,up
1459,1335,20250530,36.34,36.86,up
1460,1336,20250506,19.82,20.05,up
1461,1336,20250508,20.38,20.36,down
1462,1336,20250509,20.36,20.26,down
1463,1336,20250520,22.32,20.66,down
1464,1337,20250508,25.4,25.12,down
1465,1337,20250510,25.12,24.34,down
1466,1337,20250517,23.71,23.93,up
1467,1337,20250522,24.25,24.8,up
1468,1338,20250509,11.51,11.44,down
1469,1338,20250512,11.44,11.51,up
1470,1339,20250507,54.85,55.11,up
1471,1339,20250513,53.14,52.79,down
1472,1339,20250514,52.79,51.79,down
1473,1339,20250516,51.41,50.07,down
1474,1339,20250517,51.41,50.07,down
1475,1339,20250520,49.78,49.19,down
1476,1339,20250528,46.71,47.43,up
1477,1339,20250529,47.43,45.78,down
1478,1339,20250530,45.78,45.76,down
1479,1356,20250513,15.97,15.95,down
1480,1358,20250506,22.78,22.57,down
1481,1358,20250528,23.39,23.3,down
1482,1359,20250508,32.24,32.5,up
1483,1359,20250509,32.5,32.8,up
1484,1360,20250515,13.34,13.43,up
1485,1360,20250521,13.49,13.33,down
1486,1366,20250510,11.69,11.61,down
1487,1366,20250516,11.66,11.61,down
1488,1366,20250523,11.38,11.54,up
1489,1367,20250513,29.96,29.83,down
1490,1367,20250526,25.8,23.94,down
1491,1367,20250528,22.15,22.55,up
1492,1367,20250530,22.08,23.13,up
1493,1368,20250509,22.07,22.43,up
1494,1373,20250515,29.15,29.2,up
1495,1373,20250520,29.7,29.07,down
1496,1373,20250521,29.07,28.65,down
1497,1376,20250516,12.52,12.57,up
1498,1376,20250522,12.25,12.05,down
1499,1376,20250527,11.95,11.9,down
1500,1376,20250528,11.9,12.02,up
1501,1378,20250507,21.56,21.9,up
1502,1378,20250508,21.9,21.82,down
1503,1378,20250510,21.82,21.93,up
1504,1378,20250522,21.86,21.85,down
1505,1379,20250507,19.86,20.41,up
1506,1379,20250508,20.41,20.11,down
1507,1379,20250509,20.11,20.88,up
1508,1379,20250513,20.68,20.36,down
1509,1379,20250520,20.5,20.27,down
1510,1379,20250523,20.04,20.44,up
1511,1379,20250527,20.23,20.1,down
1512,1380,20250506,35.02,34.25,down
1513,1380,20250507,34.25,35.94,up
1514,1380,20250508,35.94,33.72,down
1515,1380,20250514,33.58,33.41,down
1516,1380,20250520,21.87,21.68,down
1517,1380,20250521,21.68,21.22,down
1518,1380,20250530,20.38,20.28,down
1519,1382,20250509,22.0,22.72,up
1520,1382,20250513,22.6,22.54,down
1521,1382,20250514,22.54,22.71,up
1522,1382,20250519,21.99,22.28,up
1523,1387,20250509,13.13,13.12,down
1524,1387,20250517,13.1,13.26,up
1525,1389,20250516,48.82,49.05,up
1526,1389,20250517,48.82,49.05,up
1527,1389,20250520,49.68,49.01,down
1528,1389,20250523,47.75,49.23,up
1529,1390,20250529,32.0,27.02,down
1530,1391,20250530,7.09,7.06,down
1531,1395,20250513,49.72,49.75,up
1532,1395,20250520,47.86,46.62,down
1533,1400,20250506,55.66,55.6,down
1534,1400,20250507,55.6,56.02,up
1535,1872,20250508,19.27,19.3,up
1536,1872,20250515,19.98,19.97,down
1537,1872,20250520,20.67,20.78,up
1538,1872,20250522,20.9,20.58,down
1539,1872,20250524,20.58,20.48,down
1540,1872,20250527,20.55,20.53,down
1541,1872,20250529,20.52,20.66,up
1542,1896,20250507,4.56,4.68,up
1543,1896,20250516,4.92,4.91,down
1544,1896,20250527,4.76,4.7,down
1545,1914,20250508,11.83,11.7,down
1546,1914,20250509,11.7,11.64,down
1547,1914,20250516,11.45,11.45,up
1548,1914,20250527,11.63,11.8,up
1549,1965,20250507,12.8,12.93,up
1550,1965,20250527,12.15,12.29,up
1551,1979,20250506,9.16,9.26,up
1552,1979,20250507,9.26,9.19,down
1553,1979,20250509,9.01,9.04,up
1554,1979,20250510,9.01,9.04,up
1555,1979,20250513,9.05,9.07,up
1556,1979,20250516,8.91,8.98,up
1557,1979,20250520,8.99,8.89,down
1558,1979,20250521,8.89,8.77,down
1559,1979,20250530,8.68,8.59,down
1560,2001,20250507,22.1,22.23,up
1561,2001,20250509,22.09,22.04,down
1562,2001,20250514,22.68,22.76,up
1563,2001,20250520,22.71,22.5,down
1564,2003,20250510,11.53,11.78,up
1565,2003,20250514,11.65,11.61,down
1566,2004,20250515,4.11,4.1,down
1567,2005,20250506,1.75,1.76,up
1568,2005,20250510,1.75,1.75,up
1569,2005,20250524,1.75,1.77,up
1570,2005,20250528,1.79,1.8,up
1571,2005,20250530,1.83,1.8,down
1572,2006,20250506,18.38,18.67,up
1573,2006,20250515,18.02,17.91,down
1574,2007,20250515,16.18,16.25,up
1575,2007,20250521,16.32,16.09,down
1576,2008,20250507,23.9,24.35,up
1577,2008,20250513,24.67,24.55,down
1578,2008,20250515,24.21,24.89,up
1579,2008,20250516,24.89,24.21,down
1580,2008,20250517,24.89,24.21,down
1581,2008,20250520,24.16,23.82,down
1582,2008,20250522,23.57,23.26,down
1583,2008,20250527,23.08,23.08,up
1584,2009,20250510,15.27,16.33,up
1585,2009,20250516,16.02,15.84,down
1586,2009,20250517,16.02,15.84,down
1587,2009,20250529,15.13,14.71,down
1588,2010,20250508,5.36,5.32,down
1589,2010,20250521,5.3,5.27,down
1590,2010,20250528,5.39,5.46,up
1591,2011,20250506,11.52,11.54,up
1592,2011,20250508,11.89,11.89,up
1593,2011,20250530,11.27,11.28,up
1594,2012,20250509,4.8,4.82,up
1595,2012,20250516,4.79,4.93,up
1596,2015,20250514,7.33,7.21,down
1597,2015,20250521,7.27,7.15,down
1598,2016,20250508,5.75,5.63,down
1599,2016,20250510,5.63,5.62,down
1600,2016,20250516,5.58,5.69,up
1601,2017,20250506,10.1,10.1,up
1602,2017,20250515,9.94,9.93,down
1603,2019,20250521,12.76,12.47,down
1604,2019,20250522,12.47,12.4,down
1605,2019,20250528,12.21,13.25,up
1606,2020,20250508,13.58,13.51,down
1607,2020,20250522,13.33,13.44,up
1608,2021,20250506,2.27,2.28,up
1609,2021,20250529,2.35,2.27,down
1610,2022,20250520,6.05,6.04,down
1611,2023,20250508,10.04,9.88,down
1612,2023,20250517,9.73,9.83,up
1613,2025,20250517,49.54,49.82,up
1614,2025,20250527,48.98,48.08,down
1615,2026,20250513,11.18,11.06,down
1616,2026,20250516,11.24,11.56,up
1617,2026,20250521,11.76,11.85,up
1618,2026,20250527,12.32,12.07,down
1619,2026,20250529,11.99,11.92,down
1620,2027,20250522,7.37,7.48,up
1621,2027,20250528,7.62,7.56,down
1622,2028,20250517,73.95,74.32,up
1623,2028,20250524,77.01,75.2,down
1624,2029,20250506,6.39,6.39,up
1625,2029,20250507,6.39,6.39,up
1626,2029,20250529,6.66,6.57,down
1627,2030,20250506,5.81,5.81,up
1628,2030,20250510,5.82,5.82,up
1629,2030,20250516,6.11,6.1,down
1630,2030,20250527,6.03,5.92,down
1631,2030,20250528,5.92,6.07,up
1632,2030,20250530,6.08,6.17,up
1633,2031,20250529,8.46,8.21,down
1634,2032,20250519,57.3,58.54,up
1635,2032,20250530,54.31,54.08,down
1636,2033,20250513,8.9,8.86,down
1637,2033,20250516,8.93,9.01,up
1638,2034,20250507,17.69,17.76,up
1639,2034,20250509,17.55,17.88,up
1640,2034,20250514,17.72,17.88,up
1641,2034,20250530,17.41,17.6,up
1642,2035,20250521,6.65,6.56,down
1643,2035,20250522,6.56,6.53,down
1644,2036,20250510,10.67,10.78,up
1645,2036,20250517,10.66,10.7,up
1646,2036,20250527,10.26,10.27,up
1647,2038,20250523,6.78,6.67,down
1648,2039,20250510,16.11,15.99,down
1649,2040,20250510,6.97,6.98,up
1650,2040,20250515,9.3,10.23,up
1651,2040,20250519,11.25,11.98,up
1652,2040,20250521,13.18,14.13,up
1653,2040,20250522,14.13,12.72,down
1654,2040,20250523,12.72,11.45,down
1655,2040,20250527,11.76,10.9,down
1656,2041,20250510,10.34,10.17,down
1657,2041,20250513,10.19,10.19,up
1658,2041,20250514,10.19,10.2,up
1659,2041,20250520,10.25,10.17,down
1660,2041,20250521,10.17,9.99,down
1661,2042,20250517,5.16,5.16,up
1662,2043,20250508,10.49,10.58,up
1663,2043,20250513,10.3,10.31,up
1664,2043,20250514,10.31,10.29,down
1665,2043,20250517,10.23,10.29,up
1666,2043,20250521,10.37,10.42,up
1667,2044,20250506,5.45,5.38,down
1668,2044,20250510,5.34,5.36,up
1669,2044,20250515,5.41,5.43,up
1670,2044,20250520,5.31,5.28,down
1671,2045,20250509,15.07,15.46,up
1672,2045,20250514,15.13,14.77,down
1673,2045,20250520,14.92,14.7,down
1674,2045,20250527,15.94,15.74,down
1675,2045,20250528,15.74,16.0,up
1676,2046,20250507,16.17,16.36,up
1677,2046,20250513,16.14,16.04,down
1678,2046,20250523,15.71,15.75,up
1679,2046,20250528,15.62,15.7,up
1680,2047,20250506,1.73,1.68,down
1681,2047,20250510,1.81,1.9,up
1682,2047,20250516,1.85,1.91,up
1683,2047,20250527,1.98,1.96,down
1684,2048,20250507,16.97,17.05,up
1685,2048,20250509,16.98,17.13,up
1686,2049,20250507,65.82,66.18,up
1687,2049,20250514,66.15,64.31,down
1688,2049,20250529,64.0,63.97,down
1689,2050,20250507,26.94,27.05,up
1690,2050,20250510,26.59,27.9,up
1691,2050,20250515,26.71,27.0,up
1692,2050,20250524,27.09,26.54,down
1693,2051,20250510,8.15,8.28,up
1694,2051,20250516,8.28,8.26,down
1695,2051,20250517,8.28,8.26,down
1696,2052,20250512,9.6,9.49,down
1697,2052,20250514,9.02,9.47,up
1698,2052,20250516,9.1,9.56,up
1699,2052,20250520,10.04,10.28,up
1700,2052,20250530,9.14,9.6,up
1701,2053,20250506,11.01,11.11,up
1702,2053,20250514,11.29,11.26,down
1703,2053,20250515,11.26,11.13,down
1704,2053,20250521,11.46,11.38,down
1705,2053,20250522,11.38,11.22,down
1706,2053,20250523,11.22,11.37,up
1707,2053,20250528,11.51,11.14,down
1708,2053,20250529,11.14,11.31,up
1709,2053,20250530,11.31,11.31,up
1710,2055,20250506,5.88,5.88,up
1711,2055,20250520,5.94,5.88,down
1712,2055,20250521,5.88,5.81,down
1713,2055,20250523,5.65,5.81,up
1714,2055,20250528,5.75,6.33,up
1715,2056,20250506,13.51,13.55,up
1716,2056,20250523,13.55,13.55,up
1717,2057,20250513,8.11,8.17,up
1718,2057,20250516,8.1,8.15,up
1719,2057,20250517,8.1,8.15,up
1720,2057,20250520,8.17,8.17,up
1721,2057,20250522,8.02,8.03,up
1722,2058,20250510,10.05,10.38,up
1723,2058,20250513,10.05,10.16,up
1724,2058,20250515,10.23,9.98,down
1725,2058,20250528,11.56,11.29,down
1726,2059,20250508,5.16,5.12,down
1727,2059,20250513,5.13,5.11,down
1728,2060,20250521,3.6,3.53,down
1729,2060,20250523,3.48,3.48,up
1730,2061,20250507,3.88,3.87,down
1731,2061,20250520,3.93,3.98,up
1732,2061,20250529,4.05,4.1,up
1733,2062,20250516,4.8,5.16,up
1734,2062,20250529,4.73,4.65,down
1735,2063,20250515,5.76,5.74,down
1736,2063,20250516,5.74,5.8,up
1737,2064,20250510,6.76,6.9,up
1738,2064,20250514,7.28,7.12,down
1739,2064,20250519,6.97,6.99,up
1740,2064,20250523,7.03,6.9,down
1741,2065,20250509,10.36,10.44,up
1742,2065,20250513,10.26,10.34,up
1743,2066,20250506,10.87,10.96,up
1744,2066,20250514,10.96,10.92,down
1745,2066,20250520,11.61,11.61,up
1746,2066,20250530,11.9,11.78,down
1747,2067,20250506,3.6,3.61,up
1748,2067,20250508,3.68,3.6,down
1749,2067,20250523,3.65,3.65,up
1750,2067,20250528,3.56,3.6,up
1751,2068,20250510,11.56,11.6,up
1752,2068,20250520,11.68,12.16,up
1753,2069,20250517,3.91,4.04,up
1754,2069,20250523,4.05,3.98,down
1755,2072,20250519,4.77,4.92,up
1756,2072,20250521,4.85,4.8,down
1757,2072,20250528,4.77,4.85,up
1758,2073,20250508,8.22,8.13,down
1759,2073,20250520,8.23,8.16,down
1760,2073,20250521,8.16,8.04,down
1761,2073,20250528,7.82,7.96,up
1762,2074,20250521,26.65,25.9,down
1763,2074,20250529,24.79,24.49,down
1764,2075,20250506,6.06,6.06,up
1765,2075,20250507,6.06,6.12,up
1766,2076,20250507,1.67,1.66,down
1767,2076,20250508,1.66,1.74,up
1768,2076,20250516,1.95,1.92,down
1769,2076,20250520,1.97,1.99,up
1770,2076,20250527,1.98,1.93,down
1771,2077,20250508,14.33,14.08,down
1772,2077,20250516,13.81,13.98,up
1773,2077,20250520,14.27,14.09,down
1774,2078,20250513,14.27,14.09,down
1775,2078,20250517,14.04,14.09,up
1776,2079,20250514,9.65,9.49,down
1777,2079,20250516,9.53,9.72,up
1778,2079,20250528,9.46,9.7,up
1779,2079,20250530,9.49,9.45,down
1780,2080,20250523,16.22,16.63,up
1781,2081,20250508,3.54,3.55,up
1782,2081,20250522,3.56,3.51,down
1783,2081,20250529,3.57,3.57,up
1784,2082,20250506,5.71,5.77,up
1785,2082,20250508,5.83,5.78,down
1786,2082,20250521,5.87,5.72,down
1787,2083,20250510,4.74,4.78,up
1788,2083,20250513,4.83,4.84,up
1789,2083,20250514,4.84,4.86,up
1790,2083,20250520,4.7,4.72,up
1791,2084,20250507,3.38,3.44,up
1792,2084,20250522,3.46,3.38,down
1793,2085,20250508,17.51,17.12,down
1794,2085,20250521,16.48,16.22,down
1795,2086,20250510,2.64,2.6,down
1796,2086,20250512,2.6,2.86,up
1797,2086,20250514,2.8,2.87,up
1798,2086,20250528,2.74,2.76,up
1799,2088,20250508,11.84,11.75,down
1800,2088,20250514,11.87,11.77,down
1801,2088,20250520,11.84,11.88,up
1802,2090,20250507,9.12,9.25,up
1803,2090,20250508,9.25,9.24,down
1804,2090,20250509,9.24,9.27,up
1805,2091,20250513,7.5,7.5,up
1806,2091,20250516,7.44,7.48,up
1807,2091,20250520,7.47,7.51,up
1808,2091,20250530,7.38,7.38,up
1809,2092,20250510,4.9,4.92,up
1810,2092,20250514,5.03,5.07,up
1811,2092,20250517,5.09,4.95,down
1812,2093,20250531,10.65,10.98,up
1813,2094,20250507,7.59,7.67,up
1814,2094,20250515,8.48,8.64,up
1815,2094,20250521,8.18,8.72,up
1816,2095,20250514,22.19,20.97,down
1817,2095,20250520,20.03,19.44,down
1818,2095,20250529,20.2,19.51,down
1819,2097,20250521,7.36,7.23,down
1820,2097,20250529,7.45,7.76,up
1821,2098,20250521,9.19,9.18,down
1822,2098,20250529,9.28,9.09,down
1823,2099,20250508,5.05,5.17,up
1824,2099,20250520,5.28,5.29,up
1825,2099,20250522,5.82,6.4,up
1826,2099,20250526,6.37,6.67,up
1827,2100,20250510,6.37,6.35,down
1828,2100,20250521,6.4,6.33,down
1829,2100,20250528,6.28,6.3,up
1830,2101,20250508,13.26,12.68,down
1831,2101,20250527,12.56,12.34,down
1832,2102,20250507,2.91,2.89,down
1833,2102,20250517,2.91,2.99,up
1834,2102,20250520,3.08,3.16,up
1835,2102,20250521,3.16,3.1,down
1836,2103,20250507,9.4,9.6,up
1837,2103,20250510,9.36,9.36,up
1838,2103,20250515,9.39,9.1,down
1839,2103,20250529,11.57,11.4,down
1840,2104,20250507,8.08,8.39,up
1841,2104,20250517,7.52,7.57,up
1842,2104,20250529,8.1,8.91,up
1843,2104,20250530,8.91,9.8,up
1844,2105,20250513,7.7,7.83,up
1845,2105,20250520,10.15,9.14,down
1846,2105,20250521,9.14,9.07,down
1847,2107,20250514,5.21,5.25,up
1848,2107,20250520,5.59,5.49,down
1849,2108,20250520,3.78,3.8,up
1850,2109,20250513,3.35,3.4,up
1851,2110,20250523,3.7,3.73,up
1852,2111,20250506,9.61,9.88,up
1853,2111,20250507,9.88,10.25,up
1854,2111,20250514,10.18,10.03,down
1855,2111,20250516,10.0,10.22,up
1856,2112,20250514,13.71,13.32,down
1857,2112,20250520,13.52,13.23,down
1858,2114,20250513,6.4,6.39,down
1859,2114,20250524,6.57,6.83,up
1860,2114,20250528,7.19,6.8,down
1861,2114,20250530,7.19,6.8,down
1862,2115,20250508,7.85,7.82,down
1863,2115,20250521,7.78,7.69,down
1864,2116,20250508,10.0,9.85,down
1865,2116,20250516,9.84,10.28,up
1866,2117,20250508,12.08,11.79,down
1867,2117,20250514,11.63,11.3,down
1868,2119,20250508,15.91,15.63,down
1869,2120,20250507,6.84,6.84,up
1870,2120,20250509,6.78,6.85,up
1871,2120,20250513,6.82,6.92,up
1872,2120,20250515,6.82,6.79,down
1873,2120,20250517,6.79,6.79,up
1874,2120,20250520,6.8,6.77,down
1875,2120,20250528,6.89,6.94,up
1876,2120,20250529,6.94,6.97,up
1877,2120,20250530,6.97,6.95,down
1878,2121,20250513,4.71,4.69,down
1879,2122,20250506,3.63,3.99,up
1880,2122,20250507,3.99,4.01,up
1881,2122,20250509,3.84,3.95,up
1882,2122,20250510,3.84,3.95,up
1883,2122,20250514,4.28,4.07,down
1884,2122,20250517,4.11,4.12,up
1885,2122,20250528,4.06,4.19,up
1886,2123,20250507,14.29,14.95,up
1887,2123,20250510,14.36,14.4,up
1888,2123,20250515,14.39,14.39,up
1889,2123,20250516,14.39,14.45,up
1890,2123,20250529,15.14,14.38,down
1891,2124,20250507,3.26,3.59,up
1892,2124,20250509,3.29,3.2,down
1893,2124,20250516,3.12,3.13,up
1894,2125,20250508,10.1,10.05,down
1895,2125,20250510,10.05,10.25,up
1896,2125,20250514,10.22,10.07,down
1897,2125,20250521,10.17,9.97,down
1898,2126,20250507,26.15,26.76,up
1899,2126,20250509,25.51,26.79,up
1900,2126,20250510,25.51,26.79,up
1901,2126,20250514,26.43,25.46,down
1902,2126,20250522,26.8,26.23,down
1903,2126,20250527,25.24,25.1,down
1904,2126,20250529,25.61,24.9,down
1905,2126,20250530,24.9,24.72,down
1906,2127,20250507,4.45,4.52,up
1907,2127,20250522,4.77,4.61,down
1908,2128,20250506,17.85,18.65,up
1909,2128,20250512,17.85,18.65,up
1910,2128,20250514,17.85,18.65,up
1911,2128,20250519,18.65,18.14,down
1912,2128,20250521,18.73,18.98,up
1913,2129,20250517,7.9,7.9,up
1914,2130,20250513,20.97,21.14,up
1915,2130,20250515,20.03,20.07,up
1916,2130,20250520,19.89,19.95,up
1917,2130,20250528,19.62,20.24,up
1918,2132,20250506,3.3,3.27,down
1919,2132,20250529,3.29,3.31,up
1920,2133,20250507,2.78,2.9,up
1921,2133,20250509,2.84,2.82,down
1922,2133,20250521,2.89,2.82,down
1923,2134,20250506,18.23,18.6,up
1924,2134,20250514,18.43,18.36,down
1925,2134,20250520,20.49,19.8,down
1926,2135,20250514,4.29,4.23,down
1927,2135,20250515,4.23,4.3,up
1928,2135,20250517,4.3,4.35,up
1929,2135,20250521,4.35,4.25,down
1930,2135,20250529,4.33,4.28,down
1931,2136,20250520,11.2,12.32,up
1932,2137,20250516,7.72,7.81,up
1933,2138,20250516,27.17,26.88,down
1934,2138,20250521,26.9,26.97,up
1935,2138,20250528,27.16,28.08,up
1936,2139,20250508,14.61,14.4,down
1937,2141,20250507,2.37,2.49,up
1938,2141,20250509,2.61,2.74,up
1939,2141,20250513,2.88,3.02,up
1940,2141,20250516,3.01,3.09,up
1941,2141,20250520,3.24,3.4,up
1942,2141,20250527,3.16,3.23,up
1943,2141,20250530,3.14,3.2,up
1944,2142,20250513,25.48,26.32,up
1945,2142,20250520,26.37,27.15,up
1946,2144,20250522,11.53,11.47,down
1947,2144,20250529,11.6,11.41,down
1948,2145,20250507,4.24,4.22,down
1949,2145,20250510,4.25,4.33,up
1950,2145,20250516,4.26,4.33,up
1951,2145,20250523,4.29,4.39,up
1952,2146,20250509,1.41,1.44,up
1953,2146,20250513,1.44,1.45,up
1954,2146,20250515,1.42,1.41,down
1955,2146,20250517,1.41,1.52,up
1956,2146,20250520,1.5,1.48,down
1957,2146,20250524,1.4,1.41,up
1958,2146,20250527,1.41,1.4,down
1959,2148,20250527,6.45,6.7,up
1960,2149,20250513,19.65,19.48,down
1961,2149,20250514,19.48,19.5,up
1962,2149,20250523,18.94,19.15,up
1963,2150,20250508,11.45,11.31,down
1964,2150,20250513,11.52,11.33,down
1965,2150,20250521,11.16,10.97,down
1966,2150,20250522,10.97,10.85,down
1967,2151,20250510,26.95,27.58,up
1968,2151,20250514,26.77,26.27,down
1969,2151,20250516,26.28,26.99,up
1970,2151,20250520,26.86,27.25,up
1971,2152,20250515,12.02,11.99,down
1972,2152,20250527,11.6,11.58,down
1973,2152,20250528,11.58,12.37,up
1974,2152,20250530,12.14,12.28,up
1975,2153,20250521,7.78,7.89,up
1976,2153,20250524,7.67,7.83,up
1977,2154,20250508,3.94,3.92,down
1978,2154,20250517,3.88,3.9,up
1979,2154,20250521,3.87,3.82,down
1980,2155,20250508,23.38,23.24,down
1981,2155,20250520,22.47,23.07,up
1982,2156,20250514,25.94,25.2,down
1983,2156,20250519,24.32,24.51,up
1984,2157,20250509,2.79,2.77,down
1985,2157,20250517,2.84,2.87,up
1986,2158,20250530,17.78,17.77,down
1987,2159,20250508,14.97,14.85,down
1988,2159,20250520,14.91,14.82,down
1989,2160,20250514,3.83,3.83,up
1990,2160,20250515,3.83,3.85,up
1991,2160,20250522,3.9,3.86,down
1992,2160,20250527,3.89,3.86,down
1993,2160,20250528,3.86,3.9,up
1994,2161,20250515,5.29,5.37,up
1995,2161,20250521,5.77,5.81,up
1996,2161,20250529,6.53,6.73,up
1997,2162,20250507,4.18,4.19,up
1998,2162,20250514,4.23,4.15,down
1999,2162,20250527,4.14,4.07,down
2000,2162,20250530,4.52,4.78,up
2001,2163,20250508,9.0,9.03,up
2002,2163,20250509,9.03,8.8,down
2003,2163,20250513,8.61,8.62,up
2004,2163,20250517,8.68,8.6,down
2005,2164,20250506,9.4,9.71,up
2006,2165,20250513,11.61,12.28,up
2007,2165,20250520,11.63,12.79,up
2008,2165,20250529,10.59,9.75,down
2009,2166,20250522,7.43,7.55,up
2010,2167,20250507,9.17,9.19,up
2011,2167,20250508,9.19,9.03,down
2012,2167,20250527,9.56,9.37,down
2013,2168,20250508,2.52,2.65,up
2014,2168,20250509,2.65,2.7,up
2015,2168,20250515,2.89,3.03,up
2016,2168,20250519,3.05,3.06,up
2017,2168,20250521,2.96,2.88,down
2018,2168,20250522,2.88,3.02,up
2019,2169,20250515,6.2,6.24,up
2020,2169,20250527,6.43,6.24,down
2021,2170,20250509,10.31,10.64,up
2022,2170,20250513,10.71,10.49,down
2023,2170,20250529,9.86,9.75,down
2024,2171,20250513,8.68,8.68,up
2025,2171,20250515,8.52,8.43,down
2026,2171,20250521,8.52,8.51,down
2027,2171,20250528,8.57,8.78,up
2028,2171,20250529,8.78,8.62,down
2029,2172,20250508,3.66,3.6,down
2030,2172,20250515,3.63,3.71,up
2031,2173,20250507,10.11,10.02,down
2032,2173,20250509,9.69,9.94,up
2033,2173,20250515,10.08,9.99,down
2034,2173,20250527,10.27,10.37,up
2035,2174,20250507,9.35,9.53,up
2036,2174,20250510,9.33,9.34,up
2037,2174,20250523,11.74,12.91,up
2038,2175,20250522,4.49,4.43,down
2039,2175,20250529,4.5,4.4,down
2040,2175,20250530,4.4,4.38,down
2041,2176,20250506,7.14,7.14,up
2042,2176,20250510,7.19,7.29,up
2043,2176,20250514,7.24,7.11,down
2044,2176,20250521,7.21,7.09,down
2045,2177,20250506,4.64,4.67,up
2046,2177,20250517,4.58,4.72,up
2047,2178,20250508,6.19,6.11,down
2048,2178,20250516,6.07,6.22,up
2049,2178,20250521,6.18,6.16,down
2050,2178,20250522,6.16,6.02,down
2051,2179,20250506,40.6,41.94,up
2052,2179,20250519,40.09,40.18,up
2053,2180,20250507,22.17,22.35,up
2054,2180,20250509,22.28,22.93,up
2055,2180,20250516,21.64,21.35,down
2056,2180,20250520,22.18,22.42,up
2057,2180,20250528,21.8,22.1,up
2058,2182,20250523,11.55,11.59,up
2059,2182,20250529,11.62,11.4,down
2060,2183,20250509,4.82,4.87,up
2061,2183,20250513,4.83,5.12,up
2062,2183,20250515,4.94,4.86,down
2063,2184,20250510,12.22,12.39,up
2064,2184,20250529,12.18,11.78,down
2065,2185,20250507,9.51,9.57,up
2066,2185,20250519,9.14,9.22,up
2067,2186,20250521,10.74,10.53,down
2068,2187,20250507,7.03,7.57,up
2069,2187,20250517,6.95,7.1,up
2070,2187,20250530,6.77,6.78,up
2071,2189,20250516,19.16,20.0,up
2072,2190,20250512,24.51,26.96,up
2073,2190,20250515,32.63,35.89,up
2074,2190,20250519,39.48,42.5,up
2075,2191,20250509,3.73,3.73,up
2076,2191,20250516,3.65,3.71,up
2077,2191,20250522,3.7,3.69,down
2078,2191,20250530,3.78,3.83,up
2079,2192,20250508,28.4,28.3,down
2080,2192,20250516,28.46,28.53,up
2081,2193,20250513,5.56,5.66,up
2082,2193,20250516,5.62,5.76,up
2083,2193,20250522,5.69,5.55,down
2084,2194,20250508,13.15,14.47,up
2085,2196,20250508,10.71,10.32,down
2086,2196,20250515,10.0,10.26,up
2087,2196,20250530,8.97,9.01,up
2088,2197,20250507,5.28,5.54,up
2089,2197,20250510,5.41,5.4,down
2090,2197,20250514,5.3,5.31,up
2091,2197,20250523,5.58,5.53,down
2092,2197,20250527,5.57,5.4,down
2093,2197,20250530,5.78,6.06,up
2094,2198,20250506,6.88,6.98,up
2095,2198,20250507,6.98,7.02,up
2096,2198,20250512,6.93,6.93,up
2097,2198,20250517,6.96,7.04,up
2098,2198,20250520,6.93,6.84,down
2099,2198,20250529,6.2,6.17,down
2100,2199,20250510,5.46,5.59,up
2101,2199,20250528,6.26,6.57,up
2102,2199,20250530,6.26,6.57,up
2103,2200,20250507,8.6,9.03,up
2104,2200,20250510,8.58,9.01,up
2105,2200,20250513,8.56,8.25,down
2106,2200,20250521,8.45,8.65,up
2107,2201,20250516,6.43,6.47,up
2108,2202,20250509,9.16,9.29,up
2109,2202,20250516,9.15,9.19,up
2110,2202,20250517,9.15,9.19,up
2111,2202,20250521,9.37,9.22,down
2112,2203,20250508,9.91,10.15,up
2113,2203,20250521,10.1,10.19,up
2114,2204,20250507,6.4,6.37,down
2115,2204,20250510,6.19,6.43,up
2116,2204,20250513,6.31,6.29,down
2117,2204,20250521,6.11,6.05,down
2118,2204,20250530,6.03,6.01,down
2119,2205,20250506,9.35,9.68,up
2120,2205,20250510,9.63,9.71,up
2121,2205,20250516,9.75,9.97,up
2122,2205,20250521,10.04,9.82,down
2123,2206,20250507,5.03,5.03,up
2124,2206,20250513,5.09,5.13,up
2125,2206,20250516,5.14,5.19,up
2126,2206,20250529,5.22,5.14,down
2127,2206,20250530,5.14,5.11,down
2128,2207,20250508,5.83,5.82,down
2129,2207,20250516,5.75,5.95,up
2130,2208,20250508,6.69,6.59,down
2131,2208,20250530,6.43,6.47,up
2132,2209,20250509,12.27,12.43,up
2133,2209,20250516,12.11,12.18,up
2134,2209,20250529,12.05,11.68,down
2135,2210,20250513,2.49,2.56,up
2136,2210,20250516,2.55,2.65,up
2137,2210,20250523,2.48,2.5,up
2138,2211,20250516,2.71,2.77,up
2139,2211,20250519,2.77,2.81,up
2140,2212,20250509,7.46,7.53,up
2141,2212,20250510,7.46,7.53,up
2142,2212,20250516,7.22,7.23,up
2143,2212,20250521,7.19,7.12,down
2144,2212,20250527,6.99,6.9,down
2145,2213,20250506,14.69,14.55,down
2146,2213,20250516,14.14,14.32,up
2147,2213,20250520,14.7,14.44,down
2148,2214,20250508,8.43,8.85,up
2149,2214,20250515,9.49,9.34,down
2150,2214,20250524,9.3,9.24,down
2151,2215,20250517,9.28,9.51,up
2152,2215,20250521,10.68,10.33,down
2153,2215,20250526,11.21,12.33,up
2154,2215,20250528,12.0,11.69,down
2155,2215,20250529,11.69,11.05,down
2156,2216,20250514,11.53,11.54,up
2157,2217,20250510,2.04,2.07,up
2158,2217,20250523,2.14,2.13,down
2159,2218,20250509,3.14,3.22,up
2160,2218,20250530,3.12,3.13,up
2161,2219,20250520,2.38,2.37,down
2162,2219,20250529,2.38,2.33,down
2163,2221,20250508,8.26,8.12,down
2164,2222,20250508,35.04,34.48,down
2165,2222,20250521,33.37,33.1,down
2166,2223,20250506,34.98,34.96,down
2167,2223,20250516,35.75,36.67,up
2168,2223,20250517,35.75,36.67,up
2169,2223,20250521,37.28,36.7,down
2170,2224,20250528,4.52,4.97,up
2171,2225,20250515,5.41,5.39,down
2172,2225,20250520,5.35,5.28,down
2173,2226,20250509,5.43,5.58,up
2174,2226,20250510,5.43,5.58,up
2175,2227,20250516,12.14,12.15,up
2176,2227,20250523,11.67,12.1,up
2177,2228,20250507,3.27,3.29,up
2178,2228,20250517,3.31,3.37,up
2179,2228,20250520,3.39,3.37,down
2180,2228,20250522,3.36,3.32,down
2181,2229,20250506,17.2,18.21,up
2182,2229,20250510,16.15,16.06,down
2183,2229,20250515,15.57,16.23,up
2184,2229,20250520,15.8,15.16,down
2185,2229,20250527,16.64,17.43,up
2186,2230,20250513,47.67,47.76,up
2187,2230,20250515,47.0,46.82,down
2188,2231,20250507,2.96,2.94,down
2189,2231,20250523,3.37,3.34,down
2190,2231,20250527,3.36,3.48,up
2191,2231,20250529,3.45,3.28,down
2192,2232,20250517,17.25,17.53,up
2193,2232,20250522,17.65,17.06,down
2194,2232,20250529,19.11,18.53,down
2195,2234,20250510,8.38,8.39,up
2196,2234,20250513,8.38,8.34,down
2197,2234,20250514,8.34,8.36,up
2198,2235,20250520,5.41,5.35,down
2199,2236,20250507,15.98,16.04,up
2200,2236,20250510,15.8,15.99,up
2201,2236,20250522,15.58,15.34,down
2202,2237,20250514,10.91,10.75,down
2203,2237,20250529,10.84,10.88,up
2204,2238,20250514,8.2,8.08,down
2205,2238,20250530,8.56,8.47,down
2206,2241,20250507,21.72,22.27,up
2207,2241,20250509,21.93,23.16,up
2208,2241,20250514,22.69,22.04,down
2209,2241,20250515,22.04,22.0,down
2210,2241,20250523,21.19,21.25,up
2211,2241,20250528,20.96,21.56,up
2212,2242,20250508,9.66,9.65,down
2213,2242,20250509,9.65,9.69,up
2214,2242,20250513,9.87,9.77,down
2215,2243,20250521,8.38,8.23,down
2216,2243,20250523,7.86,8.01,up
2217,2244,20250508,10.01,9.7,down
2218,2244,20250520,9.43,9.36,down
2219,2244,20250530,9.37,9.07,down
2220,2245,20250509,13.11,13.44,up
2221,2245,20250513,13.31,13.33,up
2222,2245,20250530,12.08,12.05,down
2223,2246,20250506,10.91,11.67,up
2224,2246,20250507,11.67,11.42,down
2225,2246,20250509,11.38,11.54,up
2226,2246,20250515,11.6,11.48,down
2227,2246,20250516,11.48,11.68,up
2228,2247,20250522,2.63,2.57,down
2229,2248,20250513,8.55,8.58,up
2230,2249,20250507,7.01,7.04,up
2231,2249,20250521,6.87,6.75,down
2232,2250,20250520,6.46,6.43,down
2233,2250,20250523,6.62,6.55,down
2234,2250,20250530,9.2,10.12,up
2235,2251,20250508,5.94,5.63,down
2236,2251,20250513,5.45,5.5,up
2237,2252,20250508,6.81,6.75,down
2238,2252,20250513,6.81,6.8,down
2239,2252,20250521,6.8,6.85,up
2240,2252,20250522,6.85,6.8,down
2241,2253,20250507,8.04,8.34,up
2242,2253,20250520,9.14,9.6,up
2243,2253,20250522,9.41,9.11,down
2244,2254,20250507,10.51,10.53,up
2245,2254,20250508,10.53,10.35,down
2246,2254,20250513,10.52,10.5,down
2247,2254,20250514,10.5,10.41,down
2248,2254,20250515,10.41,10.3,down
2249,2254,20250523,9.99,10.09,up
2250,2256,20250507,2.25,2.28,up
2251,2256,20250510,2.24,2.25,up
2252,2258,20250513,10.38,10.39,up
2253,2258,20250520,10.71,10.61,down
2254,2259,20250512,4.02,4.22,up
2255,2259,20250519,3.82,3.68,down
2256,2259,20250526,4.07,4.48,up
2257,2259,20250530,4.01,4.13,up
2258,2261,20250506,35.18,34.1,down
2259,2261,20250510,33.35,33.73,up
2260,2261,20250515,32.61,32.88,up
2261,2261,20250521,31.4,31.03,down
2262,2262,20250507,22.4,22.48,up
2263,2262,20250509,22.41,22.15,down
2264,2262,20250528,23.03,23.42,up
2265,2264,20250507,6.53,6.53,up
2266,2264,20250513,6.58,7.04,up
2267,2264,20250515,7.02,6.74,down
2268,2264,20250529,6.91,6.83,down
2269,2265,20250510,23.13,24.35,up
2270,2265,20250517,22.25,22.7,up
2271,2266,20250516,3.28,3.3,up
2272,2266,20250520,3.33,3.34,up
2273,2267,20250516,9.16,9.18,up
2274,2267,20250524,9.12,8.22,down
2275,2267,20250527,7.94,7.97,up
2276,2268,20250527,15.6,15.42,down
2277,2269,20250508,1.82,1.85,up
2278,2269,20250510,1.85,1.84,down
2279,2269,20250522,1.81,1.74,down
2280,2270,20250506,15.27,15.26,down
2281,2270,20250507,15.26,15.6,up
2282,2270,20250514,15.41,15.58,up
2283,2270,20250516,15.45,15.47,up
2284,2270,20250527,15.26,15.3,up
2285,2271,20250514,11.42,11.21,down
2286,2271,20250520,11.34,11.27,down
2287,2271,20250522,11.12,11.08,down
2288,2272,20250510,10.82,10.49,down
2289,2272,20250523,9.9,10.3,up
2290,2272,20250530,9.97,9.88,down
2291,2273,20250509,19.69,20.92,up
2292,2273,20250513,20.6,20.49,down
2293,2274,20250528,7.16,7.21,up
2294,2275,20250506,13.75,13.8,up
2295,2275,20250514,13.91,14.0,up
2296,2275,20250517,14.22,14.24,up
2297,2275,20250519,14.24,14.4,up
2298,2275,20250522,14.36,14.39,up
2299,2276,20250507,15.78,15.56,down
2300,2276,20250513,15.6,15.8,up
2301,2276,20250520,15.55,15.15,down
2302,2276,20250523,14.08,14.2,up
2303,2276,20250524,14.08,14.2,up
2304,2277,20250506,5.6,5.54,down
2305,2277,20250510,5.32,5.36,up
2306,2277,20250520,6.24,6.26,up
2307,2277,20250522,6.04,5.72,down
2308,2277,20250523,5.72,5.77,up
2309,2277,20250528,6.59,6.47,down
2310,2278,20250523,7.97,8.13,up
2311,2279,20250521,6.57,6.46,down
2312,2281,20250515,43.61,43.66,up
2313,2281,20250521,42.27,41.94,down
2314,2281,20250522,41.94,41.22,down
2315,2281,20250530,41.2,40.81,down
2316,2282,20250507,7.37,7.46,up
2317,2282,20250510,7.43,7.46,up
2318,2282,20250530,7.25,7.33,up
2319,2283,20250507,6.35,6.46,up
2320,2283,20250513,6.54,6.6,up
2321,2284,20250508,11.83,11.52,down
2322,2284,20250510,11.52,11.65,up
2323,2284,20250530,11.33,11.26,down
2324,2285,20250517,2.28,2.35,up
2325,2286,20250509,10.15,9.53,down
2326,2286,20250512,9.53,9.42,down
2327,2286,20250513,9.42,9.35,down
2328,2286,20250516,9.8,10.78,up
2329,2286,20250521,12.56,11.3,down
2330,2286,20250522,11.3,10.99,down
2331,2286,20250530,10.91,12.0,up
2332,2287,20250507,24.19,24.58,up
2333,2287,20250515,24.89,25.55,up
2334,2287,20250522,24.35,24.46,up
2335,2287,20250528,24.16,24.28,up
2336,2287,20250529,24.28,24.33,up
2337,2289,20250507,9.93,10.43,up
2338,2289,20250512,11.5,12.08,up
2339,2289,20250515,13.29,13.19,down
2340,2289,20250516,13.19,13.85,up
2341,2289,20250521,14.54,15.27,up
2342,2289,20250522,14.54,15.27,up
2343,2289,20250526,15.27,16.03,up
2344,2289,20250529,15.76,15.1,down
2345,2290,20250508,29.18,28.9,down
2346,2290,20250521,31.06,31.03,down
2347,2291,20250510,6.05,6.06,up
2348,2292,20250507,8.87,9.23,up
2349,2292,20250521,9.84,10.14,up
2350,2292,20250528,9.83,10.04,up
2351,2293,20250516,9.23,9.65,up
2352,2293,20250520,9.73,9.78,up
2353,2294,20250507,40.92,40.46,down
2354,2294,20250514,38.3,38.05,down
2355,2294,20250527,44.03,42.86,down
2356,2294,20250528,42.86,45.25,up
2357,2296,20250516,11.1,11.1,up
2358,2296,20250520,11.24,11.09,down
2359,2297,20250513,7.34,7.33,down
2360,2297,20250521,8.01,7.49,down
2361,2298,20250529,6.18,5.99,down
2362,2299,20250508,15.91,15.78,down
2363,2299,20250510,15.78,15.65,down
2364,2299,20250516,15.59,15.84,up
2365,2300,20250514,6.01,5.96,down
2366,2300,20250515,5.96,6.03,up
2367,2300,20250529,6.55,6.21,down
2368,2301,20250517,6.9,7.1,up
2369,2302,20250517,5.86,5.99,up
2370,2303,20250509,3.59,3.58,down
2371,2303,20250515,3.6,3.59,down
2372,2304,20250513,69.22,69.73,up
2373,2305,20250514,1.74,1.83,up
2374,2305,20250521,2.08,2.12,up
2375,2305,20250522,2.12,2.01,down
2376,2305,20250523,2.01,2.11,up
2377,2306,20250510,1.81,1.82,up
2378,2306,20250524,1.82,1.91,up
2379,2306,20250529,1.96,1.92,down
2380,2307,20250508,4.04,3.99,down
2381,2307,20250514,4.28,4.25,down
2382,2307,20250529,4.09,4.12,up
2383,2309,20250515,2.62,2.64,up
2384,2309,20250521,2.71,2.68,down
2385,2309,20250527,2.69,2.66,down
2386,2310,20250521,2.19,2.16,down
2387,2310,20250527,2.14,2.15,up
2388,2310,20250528,2.14,2.15,up
2389,2311,20250514,57.3,57.43,up
2390,2311,20250520,58.34,58.6,up
2391,2311,20250522,59.8,59.09,down
2392,2311,20250530,60.61,62.6,up
2393,2312,20250508,11.61,11.35,down
2394,2312,20250528,11.25,11.29,up
2395,2312,20250530,11.21,11.29,up
2396,2313,20250510,9.1,9.22,up
2397,2314,20250513,2.53,2.53,up
2398,2314,20250527,2.54,2.53,down
2399,2315,20250515,41.69,41.5,down
2400,2315,20250521,41.33,42.28,up
2401,2316,20250521,3.99,3.91,down
2402,2316,20250531,3.93,4.13,up
2403,2317,20250506,11.37,11.52,up
2404,2317,20250507,11.52,12.0,up
2405,2317,20250509,12.13,11.98,down
2406,2317,20250513,12.45,12.3,down
2407,2317,20250514,12.3,12.24,down
2408,2317,20250520,12.83,12.89,up
2409,2317,20250522,12.58,13.84,up
2410,2317,20250523,13.84,13.29,down
2411,2317,20250526,13.29,12.97,down
2412,2318,20250529,24.42,24.64,up
2413,2319,20250515,10.13,10.51,up
2414,2319,20250524,10.16,10.36,up
2415,2319,20250529,10.35,10.19,down
2416,2320,20250506,6.02,6.0,down
2417,2320,20250507,6.0,6.01,up
2418,2320,20250512,5.96,6.01,up
2419,2320,20250529,5.91,5.91,up
2420,2320,20250530,5.91,5.89,down
2421,2321,20250510,2.35,2.34,down
2422,2322,20250507,12.78,12.9,up
2423,2322,20250510,12.78,12.78,up
2424,2322,20250522,12.4,12.26,down
2425,2323,20250513,1.57,1.54,down
2426,2324,20250506,10.64,10.63,down
2427,2324,20250507,10.63,10.58,down
2428,2324,20250513,10.59,10.49,down
2429,2324,20250529,10.19,10.04,down
2430,2326,20250520,11.26,11.1,down
2431,2327,20250509,8.01,8.03,up
2432,2328,20250529,5.66,5.48,down
2433,2328,20250530,5.48,5.51,up
2434,2329,20250507,3.24,3.3,up
2435,2329,20250522,3.5,3.4,down
2436,2330,20250507,4.41,4.44,up
2437,2330,20250508,4.44,4.44,up
2438,2330,20250513,4.4,4.39,down
2439,2330,20250529,4.56,4.54,down
2440,2331,20250515,8.27,7.97,down
2441,2331,20250516,7.97,7.95,down
2442,2331,20250520,7.89,7.93,up
2443,2331,20250527,7.72,7.75,up
2444,2331,20250530,7.89,7.91,up
2445,2332,20250506,9.07,9.11,up
2446,2332,20250508,9.25,9.26,up
2447,2332,20250513,9.36,9.32,down
2448,2332,20250516,9.29,9.27,down
2449,2332,20250521,9.4,9.37,down
2450,2332,20250522,9.37,9.42,up
2451,2333,20250506,5.21,5.25,up
2452,2333,20250510,5.27,5.27,up
2453,2333,20250527,5.36,5.34,down
2454,2334,20250507,7.93,8.2,up
2455,2334,20250521,7.83,7.71,down
2456,2335,20250506,44.7,44.47,down
2457,2335,20250513,44.69,44.4,down
2458,2335,20250521,39.69,39.35,down
2459,2335,20250522,39.35,38.37,down
2460,2337,20250508,5.58,5.5,down
2461,2337,20250517,5.54,5.58,up
2462,2337,20250520,5.72,5.6,down
2463,2338,20250507,42.68,46.95,up
2464,2338,20250509,51.65,50.5,down
2465,2338,20250515,45.7,45.38,down
2466,2338,20250521,44.11,42.81,down
2467,2338,20250530,42.56,42.9,up
2468,2339,20250507,7.13,7.2,up
2469,2339,20250513,7.15,7.09,down
2470,2339,20250517,7.08,7.19,up
2471,2339,20250529,7.2,6.97,down
2472,2340,20250506,6.21,6.2,down
2473,2340,20250520,6.23,6.26,up
2474,2342,20250507,5.25,5.5,up
2475,2342,20250517,5.29,5.21,down
2476,2342,20250529,5.82,5.88,up
2477,2343,20250506,7.05,7.04,down
2478,2343,20250507,7.04,7.25,up
2479,2343,20250510,7.08,7.1,up
2480,2343,20250516,6.95,7.11,up
2481,2343,20250517,6.95,7.11,up
2482,2343,20250527,7.51,7.33,down
2483,2344,20250510,4.22,4.24,up
2484,2344,20250517,4.23,4.37,up
2485,2345,20250508,9.43,9.76,up
2486,2345,20250521,12.22,11.76,down
2487,2345,20250528,13.65,13.55,down
2488,2346,20250507,13.81,14.5,up
2489,2346,20250508,14.5,13.87,down
2490,2346,20250521,13.74,13.65,down
2491,2347,20250513,7.63,7.49,down
2492,2347,20250517,7.17,7.2,up
2493,2348,20250522,3.59,3.47,down
2494,2349,20250509,7.09,7.07,down
2495,2349,20250519,7.28,7.49,up
2496,2349,20250529,7.44,7.51,up
2497,2350,20250507,6.54,6.66,up
2498,2350,20250510,6.67,6.63,down
2499,2350,20250513,6.62,6.58,down
2500,2350,20250523,6.44,6.56,up
2501,2351,20250523,13.02,13.13,up
2502,2351,20250527,12.98,12.85,down
2503,2352,20250508,43.53,43.67,up
2504,2352,20250520,45.85,46.5,up
2505,2352,20250523,45.63,45.62,down
2506,2353,20250508,32.0,32.44,up
2507,2353,20250514,34.19,33.3,down
2508,2353,20250515,33.3,33.36,up
2509,2353,20250527,33.7,34.72,up
2510,2354,20250510,7.02,7.2,up
2511,2354,20250529,6.45,6.28,down
2512,2355,20250507,7.18,7.07,down
2513,2355,20250515,6.7,7.04,up
2514,2355,20250516,7.04,7.01,down
2515,2356,20250520,3.05,3.08,up
2516,2357,20250510,7.89,7.89,up
2517,2357,20250516,7.91,8.08,up
2518,2358,20250517,5.24,5.37,up
2519,2360,20250513,4.97,4.94,down
2520,2360,20250515,4.96,5.02,up
2521,2360,20250520,5.12,5.08,down
2522,2360,20250521,5.08,5.01,down
2523,2360,20250527,5.09,5.04,down
2524,2361,20250523,6.2,6.27,up
2525,2362,20250521,21.7,21.75,up
2526,2362,20250522,21.75,21.21,down
2527,2363,20250514,7.29,7.28,down
2528,2363,20250516,7.56,7.63,up
2529,2363,20250520,7.69,7.61,down
2530,2363,20250522,7.5,7.43,down
2531,2364,20250508,15.77,15.13,down
2532,2364,20250516,15.44,15.21,down
2533,2365,20250506,11.62,12.05,up
2534,2365,20250507,12.05,11.79,down
2535,2365,20250516,14.01,15.41,up
2536,2365,20250523,20.36,21.68,up
2537,2365,20250528,24.63,22.17,down
2538,2365,20250529,22.17,19.95,down
2539,2366,20250506,5.05,5.04,down
2540,2366,20250507,5.04,5.06,up
2541,2366,20250510,4.94,5.01,up
2542,2366,20250522,5.12,5.63,up
2543,2366,20250527,6.81,7.49,up
2544,2366,20250529,8.24,7.42,down
2545,2367,20250506,7.08,7.18,up
2546,2367,20250509,7.14,7.16,up
2547,2367,20250510,7.14,7.16,up
2548,2367,20250515,6.98,7.06,up
2549,2367,20250516,7.06,7.06,up
2550,2368,20250516,23.8,23.78,down
2551,2369,20250516,9.11,9.14,up
2552,2370,20250508,3.25,3.17,down
2553,2370,20250516,3.4,3.4,up
2554,2371,20250507,448.3,448.89,up
2555,2371,20250517,428.6,435.0,up
2556,2372,20250508,11.93,11.91,down
2557,2372,20250514,11.82,11.64,down
2558,2372,20250521,11.77,11.74,down
2559,2373,20250520,9.31,9.32,up
2560,2374,20250507,2.64,2.67,up
2561,2374,20250510,2.65,2.67,up
2562,2374,20250514,2.66,2.65,down
2563,2374,20250517,2.64,2.73,up
2564,2374,20250527,2.83,2.75,down
2565,2375,20250521,3.92,3.84,down
2566,2375,20250523,3.79,3.82,up
2567,2376,20250514,6.9,6.77,down
2568,2376,20250517,6.75,6.82,up
2569,2376,20250523,6.77,7.2,up
2570,2377,20250510,2.94,2.9,down
2571,2377,20250521,2.93,2.9,down
2572,2378,20250515,8.0,8.8,up
2573,2378,20250529,8.34,8.25,down
2574,2379,20250507,9.81,9.91,up
2575,2379,20250513,10.3,10.22,down
2576,2379,20250523,10.8,10.86,up
2577,2381,20250509,6.63,6.65,up
2578,2382,20250508,5.1,5.17,up
2579,2382,20250513,5.25,5.26,up
2580,2382,20250517,5.25,5.31,up
2581,2382,20250521,5.47,5.34,down
2582,2382,20250522,5.34,5.42,up
2583,2382,20250529,5.39,5.38,down
2584,2383,20250510,9.25,9.18,down
2585,2383,20250528,9.06,9.97,up
2586,2384,20250506,27.3,26.71,down
2587,2384,20250514,28.45,27.6,down
2588,2384,20250520,28.63,29.48,up
2589,2384,20250527,28.18,27.92,down
2590,2384,20250528,27.92,28.7,up
2591,2385,20250506,4.12,4.21,up
2592,2385,20250510,4.13,4.11,down
2593,2385,20250516,4.08,4.1,up
2594,2385,20250530,4.05,4.1,up
2595,2386,20250510,4.47,4.53,up
2596,2386,20250530,4.56,4.55,down
2597,2387,20250506,8.94,8.99,up
2598,2387,20250509,8.95,9.12,up
2599,2387,20250515,9.03,9.02,down
2600,2387,20250522,9.33,9.1,down
2601,2387,20250530,8.98,8.94,down
2602,2388,20250510,3.67,3.71,up
2603,2388,20250514,3.79,3.76,down
2604,2388,20250521,3.89,3.76,down
2605,2388,20250522,3.76,3.68,down
2606,2388,20250530,3.9,4.1,up
2607,2389,20250528,20.68,21.1,up
2608,2390,20250508,3.54,3.51,down
2609,2390,20250513,3.57,3.57,up
2610,2390,20250515,3.55,3.58,up
2611,2391,20250509,5.45,5.46,up
2612,2392,20250507,6.55,6.52,down
2613,2392,20250513,6.39,6.26,down
2614,2392,20250522,6.24,6.17,down
2615,2392,20250527,6.08,6.13,up
2616,2392,20250528,6.13,6.1,down
2617,2393,20250522,17.46,17.53,up
2618,2393,20250527,17.76,17.69,down
2619,2394,20250516,8.23,8.25,up
2620,2394,20250520,8.32,8.26,down
2621,2395,20250510,17.0,16.96,down
2622,2396,20250516,19.54,19.89,up
2623,2396,20250521,20.0,19.53,down
2624,2396,20250523,19.23,19.38,up
2625,2397,20250524,3.8,3.73,down
2626,2397,20250526,3.73,3.69,down
2627,2398,20250510,4.79,4.83,up
2628,2398,20250515,4.75,4.79,up
2629,2398,20250517,4.79,4.85,up
2630,2398,20250522,4.7,4.66,down
2631,2399,20250523,11.35,11.2,down
2632,2401,20250520,15.06,14.9,down
2633,2402,20250515,18.86,19.21,up
2634,2402,20250520,19.11,18.96,down
2635,2403,20250509,14.43,14.91,up
2636,2403,20250520,14.86,16.35,up
2637,2403,20250522,17.31,15.78,down
2638,2403,20250523,15.78,16.36,up
2639,2403,20250529,16.12,14.91,down
2640,2404,20250513,6.13,6.74,up
2641,2405,20250507,8.47,8.54,up
2642,2405,20250520,8.47,8.43,down
2643,2405,20250523,8.2,8.35,up
2644,2405,20250524,8.2,8.35,up
2645,2406,20250508,7.79,7.63,down
2646,2406,20250517,7.8,8.25,up
2647,2407,20250507,11.89,11.89,up
2648,2407,20250513,11.97,12.01,up
2649,2407,20250516,11.87,11.94,up
2650,2407,20250520,11.85,11.88,up
2651,2408,20250510,4.56,4.57,up
2652,2408,20250513,4.61,4.68,up
2653,2409,20250514,56.57,54.86,down
2654,2409,20250520,54.02,54.07,up
2655,2409,20250523,53.28,53.27,down
2656,2410,20250507,15.11,15.07,down
2657,2410,20250515,14.06,13.97,down
2658,2410,20250523,13.88,13.91,up
2659,2412,20250522,5.73,5.71,down
2660,2413,20250510,4.89,5.38,up
2661,2413,20250521,4.93,5.01,up
2662,2414,20250521,8.63,8.73,up
2663,2415,20250507,28.84,28.92,up
2664,2415,20250510,28.65,28.94,up
2665,2415,20250514,29.01,28.79,down
2666,2416,20250514,11.98,11.54,down
2667,2416,20250520,11.92,11.72,down
2668,2418,20250510,3.37,3.39,up
2669,2418,20250520,3.5,3.43,down
2670,2419,20250514,5.92,5.69,down
2671,2419,20250516,5.64,5.66,up
2672,2419,20250529,5.36,5.5,up
2673,2420,20250506,5.94,5.99,up
2674,2420,20250521,6.07,5.98,down
2675,2421,20250508,3.41,3.31,down
2676,2421,20250509,3.31,3.39,up
2677,2421,20250514,3.59,3.38,down
2678,2421,20250522,3.42,3.39,down
2679,2421,20250524,3.39,3.4,up
2680,2421,20250527,3.34,3.28,down
2681,2422,20250510,34.14,33.3,down
2682,2422,20250513,33.86,33.89,up
2683,2422,20250520,36.9,37.88,up
2684,2422,20250522,38.07,39.35,up
2685,2422,20250523,39.35,37.4,down
2686,2423,20250517,11.9,11.9,up
2687,2424,20250506,4.0,4.0,up
2688,2424,20250507,4.0,3.99,down
2689,2424,20250520,4.07,4.06,down
2690,2425,20250509,2.37,2.43,up
2691,2425,20250521,2.44,2.43,down
2692,2425,20250528,2.52,2.63,up
2693,2426,20250515,2.82,2.82,up
2694,2427,20250515,8.59,8.57,down
2695,2427,20250520,8.49,8.2,down
2696,2427,20250521,8.2,7.62,down
2697,2427,20250528,10.69,10.48,down
2698,2428,20250513,19.33,19.4,up
2699,2428,20250530,18.1,18.54,up
2700,2429,20250508,4.54,4.47,down
2701,2429,20250510,4.47,4.55,up
2702,2429,20250516,4.45,4.47,up
2703,2429,20250527,4.34,4.32,down
2704,2429,20250530,4.32,4.32,up
2705,2430,20250508,20.13,20.35,up
2706,2430,20250510,20.35,20.52,up
2707,2430,20250513,20.41,20.37,down
2708,2430,20250521,19.97,19.72,down
2709,2430,20250523,19.56,19.56,up
2710,2430,20250528,19.23,19.29,up
2711,2430,20250530,19.02,19.2,up
2712,2431,20250507,2.04,2.04,up
2713,2431,20250520,2.4,2.64,up
2714,2431,20250521,2.64,2.9,up
2715,2431,20250523,2.61,2.87,up
2716,2431,20250529,2.7,2.97,up
2717,2432,20250506,37.9,37.86,down
2718,2432,20250508,37.79,37.58,down
2719,2432,20250522,38.64,38.41,down
2720,2434,20250514,7.96,7.85,down
2721,2434,20250515,7.85,7.95,up
2722,2434,20250527,7.34,7.31,down
2723,2436,20250517,12.27,12.33,up
2724,2436,20250520,12.23,12.21,down
2725,2436,20250521,12.21,12.01,down
2726,2436,20250527,11.7,11.58,down
2727,2437,20250508,2.51,2.45,down
2728,2437,20250510,2.45,2.44,down
2729,2437,20250514,2.45,2.46,up
2730,2437,20250517,2.54,2.54,up
2731,2437,20250527,2.89,2.83,down
2732,2437,20250530,2.92,2.9,down
2733,2438,20250506,11.18,11.22,up
2734,2438,20250508,11.23,11.04,down
2735,2438,20250515,10.93,11.1,up
2736,2438,20250522,10.85,10.88,up
2737,2439,20250514,15.84,15.43,down
2738,2439,20250528,14.98,15.51,up
2739,2440,20250509,7.34,7.39,up
2740,2440,20250524,7.44,7.3,down
2741,2442,20250527,6.18,6.12,down
2742,2442,20250530,6.04,6.08,up
2743,2443,20250507,6.17,6.42,up
2744,2443,20250516,6.14,6.14,up
2745,2443,20250520,6.17,6.13,down
2746,2444,20250506,24.24,24.4,up
2747,2444,20250521,23.91,23.2,down
2748,2444,20250523,23.05,23.38,up
2749,2445,20250507,2.3,2.31,up
2750,2445,20250517,2.31,2.35,up
2751,2446,20250508,6.74,6.73,down
2752,2446,20250510,6.73,6.93,up
2753,2446,20250521,6.59,6.66,up
2754,2448,20250517,8.25,8.19,down
2755,2449,20250517,8.66,8.74,up
2756,2449,20250522,9.12,8.76,down
2757,2451,20250528,6.65,6.76,up
2758,2452,20250508,7.21,7.15,down
2759,2452,20250516,7.08,7.1,up
2760,2452,20250521,7.12,7.05,down
2761,2453,20250510,5.58,5.61,up
2762,2453,20250516,5.66,5.76,up
2763,2453,20250522,5.62,5.55,down
2764,2454,20250523,7.72,7.69,down
2765,2455,20250510,7.41,7.49,up
2766,2455,20250515,7.53,7.58,up
2767,2455,20250516,7.58,7.59,up
2768,2456,20250507,11.98,12.04,up
2769,2456,20250516,11.93,12.14,up
2770,2456,20250521,12.85,12.6,down
2771,2456,20250527,12.26,11.87,down
2772,2456,20250530,11.75,11.8,up
2773,2457,20250508,11.66,11.5,down
2774,2457,20250515,11.76,11.76,up
2775,2457,20250516,11.76,11.63,down
2776,2457,20250522,11.66,11.68,up
2777,2458,20250508,8.4,8.36,down
2778,2458,20250509,8.36,8.35,down
2779,2458,20250512,8.35,8.36,up
2780,2458,20250513,8.36,8.35,down
2781,2459,20250506,9.8,9.87,up
2782,2459,20250509,9.71,10.01,up
2783,2459,20250513,10.17,9.99,down
2784,2459,20250527,9.28,9.16,down
2785,2460,20250507,30.62,30.98,up
2786,2460,20250510,30.67,31.58,up
2787,2460,20250516,30.98,30.89,down
2788,2460,20250520,31.05,31.53,up
2789,2460,20250522,31.4,31.43,up
2790,2460,20250528,30.16,30.6,up
2791,2462,20250520,13.21,13.61,up
2792,2463,20250506,30.03,29.94,down
2793,2463,20250507,29.94,31.4,up
2794,2463,20250509,31.07,31.68,up
2795,2465,20250508,11.06,10.87,down
2796,2465,20250516,10.44,11.48,up
2797,2465,20250523,11.78,12.22,up
2798,2466,20250507,28.98,29.4,up
2799,2466,20250522,29.6,30.17,up
2800,2468,20250509,10.61,10.58,down
2801,2468,20250520,10.49,10.47,down
2802,2468,20250521,10.47,10.41,down
2803,2468,20250527,10.34,11.06,up
2804,2468,20250528,11.06,11.79,up
2805,2468,20250529,11.79,11.45,down
2806,2469,20250514,9.13,8.71,down
2807,2470,20250513,1.7,1.72,up
2808,2470,20250521,1.72,1.7,down
2809,2471,20250507,3.6,3.96,up
2810,2471,20250508,3.96,3.77,down
2811,2471,20250514,3.94,3.59,down
2812,2471,20250520,4.12,3.89,down
2813,2471,20250526,5.18,5.7,up
2814,2471,20250528,5.51,6.06,up
2815,2471,20250530,5.45,5.53,up
2816,2472,20250512,34.79,34.7,down
2817,2472,20250517,34.33,33.64,down
2818,2472,20250527,32.28,32.3,up
2819,2472,20250528,32.3,32.6,up
2820,2474,20250510,6.68,6.76,up
2821,2475,20250508,32.74,32.08,down
2822,2475,20250514,33.52,32.66,down
2823,2475,20250516,32.5,32.23,down
2824,2475,20250517,32.5,32.23,down
2825,2475,20250520,32.6,32.12,down
2826,2475,20250521,32.12,31.77,down
2827,2475,20250522,31.77,31.3,down
2828,2475,20250523,31.3,31.24,down
2829,2475,20250524,31.3,31.24,down
2830,2475,20250527,30.52,30.39,down
2831,2475,20250528,30.39,31.41,up
2832,2476,20250514,4.41,4.4,down
2833,2476,20250515,4.4,4.45,up
2834,2478,20250507,5.32,5.36,up
2835,2478,20250516,5.33,5.36,up
2836,2478,20250521,5.38,5.3,down
2837,2479,20250509,5.26,5.2,down
2838,2479,20250520,5.25,5.28,up
2839,2480,20250509,5.81,5.75,down
2840,2480,20250514,5.59,5.59,up
2841,2480,20250517,5.62,5.97,up
2842,2480,20250520,6.18,6.2,up
2843,2480,20250522,6.55,6.54,down
2844,2480,20250526,6.54,7.19,up
2845,2481,20250507,5.37,5.33,down
2846,2481,20250513,5.23,5.21,down
2847,2481,20250521,5.25,5.14,down
2848,2481,20250522,5.14,5.06,down
2849,2481,20250527,5.15,5.17,up
2850,2481,20250528,5.17,5.16,down
2851,2482,20250513,1.83,1.84,up
2852,2483,20250529,6.25,6.16,down
2853,2484,20250507,18.55,19.35,up
2854,2484,20250509,18.76,19.06,up
2855,2484,20250521,18.49,18.42,down
2856,2484,20250523,18.28,18.59,up
2857,2485,20250514,3.06,3.05,down
2858,2485,20250528,3.2,3.15,down
2859,2486,20250508,2.35,2.36,up
2860,2486,20250516,2.42,2.46,up
2861,2486,20250521,2.48,2.45,down
2862,2486,20250524,2.38,2.42,up
2863,2487,20250506,27.9,28.94,up
2864,2487,20250510,28.27,28.51,up
2865,2487,20250515,28.58,28.07,down
2866,2487,20250527,27.51,27.65,up
2867,2488,20250508,14.44,14.24,down
2868,2488,20250520,14.4,14.64,up
2869,2488,20250522,14.12,14.13,up
2870,2489,20250516,4.17,4.04,down
2871,2489,20250528,3.92,3.93,up
2872,2490,20250509,4.87,4.64,down
2873,2490,20250510,4.87,4.64,down
2874,2490,20250514,4.39,4.19,down
2875,2490,20250529,4.02,3.94,down
2876,2491,20250514,5.13,5.06,down
2877,2491,20250517,5.14,5.18,up
2878,2491,20250521,5.11,5.04,down
2879,2492,20250516,5.73,5.78,up
2880,2492,20250517,5.73,5.78,up
2881,2492,20250520,5.71,5.73,up
2882,2492,20250522,5.59,5.51,down
2883,2493,20250513,8.71,8.79,up
2884,2493,20250517,8.64,8.66,up
2885,2493,20250521,8.75,8.73,down
2886,2493,20250522,8.73,8.67,down
2887,2494,20250509,4.67,4.67,up
2888,2495,20250507,2.6,2.64,up
2889,2495,20250523,2.62,2.64,up
2890,2495,20250527,2.71,2.72,up
2891,2495,20250528,2.72,2.7,down
2892,2497,20250514,11.45,11.19,down
2893,2497,20250522,11.07,10.95,down
2894,2498,20250507,3.31,3.39,up
2895,2498,20250523,3.31,3.38,up
2896,2500,20250509,5.67,5.76,up
2897,2500,20250521,5.7,5.65,down
2898,2500,20250528,5.55,5.6,up
2899,2500,20250529,5.6,5.57,down
2900,2501,20250522,2.31,2.25,down
2901,2506,20250521,2.27,2.25,down
2902,2507,20250513,13.22,13.26,up
2903,2507,20250526,13.32,13.47,up
2904,2507,20250527,13.47,13.64,up
2905,2507,20250530,13.6,13.68,up
2906,2508,20250510,19.83,20.1,up
2907,2508,20250520,20.15,20.12,down
2908,2508,20250527,19.97,19.88,down
2909,2510,20250509,5.93,6.05,up
2910,2510,20250520,7.7,8.47,up
2911,2510,20250522,8.23,7.41,down
2912,2511,20250507,6.76,6.74,down
2913,2511,20250520,7.22,7.16,down
2914,2512,20250510,4.61,4.7,up
2915,2512,20250514,4.74,4.63,down
2916,2512,20250516,4.83,5.31,up
2917,2512,20250522,4.85,4.69,down
2918,2513,20250515,4.75,4.81,up
2919,2513,20250523,4.8,4.83,up
2920,2514,20250508,5.77,5.31,down
2921,2514,20250515,6.06,6.3,up
2922,2514,20250522,6.13,5.76,down
2923,2514,20250527,5.82,5.78,down
2924,2515,20250510,5.29,5.32,up
2925,2515,20250513,5.29,5.34,up
2926,2517,20250509,16.67,16.78,up
2927,2517,20250528,15.89,16.26,up
2928,2518,20250516,22.87,22.73,down
2929,2518,20250520,22.97,22.82,down
2930,2519,20250507,4.48,4.93,up
2931,2519,20250516,4.63,4.73,up
2932,2520,20250508,6.67,6.48,down
2933,2520,20250514,6.73,6.6,down
2934,2520,20250516,7.26,7.47,up
2935,2520,20250521,7.01,6.95,down
2936,2520,20250523,6.74,6.86,up
2937,2521,20250509,9.21,9.37,up
2938,2521,20250510,9.21,9.37,up
2939,2521,20250514,9.28,9.46,up
2940,2521,20250530,9.17,9.09,down
2941,2522,20250508,4.61,4.5,down
2942,2522,20250509,4.5,4.62,up
2943,2522,20250514,4.58,4.48,down
2944,2522,20250521,4.9,4.93,up
2945,2523,20250513,3.89,3.76,down
2946,2523,20250522,3.63,3.57,down
2947,2524,20250514,4.09,4.1,up
2948,2524,20250516,4.13,4.15,up
2949,2524,20250521,4.25,4.15,down
2950,2526,20250509,3.85,3.91,up
2951,2526,20250513,3.85,3.84,down
2952,2526,20250529,3.71,3.6,down
2953,2527,20250507,16.5,16.52,up
2954,2527,20250515,15.91,16.07,up
2955,2527,20250522,15.4,15.35,down
2956,2527,20250523,15.35,15.44,up
2957,2527,20250528,14.99,14.91,down
2958,2528,20250507,2.46,2.4,down
2959,2528,20250509,2.36,2.48,up
2960,2528,20250510,2.36,2.48,up
2961,2528,20250513,2.52,2.55,up
2962,2528,20250521,2.62,2.74,up
2963,2528,20250528,2.54,2.55,up
2964,2529,20250506,5.55,5.61,up
2965,2529,20250514,5.92,6.08,up
2966,2529,20250521,6.78,6.76,down
2967,2529,20250528,7.2,6.84,down
2968,2530,20250516,10.01,11.01,up
2969,2530,20250520,10.95,10.53,down
2970,2530,20250521,10.53,10.77,up
2971,2531,20250506,6.57,6.72,up
2972,2531,20250510,6.54,6.67,up
2973,2531,20250523,6.34,6.36,up
2974,2531,20250530,6.62,6.64,up
2975,2532,20250506,7.58,7.54,down
2976,2532,20250510,7.41,7.59,up
2977,2532,20250515,7.77,7.76,down
2978,2532,20250529,7.72,7.71,down
2979,2532,20250530,7.71,7.61,down
2980,2533,20250515,9.79,9.94,up
2981,2534,20250507,11.29,11.48,up
2982,2534,20250515,11.2,11.25,up
2983,2534,20250517,11.25,11.27,up
2984,2534,20250521,11.24,11.42,up
2985,2534,20250522,11.42,11.06,down
2986,2534,20250527,11.2,11.56,up
2987,2534,20250528,11.56,11.36,down
2988,2534,20250530,11.14,11.14,up
2989,2535,20250513,4.03,3.98,down
2990,2535,20250527,3.88,3.86,down
2991,2536,20250506,16.04,15.77,down
2992,2536,20250508,15.9,15.5,down
2993,2536,20250510,15.5,15.81,up
2994,2536,20250513,15.55,15.59,up
2995,2536,20250515,15.11,15.4,up
2996,2536,20250516,15.4,15.55,up
2997,2536,20250530,14.2,14.21,up
2998,2537,20250506,7.22,7.07,down
2999,2537,20250507,7.07,7.24,up
3000,2537,20250516,7.06,7.17,up
3001,2537,20250523,6.57,6.69,up
3002,2538,20250513,5.09,5.1,up
3003,2538,20250521,5.16,5.07,down
3004,2538,20250522,5.07,5.07,up
3005,2539,20250507,8.52,8.52,up
3006,2539,20250521,8.75,8.68,down
3007,2540,20250508,6.07,6.07,up
3008,2540,20250514,6.11,6.04,down
3009,2540,20250516,6.08,6.16,up
3010,2540,20250523,5.96,5.97,up
3011,2540,20250527,5.93,6.01,up
3012,2541,20250510,18.7,18.77,up
3013,2542,20250507,3.23,3.33,up
3014,2542,20250514,3.29,3.19,down
3015,2542,20250520,3.37,3.31,down
3016,2542,20250522,3.22,3.11,down
3017,2542,20250530,3.21,3.18,down
3018,2543,20250522,11.51,11.47,down
3019,2544,20250517,22.75,22.29,down
3020,2545,20250508,7.76,7.79,up
3021,2545,20250509,7.79,7.76,down
3022,2545,20250522,7.66,7.68,up
3023,2546,20250507,5.05,5.08,up
3024,2547,20250507,4.32,4.38,up
3025,2547,20250513,4.82,5.06,up
3026,2547,20250517,5.25,5.49,up
3027,2547,20250522,4.81,4.85,up
3028,2548,20250509,3.81,3.82,up
3029,2548,20250517,3.8,3.84,up
3030,2549,20250507,9.4,9.21,down
3031,2549,20250514,9.98,9.48,down
3032,2549,20250517,9.86,9.83,down
3033,2549,20250528,10.85,10.78,down
3034,2550,20250515,5.96,6.08,up
3035,2550,20250522,6.35,6.61,up
3036,2551,20250513,3.99,4.39,up
3037,2551,20250515,4.22,3.81,down
3038,2553,20250514,25.51,24.21,down
3039,2553,20250517,24.17,23.65,down
3040,2554,20250520,2.63,2.62,down
3041,2555,20250513,15.03,15.08,up
3042,2555,20250514,15.08,14.81,down
3043,2555,20250520,15.1,14.73,down
3044,2556,20250507,5.61,5.59,down
3045,2556,20250514,5.54,5.48,down
3046,2556,20250522,5.45,5.37,down
3047,2557,20250507,23.35,23.42,up
3048,2557,20250517,23.14,23.32,up
3049,2558,20250509,14.29,14.42,up
3050,2558,20250516,13.7,13.92,up
3051,2558,20250517,13.7,13.92,up
3052,2559,20250510,9.52,9.75,up
3053,2559,20250521,9.7,9.54,down
3054,2559,20250524,9.39,9.51,up
3055,2560,20250506,6.41,6.71,up
3056,2560,20250517,9.09,9.32,up
3057,2560,20250519,9.32,8.39,down
3058,2560,20250521,7.69,7.72,up
3059,2560,20250528,7.92,7.82,down
3060,2561,20250520,8.43,8.38,down
3061,2562,20250508,4.84,4.63,down
3062,2562,20250513,4.69,4.91,up
3063,2562,20250514,4.91,4.73,down
3064,2562,20250522,4.51,4.54,up
3065,2563,20250509,5.85,5.96,up
3066,2563,20250510,5.85,5.96,up
3067,2564,20250507,6.06,5.82,down
3068,2564,20250514,5.77,5.5,down
3069,2564,20250515,5.5,5.57,up
3070,2565,20250508,3.83,3.67,down
3071,2565,20250513,3.86,3.82,down
3072,2565,20250519,3.87,3.89,up
3073,2565,20250527,4.13,4.13,up
3074,2565,20250530,4.31,4.74,up
3075,2566,20250506,7.08,7.23,up
3076,2566,20250510,7.23,7.17,down
3077,2566,20250514,7.07,7.19,up
3078,2566,20250516,7.36,7.47,up
3079,2566,20250522,7.44,7.44,up
3080,2566,20250530,8.12,8.25,up
3081,2567,20250507,4.9,4.89,down
3082,2567,20250509,4.87,4.86,down
3083,2567,20250515,4.85,4.82,down
3084,2567,20250520,4.87,4.85,down
3085,2567,20250522,4.81,4.77,down
3086,2568,20250507,25.67,25.62,down
3087,2568,20250508,25.62,25.9,up
3088,2568,20250509,25.9,25.48,down
3089,2568,20250520,25.61,27.09,up
3090,2568,20250521,27.09,26.8,down
3091,2568,20250522,26.8,26.32,down
3092,2568,20250527,27.33,28.77,up
3093,2568,20250530,27.96,29.27,up
3094,2569,20250507,7.44,7.81,up
3095,2569,20250508,7.81,8.2,up
3096,2569,20250513,8.72,8.33,down
3097,2569,20250517,8.32,8.62,up
3098,2570,20250506,6.46,6.33,down
3099,2570,20250507,6.33,6.39,up
3100,2570,20250510,6.06,6.07,up
3101,2570,20250516,5.97,5.96,down
3102,2570,20250522,6.48,6.35,down
3103,2571,20250514,5.9,5.91,up
3104,2572,20250521,15.1,15.14,up
3105,2572,20250522,15.14,15.02,down
3106,2573,20250508,3.69,3.69,up
3107,2573,20250515,3.74,3.82,up
3108,2573,20250516,3.82,3.88,up
3109,2573,20250530,3.92,3.91,down
3110,2574,20250509,5.61,5.55,down
3111,2574,20250510,5.61,5.55,down
3112,2574,20250529,6.98,6.79,down
3113,2575,20250512,10.39,9.98,down
3114,2575,20250519,10.15,10.0,down
3115,2575,20250520,10.0,9.5,down
3116,2575,20250523,9.1,9.16,up
3117,2575,20250526,9.16,8.99,down
3118,2576,20250507,15.75,16.0,up
3119,2576,20250513,15.96,15.89,down
3120,2576,20250527,16.35,16.47,up
3121,2577,20250507,21.03,21.72,up
3122,2577,20250510,21.38,21.64,up
3123,2578,20250512,3.09,3.08,down
3124,2578,20250524,3.11,3.14,up
3125,2579,20250509,7.92,8.01,up
3126,2579,20250517,7.88,7.98,up
3127,2580,20250514,12.96,12.42,down
3128,2580,20250521,13.62,13.63,up
3129,2581,20250506,7.14,7.41,up
3130,2581,20250514,7.62,7.56,down
3131,2581,20250517,7.56,7.9,up
3132,2581,20250520,8.69,8.93,up
3133,2581,20250524,8.16,8.14,down
3134,2581,20250527,8.17,8.02,down
3135,2582,20250508,11.4,11.09,down
3136,2582,20250516,11.48,11.64,up
3137,2582,20250520,12.05,11.54,down
3138,2582,20250528,10.63,10.58,down
3139,2583,20250517,12.35,12.25,down
3140,2583,20250521,12.1,12.07,down
3141,2584,20250517,9.73,9.84,up
3142,2584,20250521,11.0,10.33,down
3143,2585,20250516,5.2,5.15,down
3144,2585,20250519,5.15,5.14,down
3145,2586,20250510,2.97,3.08,up
3146,2586,20250513,3.23,3.29,up
3147,2586,20250515,3.26,3.25,down
3148,2586,20250521,3.19,3.18,down
3149,2586,20250529,2.99,3.02,up
3150,2586,20250530,3.02,3.01,down
3151,2587,20250527,6.02,5.97,down
3152,2587,20250528,5.97,6.12,up
3153,2588,20250514,8.6,8.52,down
3154,2588,20250528,9.02,8.92,down
3155,2589,20250507,3.04,3.04,up
3156,2589,20250508,3.04,2.97,down
3157,2589,20250514,2.95,2.93,down
3158,2589,20250517,2.96,2.97,up
3159,2590,20250508,12.4,12.1,down
3160,2590,20250513,12.22,12.16,down
3161,2590,20250520,15.97,16.4,up
3162,2590,20250530,14.68,14.05,down
3163,2591,20250522,5.59,5.51,down
3164,2592,20250507,5.7,5.63,down
3165,2592,20250509,5.9,5.88,down
3166,2592,20250516,5.66,5.72,up
3167,2592,20250520,5.79,5.74,down
3168,2593,20250508,5.34,4.99,down
3169,2593,20250510,4.99,5.09,up
3170,2593,20250514,4.97,4.92,down
3171,2593,20250530,4.83,4.85,up
3172,2594,20250506,359.96,359.2,down
3173,2594,20250507,359.2,359.28,up
3174,2594,20250508,359.28,363.22,up
3175,2594,20250524,405.0,381.0,down
3176,2595,20250513,60.44,60.16,down
3177,2595,20250517,61.36,60.44,down
3178,2596,20250507,3.71,3.71,up
3179,2596,20250510,3.76,3.69,down
3180,2596,20250513,3.65,3.67,up
3181,2596,20250530,3.36,3.38,up
3182,2597,20250510,25.32,24.77,down
3183,2597,20250515,24.86,24.77,down
3184,2598,20250512,11.8,12.19,up
3185,2598,20250514,11.44,10.84,down
3186,2598,20250516,10.96,10.86,down
3187,2598,20250522,10.62,10.36,down
3188,2598,20250528,10.79,10.87,up
3189,2598,20250529,10.87,10.48,down
3190,2599,20250507,8.72,9.59,up
3191,2599,20250521,9.15,9.66,up
3192,2599,20250524,9.3,9.78,up
3193,2599,20250530,8.61,8.49,down
3194,2600,20250507,8.15,8.3,up
3195,2600,20250509,8.13,8.49,up
3196,2600,20250510,8.13,8.49,up
3197,2600,20250516,8.3,8.28,down
3198,2600,20250519,8.28,8.35,up
3199,2600,20250530,8.06,8.07,up
3200,2601,20250514,16.92,16.8,down
3201,2601,20250515,16.8,16.78,down
3202,2602,20250509,8.0,8.01,up
3203,2602,20250513,7.74,8.02,up
3204,2602,20250520,8.61,8.65,up
3205,2603,20250510,13.86,14.18,up
3206,2603,20250527,14.6,14.43,down
3207,2605,20250507,27.03,27.09,up
3208,2605,20250509,26.63,26.81,up
3209,2605,20250521,27.16,27.39,up
3210,2605,20250523,26.23,27.67,up
3211,2605,20250527,28.02,27.9,down
3212,2606,20250506,8.59,8.68,up
3213,2606,20250516,8.46,8.54,up
3214,2606,20250522,8.44,8.3,down
3215,2606,20250529,8.59,8.43,down
3216,2607,20250515,3.06,3.04,down
3217,2608,20250521,7.59,7.47,down
3218,2609,20250507,10.24,10.26,up
3219,2609,20250514,10.0,9.86,down
3220,2609,20250521,9.97,9.95,down
3221,2609,20250523,9.81,10.11,up
3222,2609,20250530,10.78,10.65,down
3223,2611,20250513,12.98,13.0,up
3224,2611,20250528,12.76,12.91,up
3225,2612,20250515,17.4,16.95,down
3226,2613,20250517,4.04,4.09,up
3227,2613,20250521,4.02,3.94,down
3228,2614,20250521,6.74,6.7,down
3229,2614,20250522,6.7,6.56,down
3230,2614,20250523,6.56,6.56,up
3231,2614,20250528,6.64,6.62,down
3232,2615,20250507,7.23,7.3,up
3233,2615,20250509,7.24,7.4,up
3234,2615,20250513,7.49,7.43,down
3235,2615,20250521,7.55,7.43,down
3236,2616,20250509,5.95,5.86,down
3237,2616,20250517,5.8,5.84,up
3238,2617,20250515,7.44,7.4,down
3239,2617,20250520,7.48,8.23,up
3240,2620,20250506,3.71,3.9,up
3241,2620,20250508,4.1,4.18,up
3242,2620,20250515,4.18,4.1,down
3243,2620,20250524,4.04,3.87,down
3244,2620,20250527,3.9,3.9,up
3245,2622,20250508,2.9,2.71,down
3246,2622,20250517,2.7,2.75,up
3247,2622,20250521,2.77,2.73,down
3248,2623,20250520,15.05,14.95,down
3249,2623,20250521,14.95,14.64,down
3250,2624,20250506,13.71,13.6,down
3251,2624,20250508,13.43,13.38,down
3252,2624,20250521,13.09,12.88,down
3253,2624,20250527,12.77,12.97,up
3254,2624,20250530,13.44,14.23,up
3255,2625,20250506,42.75,43.32,up
3256,2625,20250510,42.75,42.85,up
3257,2625,20250513,42.1,41.95,down
3258,2625,20250521,41.47,41.68,up
3259,2626,20250506,16.64,17.13,up
3260,2626,20250510,17.11,16.82,down
3261,2626,20250513,16.86,16.81,down
3262,2626,20250516,19.18,18.76,down
3263,2627,20250506,5.35,5.36,up
3264,2627,20250513,5.32,5.3,down
3265,2628,20250508,4.37,4.29,down
3266,2628,20250522,4.33,4.27,down
3267,2629,20250513,4.87,4.81,down
3268,2629,20250520,5.05,5.0,down
3269,2630,20250507,3.11,2.95,down
3270,2630,20250512,2.66,2.53,down
3271,2630,20250514,2.4,2.28,down
3272,2630,20250515,2.28,2.39,up
3273,2630,20250520,2.45,2.57,up
3274,2630,20250521,2.57,2.6,up
3275,2630,20250528,2.6,2.73,up
3276,2630,20250529,2.73,2.87,up
3277,2630,20250530,2.87,2.73,down
3278,2631,20250507,4.46,4.53,up
3279,2631,20250510,4.54,4.56,up
3280,2631,20250522,4.55,4.53,down
3281,2632,20250514,8.63,8.49,down
3282,2632,20250515,8.49,8.56,up
3283,2633,20250512,12.74,12.68,down
3284,2633,20250514,12.7,12.59,down
3285,2633,20250530,15.44,16.98,up
3286,2634,20250509,3.8,3.92,up
3287,2634,20250515,3.95,3.96,up
3288,2634,20250520,4.03,4.03,up
3289,2634,20250522,3.94,3.82,down
3290,2634,20250528,3.87,3.97,up
3291,2635,20250506,13.3,13.29,down
3292,2636,20250509,8.39,8.5,up
3293,2636,20250521,8.45,8.37,down
3294,2636,20250522,8.37,8.27,down
3295,2637,20250507,9.39,9.69,up
3296,2638,20250509,2.15,2.16,up
3297,2638,20250515,2.17,2.2,up
3298,2638,20250521,2.26,2.23,down
3299,2638,20250528,2.28,2.33,up
3300,2639,20250527,10.32,11.35,up
3301,2640,20250510,4.21,4.56,up
3302,2640,20250515,5.19,5.31,up
3303,2641,20250521,4.19,4.12,down
3304,2642,20250524,7.28,7.48,up
3305,2643,20250514,11.06,10.84,down
3306,2643,20250520,10.93,10.93,up
3307,2643,20250521,10.93,10.71,down
3308,2643,20250522,10.71,10.95,up
3309,2643,20250523,10.95,11.04,up
3310,2643,20250530,11.13,11.09,down
3311,2644,20250510,7.85,7.8,down
3312,2644,20250515,7.85,8.06,up
3313,2644,20250523,7.94,8.4,up
3314,2645,20250509,7.88,8.33,up
3315,2645,20250530,8.11,8.15,up
3316,2646,20250509,9.11,9.12,up
3317,2646,20250527,9.42,9.45,up
3318,2647,20250510,4.98,4.92,down
3319,2647,20250513,5.17,5.25,up
3320,2647,20250523,5.05,5.05,up
3321,2647,20250530,5.15,5.21,up
3322,2648,20250508,18.36,17.98,down
3323,2649,20250522,13.47,13.09,down
3324,2650,20250506,6.06,6.36,up
3325,2650,20250508,6.68,7.01,up
3326,2650,20250512,7.36,7.73,up
3327,2650,20250514,7.49,7.12,down
3328,2650,20250523,7.66,8.04,up
3329,2650,20250530,8.07,7.98,down
3330,2651,20250509,8.94,9.83,up
3331,2651,20250513,10.81,11.89,up
3332,2651,20250515,12.88,14.17,up
3333,2651,20250519,15.59,14.03,down
3334,2653,20250507,41.4,41.58,up
3335,2653,20250508,41.58,42.45,up
3336,2653,20250521,45.09,45.07,down
3337,2653,20250530,45.79,44.79,down
3338,2654,20250508,12.0,11.65,down
3339,2654,20250514,11.73,11.35,down
3340,2654,20250517,11.32,11.66,up
3341,2654,20250523,11.9,12.31,up
3342,2655,20250514,13.31,13.05,down
3343,2655,20250523,12.69,12.95,up
3344,2656,20250506,2.26,2.26,up
3345,2656,20250507,2.26,2.21,down
3346,2656,20250510,2.22,2.21,down
3347,2656,20250521,2.4,2.34,down
3348,2656,20250524,2.39,2.33,down
3349,2656,20250528,2.34,2.36,up
3350,2656,20250530,2.35,2.28,down
3351,2657,20250514,20.82,19.78,down
3352,2659,20250507,4.78,4.81,up
3353,2659,20250517,4.7,4.82,up
3354,2660,20250507,9.2,9.37,up
3355,2660,20250515,9.05,9.09,up
3356,2660,20250520,9.29,9.12,down
3357,2660,20250528,8.96,9.2,up
3358,2660,20250530,8.92,8.89,down
3359,2661,20250508,10.37,10.42,up
3360,2662,20250508,3.67,3.6,down
3361,2662,20250509,3.6,3.63,up
3362,2662,20250529,3.55,3.42,down
3363,2663,20250508,1.77,1.74,down
3364,2663,20250510,1.74,1.76,up
3365,2664,20250507,19.5,20.5,up
3366,2664,20250509,19.3,19.93,up
3367,2664,20250510,19.3,19.93,up
3368,2664,20250515,20.79,21.66,up
3369,2664,20250517,21.66,21.5,down
3370,2666,20250514,4.82,4.87,up
3371,2666,20250515,4.87,5.0,up
3372,2666,20250520,4.93,4.97,up
3373,2667,20250507,12.96,12.82,down
3374,2667,20250520,14.78,13.33,down
3375,2667,20250521,13.33,12.94,down
3376,2667,20250528,12.5,12.5,up
3377,2668,20250510,10.66,10.76,up
3378,2668,20250528,10.24,10.37,up
3379,2669,20250507,10.21,10.28,up
3380,2669,20250509,10.5,10.53,up
3381,2669,20250517,10.47,10.6,up
3382,2669,20250521,10.43,10.3,down
3383,2669,20250530,10.72,11.79,up
3384,2670,20250508,12.37,12.16,down
3385,2670,20250515,12.36,12.22,down
3386,2670,20250521,12.18,11.99,down
3387,2670,20250530,12.09,12.09,up
3388,2671,20250513,4.25,4.24,down
3389,2671,20250516,4.23,4.29,up
3390,2671,20250527,4.44,4.49,up
3391,2671,20250528,4.49,4.52,up
3392,2673,20250510,7.52,7.66,up
3393,2673,20250513,7.61,7.79,up
3394,2673,20250515,7.62,7.58,down
3395,2673,20250516,7.58,7.59,up
3396,2673,20250523,7.36,7.4,up
3397,2673,20250527,7.4,7.35,down
3398,2673,20250529,7.46,7.41,down
3399,2673,20250530,7.41,7.49,up
3400,2674,20250520,9.61,9.47,down
3401,2675,20250507,14.81,14.84,up
3402,2675,20250516,14.5,14.09,down
3403,2675,20250521,14.74,14.45,down
3404,2675,20250528,14.39,14.61,up
3405,2676,20250510,5.97,6.05,up
3406,2676,20250522,5.83,5.76,down
3407,2676,20250528,5.72,5.87,up
3408,2677,20250520,7.45,7.4,down
3409,2678,20250508,4.45,4.46,up
3410,2679,20250523,8.8,8.94,up
3411,2681,20250515,7.19,7.23,up
3412,2681,20250517,7.23,7.11,down
3413,2681,20250522,6.93,6.75,down
3414,2682,20250508,4.55,4.5,down
3415,2682,20250520,4.75,4.87,up
3416,2682,20250523,4.49,4.94,up
3417,2682,20250530,4.96,5.46,up
3418,2683,20250516,30.13,30.7,up
3419,2685,20250508,7.72,7.42,down
3420,2686,20250508,6.18,6.09,down
3421,2686,20250509,6.09,6.12,up
3422,2686,20250514,6.03,5.97,down
3423,2686,20250516,6.05,6.19,up
3424,2686,20250522,6.08,6.25,up
3425,2687,20250507,4.43,4.45,up
3426,2688,20250507,6.38,6.34,down
3427,2688,20250508,6.34,6.18,down
3428,2688,20250513,6.23,6.85,up
3429,2688,20250516,7.06,6.82,down
3430,2688,20250517,7.06,6.82,down
3431,2688,20250523,6.49,6.57,up
3432,2688,20250529,6.35,6.27,down
3433,2689,20250516,3.93,4.03,up
3434,2689,20250520,4.04,3.95,down
3435,2689,20250521,3.95,3.9,down
3436,2690,20250507,17.15,17.29,up
3437,2691,20250507,8.44,9.28,up
3438,2691,20250529,8.13,7.82,down
3439,2692,20250515,4.9,4.9,up
3440,2693,20250507,7.32,7.28,down
3441,2693,20250520,7.78,8.17,up
3442,2693,20250523,8.15,8.56,up
3443,2694,20250513,4.46,4.48,up
3444,2694,20250520,4.69,4.66,down
3445,2694,20250527,4.58,4.54,down
3446,2694,20250530,4.49,4.47,down
3447,2695,20250507,10.23,10.41,up
3448,2695,20250509,10.3,10.21,down
3449,2696,20250506,5.4,5.48,up
3450,2696,20250521,5.82,5.73,down
3451,2697,20250514,5.68,5.66,down
3452,2697,20250516,5.71,5.8,up
3453,2697,20250521,6.07,5.85,down
3454,2698,20250507,16.71,16.87,up
3455,2698,20250508,16.87,16.53,down
3456,2698,20250520,16.32,16.13,down
3457,2700,20250517,8.92,8.89,down
3458,2700,20250520,9.21,8.98,down
3459,2700,20250522,8.82,8.57,down
3460,2701,20250508,5.32,5.49,up
3461,2701,20250509,5.49,5.51,up
3462,2701,20250515,5.48,5.44,down
3463,2701,20250521,5.68,5.57,down
3464,2701,20250529,5.55,5.54,down
3465,2702,20250507,4.09,4.22,up
3466,2702,20250520,4.37,4.27,down
3467,2703,20250516,12.48,12.7,up
3468,2703,20250520,12.6,12.92,up
3469,2705,20250506,14.04,14.05,up
3470,2705,20250509,14.08,14.83,up
3471,2705,20250523,14.35,14.3,down
3472,2706,20250507,8.56,8.71,up
3473,2706,20250510,8.75,8.79,up
3474,2707,20250517,7.71,7.67,down
3475,2707,20250521,7.65,7.42,down
3476,2708,20250510,12.31,12.39,up
3477,2708,20250514,12.09,12.17,up
3478,2708,20250519,12.43,11.2,down
3479,2708,20250522,12.43,11.2,down
3480,2708,20250523,12.43,11.2,down
3481,2708,20250530,11.2,11.07,down
3482,2709,20250509,17.78,18.45,up
3483,2709,20250513,18.22,18.37,up
3484,2709,20250515,17.89,17.89,up
3485,2709,20250520,17.91,18.09,up
3486,2712,20250509,5.46,5.47,up
3487,2712,20250510,5.46,5.47,up
3488,2712,20250530,5.48,5.6,up
3489,2713,20250508,4.91,5.16,up
3490,2713,20250516,4.75,4.79,up
3491,2713,20250521,4.91,4.82,down
3492,2714,20250508,39.7,39.42,down
3493,2714,20250513,39.34,39.97,up
3494,2714,20250517,39.25,39.23,down
3495,2714,20250520,39.55,39.99,up
3496,2714,20250528,38.4,38.66,up
3497,2714,20250529,38.66,40.44,up
3498,2715,20250514,15.55,15.31,down
3499,2716,20250512,3.55,3.61,up
3500,2716,20250522,3.49,3.48,down
3501,2716,20250523,3.48,3.52,up
3502,2716,20250528,3.45,3.46,up
3503,2717,20250507,2.34,2.22,down
3504,2717,20250512,2.0,1.9,down
3505,2717,20250515,1.72,1.63,down
3506,2717,20250521,1.89,1.98,up
3507,2717,20250522,1.98,2.08,up
3508,2717,20250527,2.29,2.18,down
3509,2718,20250508,14.65,14.62,down
3510,2718,20250515,14.38,14.5,up
3511,2718,20250517,14.5,14.88,up
3512,2719,20250517,8.87,9.04,up
3513,2719,20250521,8.9,8.71,down
3514,2721,20250515,2.73,2.82,up
3515,2721,20250521,2.88,2.83,down
3516,2722,20250507,15.81,15.43,down
3517,2722,20250509,14.81,14.92,up
3518,2722,20250516,16.08,15.97,down
3519,2722,20250528,15.92,15.95,up
3520,2723,20250509,7.27,7.35,up
3521,2723,20250514,7.25,7.2,down
3522,2723,20250522,7.31,7.15,down
3523,2724,20250513,6.39,6.4,up
3524,2724,20250515,6.26,6.34,up
3525,2724,20250517,6.34,6.47,up
3526,2724,20250521,6.49,6.36,down
3527,2724,20250528,6.92,6.81,down
3528,2725,20250507,11.96,12.04,up
3529,2725,20250508,12.04,11.77,down
3530,2725,20250513,11.88,11.79,down
3531,2725,20250517,11.92,12.38,up
3532,2725,20250522,12.32,12.1,down
3533,2726,20250508,6.13,6.13,up
3534,2726,20250509,6.13,6.09,down
3535,2726,20250512,6.09,6.07,down
3536,2726,20250513,6.07,6.07,up
3537,2726,20250514,6.07,6.03,down
3538,2726,20250515,6.03,5.95,down
3539,2726,20250520,5.98,5.88,down
3540,2727,20250513,14.07,13.86,down
3541,2727,20250515,13.74,13.78,up
3542,2727,20250522,17.28,19.01,up
3543,2727,20250527,17.87,17.21,down
3544,2728,20250507,8.07,8.08,up
3545,2728,20250510,8.08,8.13,up
3546,2728,20250513,8.18,8.12,down
3547,2728,20250522,8.5,8.52,up
3548,2728,20250529,8.56,8.63,up
3549,2729,20250508,13.07,12.9,down
3550,2729,20250521,12.92,12.78,down
3551,2730,20250508,18.3,16.78,down
3552,2730,20250515,19.14,19.91,up
3553,2730,20250519,19.28,18.32,down
3554,2730,20250522,19.1,17.68,down
3555,2731,20250516,10.43,10.5,up
3556,2731,20250524,11.38,11.35,down
3557,2733,20250526,14.85,14.94,up
3558,2734,20250508,13.81,13.63,down
3559,2734,20250510,13.63,13.43,down
3560,2734,20250516,14.3,14.95,up
3561,2734,20250522,15.2,15.93,up
3562,2734,20250527,17.33,16.94,down
3563,2735,20250507,10.04,10.04,up
3564,2735,20250508,10.04,9.91,down
3565,2735,20250510,9.91,10.9,up
3566,2735,20250519,13.87,15.26,up
3567,2735,20250522,17.24,18.96,up
3568,2735,20250526,18.32,18.81,up
3569,2735,20250528,19.86,21.85,up
3570,2736,20250508,10.9,10.92,up
3571,2736,20250514,11.28,11.18,down
3572,2736,20250515,11.18,11.08,down
3573,2736,20250519,11.1,11.12,up
3574,2736,20250522,11.07,10.99,down
3575,2736,20250530,11.23,11.24,up
3576,2737,20250508,16.03,15.98,down
3577,2737,20250509,15.98,16.06,up
3578,2737,20250510,15.98,16.06,up
3579,2737,20250523,15.8,15.62,down
3580,2738,20250516,30.02,29.87,down
3581,2738,20250520,29.79,30.69,up
3582,2739,20250508,10.82,10.66,down
3583,2739,20250513,10.78,10.78,up
3584,2739,20250529,11.06,10.94,down
3585,2741,20250508,15.88,15.62,down
3586,2741,20250516,15.14,15.14,up
3587,2742,20250507,4.04,4.09,up
3588,2743,20250515,7.03,7.02,down
3589,2743,20250527,7.4,6.82,down
3590,2745,20250508,8.39,8.37,down
3591,2745,20250521,8.26,8.13,down
3592,2746,20250513,5.98,6.04,up
3593,2747,20250522,20.06,19.86,down
3594,2748,20250510,9.51,9.38,down
3595,2748,20250520,9.18,8.78,down
3596,2748,20250521,9.18,8.78,down
3597,2748,20250523,8.68,8.69,up
3598,2749,20250515,14.66,14.76,up
3599,2749,20250524,14.96,14.67,down
3600,2752,20250520,5.54,5.53,down
3601,2753,20250513,6.73,6.67,down
3602,2753,20250514,6.67,6.69,up
3603,2753,20250515,6.69,6.75,up
3604,2753,20250523,6.68,6.72,up
3605,2755,20250508,17.7,17.95,up
3606,2755,20250530,16.97,17.24,up
3607,2756,20250515,31.19,31.01,down
3608,2756,20250527,30.86,30.42,down
3609,2756,20250530,30.64,30.42,down
3610,2757,20250510,18.39,18.66,up
3611,2757,20250513,20.53,21.34,up
3612,2758,20250506,8.92,9.37,up
3613,2758,20250508,9.21,9.21,up
3614,2758,20250517,9.22,9.23,up
3615,2758,20250520,9.27,9.39,up
3616,2758,20250521,9.39,9.18,down
3617,2758,20250527,9.1,9.04,down
3618,2759,20250507,7.71,7.83,up
3619,2759,20250509,7.73,7.86,up
3620,2759,20250516,7.85,7.91,up
3621,2759,20250520,7.98,8.0,up
3622,2759,20250528,7.74,7.75,up
3623,2760,20250513,20.56,19.89,down
3624,2760,20250514,19.89,19.71,down
3625,2760,20250515,19.71,19.82,up
3626,2760,20250522,19.23,18.82,down
3627,2760,20250527,18.99,18.9,down
3628,2761,20250507,8.64,8.64,up
3629,2761,20250509,8.56,8.64,up
3630,2761,20250510,8.56,8.64,up
3631,2761,20250520,8.85,9.74,up
3632,2761,20250523,9.03,9.15,up
3633,2761,20250524,9.03,9.15,up
3634,2761,20250529,9.13,8.96,down
3635,2762,20250514,5.11,5.14,up
3636,2762,20250516,5.17,5.33,up
3637,2763,20250522,6.98,6.84,down
3638,2765,20250510,15.4,15.99,up
3639,2765,20250523,14.84,14.7,down
3640,2766,20250508,5.58,5.42,down
3641,2767,20250517,16.95,17.34,up
3642,2767,20250520,18.14,17.65,down
3643,2767,20250529,17.08,16.26,down
3644,2768,20250508,25.75,25.45,down
3645,2768,20250527,25.37,25.61,up
3646,2769,20250521,7.89,7.72,down
3647,2771,20250520,15.83,15.66,down
3648,2772,20250510,8.03,7.92,down
3649,2773,20250506,27.92,27.33,down
3650,2773,20250513,25.8,25.49,down
3651,2773,20250515,25.79,25.96,up
3652,2773,20250522,29.75,29.61,down
3653,2773,20250526,28.8,28.69,down
3654,2773,20250528,28.5,29.58,up
3655,2773,20250530,31.9,31.21,down
3656,2774,20250530,8.42,8.62,up
3657,2775,20250507,3.54,3.63,up
3658,2775,20250513,3.65,3.66,up
3659,2775,20250515,3.73,3.64,down
3660,2775,20250517,3.64,3.78,up
3661,2775,20250522,3.77,3.69,down
3662,2775,20250524,3.69,3.74,up
3663,2777,20250520,17.64,17.42,down
3664,2777,20250522,17.39,17.74,up
3665,2778,20250514,17.29,17.24,down
3666,2778,20250527,18.44,18.08,down
3667,2779,20250506,108.1,103.55,down
3668,2779,20250507,103.55,104.34,up
3669,2779,20250522,112.04,107.96,down
3670,2779,20250523,107.96,108.09,up
3671,2779,20250527,103.77,104.07,up
3672,2780,20250513,12.51,12.29,down
3673,2780,20250515,12.32,12.41,up
3674,2780,20250517,12.41,12.55,up
3675,2780,20250527,12.46,12.8,up
3676,2780,20250529,12.82,12.65,down
3677,2782,20250507,12.62,12.88,up
3678,2782,20250512,12.54,12.5,down
3679,2782,20250522,12.23,12.0,down
3680,2783,20250510,8.39,8.4,up
3681,2783,20250513,8.26,8.25,down
3682,2783,20250516,8.37,8.37,up
3683,2783,20250529,8.57,8.52,down
3684,2783,20250530,8.52,8.53,up
3685,2785,20250508,28.23,28.08,down
3686,2785,20250515,27.37,27.34,down
3687,2785,20250522,28.81,29.9,up
3688,2786,20250508,9.35,9.26,down
3689,2786,20250514,9.21,9.06,down
3690,2786,20250521,9.27,9.14,down
3691,2786,20250530,8.98,8.86,down
3692,2787,20250509,8.45,8.46,up
3693,2787,20250514,8.56,8.59,up
3694,2787,20250516,8.55,8.64,up
3695,2787,20250520,8.72,8.48,down
3696,2788,20250508,8.15,8.17,up
3697,2788,20250514,8.19,8.2,up
3698,2789,20250506,7.2,7.22,up
3699,2789,20250507,7.22,7.31,up
3700,2789,20250516,8.37,8.79,up
3701,2789,20250520,8.86,8.65,down
3702,2789,20250521,8.65,8.55,down
3703,2789,20250527,8.88,8.8,down
3704,2789,20250529,8.62,8.54,down
3705,2790,20250506,7.37,7.27,down
3706,2790,20250507,7.27,7.27,up
3707,2790,20250513,7.28,7.21,down
3708,2791,20250507,23.49,23.31,down
3709,2791,20250513,22.94,23.09,up
3710,2791,20250522,22.18,21.7,down
3711,2791,20250530,21.83,21.94,up
3712,2792,20250514,15.41,15.04,down
3713,2792,20250515,15.04,15.44,up
3714,2792,20250517,15.44,15.39,down
3715,2792,20250527,14.37,14.3,down
3716,2792,20250529,14.58,14.29,down
3717,2793,20250507,4.45,4.41,down
3718,2793,20250513,4.32,4.32,up
3719,2793,20250517,4.42,4.39,down
3720,2793,20250528,4.42,4.65,up
3721,2795,20250520,5.13,4.95,down
3722,2796,20250507,11.29,11.59,up
3723,2796,20250513,11.52,11.49,down
3724,2796,20250516,11.36,11.37,up
3725,2797,20250508,6.95,6.83,down
3726,2797,20250523,6.62,6.64,up
3727,2798,20250507,4.31,4.39,up
3728,2798,20250515,4.48,4.49,up
3729,2798,20250517,4.49,4.94,up
3730,2798,20250520,4.97,4.9,down
3731,2798,20250524,4.74,4.89,up
3732,2799,20250510,7.96,7.69,down
3733,2799,20250514,7.68,7.68,up
3734,2799,20250516,7.65,7.84,up
3735,2800,20250509,12.35,12.39,up
3736,2800,20250530,12.94,12.96,up
3737,2801,20250521,35.76,34.9,down
3738,2801,20250526,32.03,31.57,down
3739,2802,20250521,14.22,13.86,down
3740,2802,20250527,13.97,13.79,down
3741,2803,20250507,13.91,14.12,up
3742,2803,20250509,13.96,14.01,up
3743,2803,20250516,13.92,14.25,up
3744,2803,20250520,14.63,14.66,up
3745,2803,20250527,14.04,13.27,down
3746,2803,20250530,13.22,13.32,up
3747,2805,20250513,11.79,11.78,down
3748,2805,20250517,11.76,11.8,up
3749,2805,20250523,11.63,11.64,up
3750,2806,20250522,11.51,11.3,down
3751,2808,20250513,3.37,3.39,up
3752,2808,20250516,3.74,3.93,up
3753,2808,20250520,4.13,4.34,up
3754,2808,20250528,4.94,4.69,down
3755,2809,20250512,15.15,16.67,up
3756,2809,20250515,16.72,18.39,up
3757,2809,20250519,17.1,15.39,down
3758,2809,20250521,16.04,14.44,down
3759,2809,20250526,14.36,15.3,up
3760,2809,20250528,14.33,13.7,down
3761,2810,20250508,11.59,11.42,down
3762,2810,20250513,11.9,11.86,down
3763,2810,20250515,11.96,12.04,up
3764,2810,20250521,12.21,11.91,down
3765,2810,20250527,11.28,11.13,down
3766,2811,20250514,9.29,10.22,up
3767,2811,20250516,11.24,12.36,up
3768,2811,20250519,12.36,13.6,up
3769,2811,20250521,14.96,14.2,down
3770,2811,20250522,14.2,13.8,down
3771,2811,20250530,10.64,10.74,up
3772,2812,20250506,28.07,28.08,up
3773,2812,20250510,28.5,29.19,up
3774,2812,20250514,29.25,28.62,down
3775,2812,20250515,28.62,28.44,down
3776,2812,20250522,28.76,28.48,down
3777,2812,20250530,27.79,27.7,down
3778,2813,20250520,29.27,27.7,down
3779,2813,20250521,27.7,24.93,down
3780,2815,20250510,10.37,10.54,up
3781,2815,20250514,10.4,10.23,down
3782,2815,20250522,10.21,10.02,down
3783,2816,20250508,13.63,14.31,up
3784,2816,20250513,15.78,15.26,down
3785,2816,20250520,18.54,18.56,up
3786,2816,20250528,18.4,17.63,down
3787,2816,20250530,18.51,18.99,up
3788,2817,20250516,7.05,7.13,up
3789,2817,20250530,7.16,7.26,up
3790,2819,20250520,35.1,33.02,down
3791,2819,20250522,31.58,29.5,down
3792,2819,20250527,29.58,28.85,down
3793,2819,20250528,28.85,28.81,down
3794,2820,20250509,11.06,11.0,down
3795,2820,20250513,10.98,10.98,up
3796,2820,20250520,11.52,11.27,down
3797,2821,20250507,81.8,80.4,down
3798,2821,20250520,81.78,86.15,up
3799,2821,20250527,89.0,88.1,down
3800,2822,20250506,3.42,3.43,up
3801,2822,20250521,3.41,3.43,up
3802,2822,20250523,3.43,3.48,up
3803,2822,20250524,3.43,3.48,up
3804,2822,20250527,3.51,3.41,down
3805,2823,20250508,14.11,13.86,down
3806,2823,20250513,14.14,13.99,down
3807,2823,20250527,13.56,13.41,down
3808,2824,20250513,16.21,16.07,down
3809,2824,20250514,16.07,15.93,down
3810,2824,20250517,16.11,15.94,down
3811,2824,20250528,15.05,15.18,up
3812,2825,20250506,9.6,9.64,up
3813,2825,20250514,12.49,11.24,down
3814,2825,20250522,10.2,10.4,up
3815,2826,20250508,11.39,11.3,down
3816,2826,20250517,11.59,11.67,up
3817,2826,20250527,12.18,13.4,up
3818,2826,20250529,12.18,13.4,up
3819,2826,20250530,12.18,13.4,up
3820,2827,20250507,29.58,30.15,up
3821,2827,20250514,28.05,27.8,down
3822,2828,20250508,9.05,8.68,down
3823,2828,20250510,8.68,8.81,up
3824,2828,20250513,8.91,8.95,up
3825,2828,20250527,8.91,8.85,down
3826,2829,20250516,18.95,19.26,up
3827,2829,20250520,19.08,19.86,up
3828,2830,20250517,13.75,13.91,up
3829,2830,20250530,14.0,14.39,up
3830,2831,20250506,20.95,20.79,down
3831,2831,20250514,22.81,22.49,down
3832,2831,20250516,22.71,22.82,up
3833,2831,20250521,23.92,23.6,down
3834,2831,20250524,23.92,23.91,down
3835,2831,20250527,23.91,24.07,up
3836,2832,20250515,16.34,16.26,down
3837,2832,20250517,16.26,16.41,up
3838,2832,20250524,16.28,16.24,down
3839,2833,20250513,17.39,17.1,down
3840,2833,20250529,17.39,17.1,down
3841,2835,20250506,17.58,17.57,down
3842,2835,20250513,17.95,17.86,down
3843,2835,20250516,17.7,17.67,down
3844,2836,20250510,8.99,8.82,down
3845,2836,20250517,8.95,8.96,up
3846,2836,20250520,9.17,9.13,down
3847,2837,20250507,33.88,34.59,up
3848,2837,20250515,33.13,32.76,down
3849,2837,20250517,32.76,32.76,up
3850,2837,20250522,31.76,31.5,down
3851,2837,20250523,31.5,32.22,up
3852,2837,20250529,32.4,24.26,down
3853,2838,20250506,15.95,16.06,up
3854,2838,20250507,16.06,16.28,up
3855,2838,20250508,16.28,17.2,up
3856,2838,20250509,17.2,17.52,up
3857,2838,20250510,17.2,17.52,up
3858,2838,20250512,17.52,17.45,down
3859,2838,20250513,17.45,17.59,up
3860,2838,20250514,17.59,17.39,down
3861,2838,20250517,18.38,18.29,down
3862,2838,20250521,18.56,18.86,up
3863,2838,20250522,18.86,18.71,down
3864,2838,20250523,18.71,18.53,down
3865,2839,20250510,4.31,4.35,up
3866,2840,20250507,10.82,10.83,up
3867,2840,20250509,10.71,10.73,up
3868,2840,20250515,10.68,10.58,down
3869,2840,20250516,10.58,10.56,down
3870,2840,20250520,10.77,10.69,down
3871,2840,20250527,10.41,10.28,down
3872,2840,20250528,10.28,10.4,up
3873,2840,20250530,10.93,10.9,down
3874,2841,20250507,35.06,35.42,up
3875,2841,20250517,34.46,34.17,down
3876,2842,20250520,8.22,7.86,down
3877,2842,20250521,7.86,7.7,down
3878,2842,20250529,7.83,8.11,up
3879,2843,20250514,25.91,24.01,down
3880,2843,20250517,24.73,25.35,up
3881,2843,20250523,23.0,23.4,up
3882,2845,20250508,13.85,13.64,down
3883,2845,20250521,13.42,13.23,down
3884,2845,20250523,13.01,13.2,up
3885,2846,20250506,9.55,9.5,down
3886,2846,20250510,9.36,9.54,up
3887,2846,20250517,10.13,10.27,up
3888,2846,20250528,12.54,12.35,down
3889,2847,20250515,90.75,89.46,down
3890,2847,20250522,92.36,89.82,down
3891,2848,20250517,6.49,6.65,up
3892,2848,20250529,7.46,7.59,up
3893,2849,20250513,18.74,18.99,up
3894,2849,20250520,17.17,16.95,down
3895,2849,20250521,16.95,16.19,down
3896,2850,20250507,127.69,127.83,up
3897,2850,20250510,127.67,128.12,up
3898,2850,20250523,119.43,117.15,down
3899,2850,20250528,113.61,114.04,up
3900,2851,20250513,48.2,48.4,up
3901,2851,20250521,45.35,46.3,up
3902,2851,20250530,43.0,43.05,up
3903,2852,20250508,9.82,9.68,down
3904,2853,20250508,14.87,14.79,down
3905,2853,20250515,14.29,13.65,down
3906,2853,20250520,13.52,12.99,down
3907,2855,20250516,17.4,17.42,up
3908,2855,20250521,17.19,17.24,up
3909,2856,20250510,10.11,10.2,up
3910,2856,20250517,10.47,10.83,up
3911,2856,20250523,10.48,10.91,up
3912,2857,20250510,15.81,16.5,up
3913,2857,20250520,18.68,18.97,up
3914,2858,20250515,12.07,12.02,down
3915,2858,20250521,13.06,12.78,down
3916,2858,20250522,12.78,12.36,down
3917,2859,20250507,18.4,18.46,up
3918,2859,20250510,18.17,18.89,up
3919,2859,20250514,18.57,18.26,down
3920,2859,20250521,19.03,19.36,up
3921,2859,20250522,19.36,18.55,down
3922,2859,20250527,18.48,18.18,down
3923,2860,20250507,12.8,13.53,up
3924,2860,20250508,13.53,12.68,down
3925,2860,20250516,14.21,13.68,down
3926,2860,20250521,13.13,12.76,down
3927,2860,20250526,12.44,12.4,down
3928,2861,20250514,14.25,14.05,down
3929,2861,20250517,14.05,14.17,up
3930,2861,20250523,14.9,14.88,down
3931,2862,20250507,25.57,25.62,up
3932,2862,20250509,25.3,25.88,up
3933,2862,20250510,25.3,25.88,up
3934,2862,20250515,24.87,18.21,down
3935,2862,20250527,20.81,21.23,up
3936,2863,20250517,5.16,5.12,down
3937,2864,20250507,27.12,27.5,up
3938,2864,20250510,27.5,27.57,up
3939,2864,20250514,27.39,27.54,up
3940,2864,20250515,27.54,28.23,up
3941,2864,20250517,28.23,27.98,down
3942,2864,20250522,28.18,28.11,down
3943,2864,20250523,28.11,27.8,down
3944,2865,20250506,41.18,41.1,down
3945,2865,20250508,42.09,40.4,down
3946,2865,20250514,41.92,40.58,down
3947,2866,20250521,16.35,15.95,down
3948,2867,20250515,13.29,13.47,up
3949,2867,20250528,16.34,15.56,down
3950,2868,20250508,19.68,19.56,down
3951,2868,20250519,22.51,23.64,up
3952,2868,20250521,24.82,25.11,up
3953,2868,20250522,25.11,23.94,down
3954,2868,20250527,25.25,24.61,down
3955,2868,20250529,24.86,24.3,down
3956,2869,20250510,24.17,24.6,up
3957,2869,20250516,23.67,23.84,up
3958,2869,20250527,22.99,23.51,up
3959,2869,20250530,24.85,24.81,down
3960,2870,20250507,35.77,35.87,up
3961,2870,20250514,33.8,33.48,down
3962,2870,20250517,34.92,34.03,down
3963,2871,20250506,10.2,10.35,up
3964,2871,20250507,10.35,10.6,up
3965,2871,20250509,10.74,10.64,down
3966,2871,20250520,11.02,10.9,down
3967,2871,20250522,10.84,10.69,down
3968,2871,20250524,10.69,10.9,up
3969,2871,20250527,10.81,10.7,down
3970,2872,20250513,4.14,4.08,down
3971,2872,20250524,4.09,4.11,up
3972,2873,20250520,9.31,9.19,down
3973,2873,20250527,9.07,8.88,down
3974,2875,20250507,13.67,13.68,up
3975,2877,20250514,8.41,8.34,down
3976,2877,20250520,8.64,8.69,up
3977,2877,20250522,8.46,8.31,down
3978,2877,20250527,8.56,8.51,down
3979,2877,20250528,8.51,8.6,up
3980,2877,20250530,8.37,8.48,up
3981,2878,20250509,14.66,14.77,up
3982,2878,20250523,14.63,15.44,up
3983,2878,20250530,19.15,18.28,down
3984,2880,20250520,29.26,28.73,down
3985,2881,20250508,49.8,48.17,down
3986,2881,20250513,48.09,47.88,down
3987,2881,20250520,46.85,45.49,down
3988,2881,20250523,44.18,45.01,up
3989,2882,20250509,17.59,17.91,up
3990,2882,20250510,17.59,17.91,up
3991,2882,20250513,17.82,17.58,down
3992,2882,20250517,17.39,17.29,down
3993,2882,20250522,21.22,23.34,up
3994,2882,20250528,25.48,23.35,down
3995,2882,20250529,23.35,23.44,up
3996,2883,20250521,11.15,10.85,down
3997,2883,20250530,10.89,10.87,down
3998,2884,20250508,16.48,16.42,down
3999,2884,20250510,16.42,16.74,up
4000,2884,20250523,15.52,15.48,down
4001,2885,20250513,13.85,13.73,down
4002,2885,20250515,13.29,13.46,up
4003,2885,20250517,13.46,13.62,up
4004,2885,20250520,13.72,13.63,down
4005,2886,20250517,19.52,19.41,down
4006,2886,20250523,20.33,20.69,up
4007,2887,20250507,7.53,7.68,up
4008,2887,20250508,7.68,7.67,down
4009,2887,20250515,7.63,7.71,up
4010,2887,20250520,7.91,7.8,down
4011,2887,20250523,7.62,7.73,up
4012,2887,20250529,7.92,7.88,down
4013,2888,20250510,18.03,18.24,up
4014,2888,20250520,18.08,17.89,down
4015,2888,20250523,17.5,17.85,up
4016,2889,20250509,20.35,20.53,up
4017,2889,20250516,20.27,20.28,up
4018,2889,20250520,20.29,20.12,down
4019,2890,20250509,12.21,12.3,up
4020,2890,20250514,11.98,12.13,up
4021,2890,20250520,13.01,12.87,down
4022,2891,20250506,56.98,56.54,down
4023,2891,20250508,55.55,56.83,up
4024,2891,20250513,60.84,60.92,up
4025,2891,20250523,63.06,63.49,up
4026,2891,20250527,62.93,62.56,down
4027,2892,20250506,16.04,16.0,down
4028,2892,20250508,16.21,16.34,up
4029,2892,20250514,17.91,17.54,down
4030,2892,20250517,17.97,17.61,down
4031,2892,20250527,16.23,15.97,down
4032,2893,20250515,10.51,10.59,up
4033,2893,20250521,10.82,10.68,down
4034,2895,20250506,22.87,23.49,up
4035,2895,20250507,23.49,23.25,down
4036,2895,20250510,23.18,23.25,up
4037,2895,20250529,25.06,25.05,down
4038,2895,20250530,25.05,24.73,down
4039,2896,20250506,92.05,92.35,up
4040,2896,20250516,84.45,82.9,down
4041,2896,20250527,76.63,75.9,down
4042,2897,20250509,40.91,41.15,up
4043,2897,20250515,39.84,40.62,up
4044,2897,20250520,40.08,39.53,down
4045,2897,20250522,38.97,38.23,down
4046,2898,20250508,7.09,6.98,down
4047,2898,20250520,8.81,9.25,up
4048,2898,20250522,9.71,10.2,up
4049,2898,20250524,10.2,10.71,up
4050,2898,20250526,10.71,11.25,up
4051,2898,20250529,11.22,11.78,up
4052,2899,20250507,20.84,20.73,down
4053,2899,20250521,21.05,21.82,up
4054,2899,20250528,20.66,20.7,up
4055,2900,20250506,11.28,11.36,up
4056,2900,20250510,11.24,11.3,up
4057,2900,20250516,13.92,14.33,up
4058,2900,20250519,14.33,13.83,down
4059,2900,20250522,14.9,15.49,up
4060,2901,20250522,37.78,38.11,up
4061,2902,20250506,17.76,17.74,down
4062,2902,20250507,17.74,18.4,up
4063,2902,20250513,18.17,18.23,up
4064,2902,20250520,18.14,17.94,down
4065,2902,20250528,18.17,18.42,up
4066,2903,20250516,22.04,21.61,down
4067,2903,20250530,19.75,19.55,down
4068,2905,20250506,8.2,8.07,down
4069,2905,20250514,8.08,8.11,up
4070,2906,20250506,31.69,31.8,up
4071,2906,20250521,35.3,35.1,down
4072,2907,20250509,14.61,14.33,down
4073,2907,20250514,13.72,13.95,up
4074,2907,20250515,13.95,14.25,up
4075,2907,20250522,14.04,14.57,up
4076,2907,20250523,14.57,14.13,down
4077,2907,20250527,15.54,17.09,up
4078,2907,20250529,18.8,20.63,up
4079,2907,20250530,20.63,21.87,up
4080,2908,20250509,9.38,9.42,up
4081,2908,20250517,9.22,9.3,up
4082,2908,20250528,8.98,9.44,up
4083,2909,20250507,5.8,5.83,up
4084,2909,20250515,7.61,8.37,up
4085,2909,20250519,7.53,6.86,down
4086,2909,20250522,6.42,6.29,down
4087,2909,20250527,6.35,6.25,down
4088,2910,20250507,8.96,9.14,up
4089,2910,20250513,8.94,8.9,down
4090,2910,20250524,8.97,9.11,up
4091,2911,20250514,10.26,10.27,up
4092,2911,20250522,10.2,10.12,down
4093,2911,20250523,10.12,10.24,up
4094,2912,20250508,23.74,23.28,down
4095,2912,20250514,23.32,22.82,down
4096,2912,20250521,23.03,22.69,down
4097,2913,20250508,25.73,25.48,down
4098,2913,20250514,25.55,25.05,down
4099,2913,20250517,25.46,25.57,up
4100,2915,20250506,21.43,23.57,up
4101,2915,20250514,22.6,20.34,down
4102,2916,20250522,110.82,108.6,down
4103,2916,20250523,108.6,109.24,up
4104,2917,20250517,14.17,14.04,down
4105,2917,20250521,13.76,13.56,down
4106,2918,20250517,8.39,8.53,up
4107,2918,20250520,8.57,8.5,down
4108,2918,20250527,8.29,8.22,down
4109,2918,20250530,8.32,8.38,up
4110,2919,20250521,15.83,15.84,up
4111,2919,20250523,15.32,15.74,up
4112,2920,20250516,107.85,106.95,down
4113,2920,20250524,105.6,103.24,down
4114,2921,20250509,14.26,14.41,up
4115,2921,20250513,14.27,14.0,down
4116,2921,20250522,13.9,13.79,down
4117,2921,20250530,13.6,13.69,up
4118,2922,20250506,15.94,15.96,up
4119,2922,20250507,15.96,16.17,up
4120,2922,20250508,16.17,15.91,down
4121,2922,20250510,15.91,16.56,up
4122,2922,20250513,16.04,15.95,down
4123,2922,20250515,15.58,15.58,up
4124,2923,20250513,12.27,12.57,up
4125,2923,20250514,12.57,12.72,up
4126,2923,20250521,13.71,13.19,down
4127,2923,20250522,13.19,12.67,down
4128,2923,20250526,12.43,12.78,up
4129,2923,20250529,12.71,12.52,down
4130,2925,20250507,16.33,16.47,up
4131,2925,20250510,16.46,16.52,up
4132,2925,20250517,16.34,16.51,up
4133,2925,20250520,16.3,16.3,up
4134,2925,20250524,16.07,16.1,up
4135,2925,20250528,16.0,16.48,up
4136,2926,20250508,8.24,8.15,down
4137,2926,20250512,8.23,8.19,down
4138,2926,20250526,8.21,8.22,up
4139,2926,20250528,8.18,8.28,up
4140,2926,20250530,8.23,8.33,up
4141,2927,20250521,13.9,13.91,up
4142,2927,20250528,14.28,14.86,up
4143,2928,20250508,7.71,7.59,down
4144,2928,20250509,7.59,7.78,up
4145,2928,20250513,7.78,7.78,up
4146,2928,20250517,7.64,7.58,down
4147,2929,20250520,51.76,51.38,down
4148,2929,20250524,47.36,49.81,up
4149,2929,20250526,49.81,49.08,down
4150,2930,20250510,9.3,9.32,up
4151,2930,20250516,9.95,10.21,up
4152,2930,20250521,10.01,10.0,down
4153,2931,20250507,15.72,15.81,up
4154,2931,20250510,15.42,16.96,up
4155,2931,20250520,15.94,16.1,up
4156,2931,20250530,15.19,15.3,up
4157,2932,20250517,18.95,19.35,up
4158,2935,20250509,14.5,14.9,up
4159,2935,20250528,14.65,14.84,up
4160,2936,20250509,1.9,1.91,up
4161,2936,20250530,1.98,2.03,up
4162,2937,20250508,18.91,18.28,down
4163,2937,20250513,18.28,17.76,down
4164,2937,20250515,17.35,17.78,up
4165,2937,20250516,17.78,17.52,down
4166,2937,20250517,17.78,17.52,down
4167,2937,20250523,17.25,17.26,up
4168,2937,20250527,16.93,16.95,up
4169,2937,20250530,16.31,16.34,up
4170,2938,20250507,29.31,30.19,up
4171,2939,20250508,7.91,7.84,down
4172,2939,20250509,7.84,7.98,up
4173,2939,20250513,7.97,8.16,up
4174,2939,20250515,8.05,7.95,down
4175,2939,20250516,7.95,7.97,up
4176,2939,20250523,7.84,7.85,up
4177,2939,20250528,7.9,8.03,up
4178,2940,20250507,13.63,13.73,up
4179,2940,20250508,13.73,13.65,down
4180,2940,20250509,13.65,13.53,down
4181,2940,20250517,13.89,13.71,down
4182,2940,20250520,14.15,14.6,up
4183,2941,20250519,11.52,11.63,up
4184,2941,20250521,11.62,11.4,down
4185,2941,20250529,11.59,11.69,up
4186,2942,20250520,16.99,16.88,down
4187,2943,20250509,26.82,26.12,down
4188,2943,20250514,27.9,27.02,down
4189,2943,20250517,27.99,28.25,up
4190,2945,20250508,14.08,13.84,down
4191,2945,20250515,13.95,13.82,down
4192,2946,20250521,18.69,18.39,down
4193,2946,20250522,18.39,18.09,down
4194,2947,20250507,32.88,32.71,down
4195,2948,20250507,4.56,4.7,up
4196,2948,20250508,4.7,4.86,up
4197,2948,20250509,4.86,4.84,down
4198,2948,20250529,4.9,4.99,up
4199,2949,20250508,14.35,14.16,down
4200,2949,20250516,13.79,14.02,up
4201,2949,20250517,13.79,14.02,up
4202,2949,20250520,14.23,14.04,down
4203,2949,20250521,14.04,13.7,down
4204,2949,20250529,13.92,13.7,down
4205,2949,20250530,13.7,14.37,up
4206,2950,20250507,8.29,8.38,up
4207,2950,20250520,8.84,8.8,down
4208,2950,20250523,8.69,8.6,down
4209,2951,20250521,8.81,8.4,down
4210,2951,20250522,8.81,8.4,down
4211,2951,20250528,8.02,8.36,up
4212,2952,20250519,19.17,19.54,up
4213,2952,20250523,20.6,20.43,down
4214,2953,20250508,10.91,10.77,down
4215,2953,20250517,10.68,10.83,up
4216,2953,20250521,10.71,10.56,down
4217,2953,20250522,10.56,10.42,down
4218,2953,20250523,10.42,10.58,up
4219,2953,20250527,10.62,10.49,down
4220,2955,20250506,24.85,25.11,up
4221,2955,20250508,25.32,25.83,up
4222,2955,20250520,26.01,25.91,down
4223,2956,20250510,21.72,21.19,down
4224,2956,20250520,23.67,22.71,down
4225,2957,20250509,15.54,15.76,up
4226,2957,20250516,15.68,15.71,up
4227,2957,20250530,15.96,15.84,down
4228,2958,20250509,3.36,3.31,down
4229,2958,20250521,3.38,3.4,up
4230,2959,20250514,46.66,47.23,up
4231,2960,20250514,11.37,11.19,down
4232,2960,20250516,11.22,11.12,down
4233,2960,20250530,11.4,11.5,up
4234,2961,20250501,14.42,14.73,up
4235,2961,20250509,14.69,15.28,up
4236,2961,20250513,15.06,16.57,up
4237,2961,20250515,16.51,16.2,down
4238,2961,20250528,16.09,16.18,up
4239,2962,20250517,14.23,14.24,up
4240,2962,20250529,14.29,13.93,down
4241,2963,20250507,12.55,13.81,up
4242,2963,20250509,12.43,11.64,down
4243,2963,20250516,11.6,11.79,up
4244,2963,20250521,11.94,11.64,down
4245,2965,20250516,60.42,59.07,down
4246,2965,20250521,56.12,55.61,down
4247,2965,20250524,55.69,55.37,down
4248,2966,20250513,8.37,8.48,up
4249,2966,20250524,8.55,8.47,down
4250,2966,20250528,8.68,8.64,down
4251,2967,20250510,18.13,17.88,down
4252,2968,20250507,9.75,9.91,up
4253,2968,20250521,9.97,9.93,down
4254,2968,20250528,9.8,10.78,up
4255,2969,20250507,3.22,3.28,up
4256,2969,20250516,3.28,3.34,up
4257,2969,20250517,3.28,3.34,up
4258,2969,20250520,3.38,3.35,down
4259,2969,20250523,3.25,3.29,up
4260,2969,20250527,3.44,3.42,down
4261,2970,20250509,49.97,51.48,up
4262,2970,20250515,50.99,54.51,up
4263,2970,20250516,54.51,52.19,down
4264,2970,20250521,50.72,49.95,down
4265,2970,20250522,49.95,50.09,up
4266,2970,20250524,50.09,49.98,down
4267,2970,20250527,48.13,48.8,up
4268,2970,20250528,48.8,51.07,up
4269,2971,20250513,20.75,20.72,down
4270,2971,20250521,21.33,21.13,down
4271,2972,20250508,11.54,11.48,down
4272,2973,20250512,12.92,12.19,down
4273,2973,20250517,12.11,12.15,up
4274,2973,20250528,13.45,14.8,up
4275,2973,20250530,13.36,13.3,down
4276,2975,20250508,32.26,31.73,down
4277,2975,20250513,32.43,32.0,down
4278,2975,20250515,31.29,31.78,up
4279,2975,20250521,31.5,30.93,down
4280,2975,20250524,31.07,32.51,up
4281,2975,20250529,33.25,32.4,down
4282,2976,20250510,22.38,23.05,up
4283,2976,20250513,22.87,22.43,down
4284,2976,20250516,23.22,23.74,up
4285,2976,20250520,23.52,23.33,down
4286,2976,20250522,23.07,23.12,up
4287,2977,20250512,44.28,48.71,up
4288,2978,20250512,32.03,31.49,down
4289,2978,20250528,31.46,31.1,down
4290,2979,20250507,48.15,49.23,up
4291,2979,20250510,49.4,52.4,up
4292,2979,20250514,51.13,50.55,down
4293,2979,20250516,50.56,49.16,down
4294,2979,20250517,50.56,49.16,down
4295,2979,20250523,47.79,47.79,up
4296,2979,20250529,46.06,44.76,down
4297,2980,20250508,25.99,25.91,down
4298,2980,20250516,26.16,26.08,down
4299,2980,20250529,27.5,27.71,up
4300,2981,20250508,24.92,24.72,down
4301,2981,20250520,24.96,24.2,down
4302,2982,20250509,20.64,20.56,down
4303,2982,20250513,20.44,20.55,up
4304,2982,20250515,21.46,20.68,down
4305,2982,20250522,21.0,20.51,down
4306,2982,20250523,20.51,20.78,up
4307,2982,20250528,20.75,20.94,up
4308,2983,20250507,19.79,19.79,up
4309,2983,20250508,19.79,19.83,up
4310,2983,20250515,19.8,20.0,up
4311,2983,20250521,19.9,19.77,down
4312,2984,20250506,18.78,18.89,up
4313,2984,20250516,18.88,18.99,up
4314,2985,20250524,26.87,26.75,down
4315,2986,20250508,10.74,10.62,down
4316,2986,20250509,10.62,10.74,up
4317,2986,20250519,10.88,10.93,up
4318,2987,20250507,19.51,19.6,up
4319,2987,20250508,19.6,19.01,down
4320,2987,20250520,12.78,12.52,down
4321,2987,20250522,12.31,12.1,down
4322,2988,20250507,31.3,33.25,up
4323,2988,20250513,36.47,34.9,down
4324,2988,20250515,34.9,36.55,up
4325,2988,20250522,37.15,36.78,down
4326,2988,20250528,38.0,37.24,down
4327,2989,20250507,28.98,28.34,down
4328,2989,20250508,28.34,28.79,up
4329,2989,20250514,29.0,29.41,up
4330,2989,20250521,31.38,34.52,up
4331,2989,20250530,36.9,35.78,down
4332,2990,20250507,27.48,28.11,up
4333,2990,20250508,28.11,26.67,down
4334,2990,20250509,26.67,27.46,up
4335,2990,20250510,26.67,27.46,up
4336,2990,20250517,25.88,28.47,up
4337,2990,20250522,30.64,30.13,down
4338,2990,20250524,30.13,29.22,down
4339,2991,20250510,66.21,66.33,up
4340,2991,20250515,65.45,63.75,down
4341,2992,20250517,60.92,57.49,down
4342,2992,20250521,53.8,53.66,down
4343,2992,20250522,53.66,57.97,up
4344,2993,20250508,38.85,38.86,up
4345,2993,20250514,38.87,38.28,down
4346,2993,20250523,37.55,37.31,down
4347,2993,20250530,36.72,36.79,up
4348,2995,20250506,18.13,18.0,down
4349,2995,20250510,17.96,18.38,up
4350,2995,20250513,18.14,18.13,down
4351,2995,20250515,18.19,17.78,down
4352,2995,20250521,18.25,18.08,down
4353,2996,20250507,6.97,6.96,down
4354,2996,20250509,6.88,6.87,down
4355,2996,20250510,6.88,6.87,down
4356,2996,20250517,6.96,6.96,up
4357,2996,20250520,6.94,6.92,down
4358,2996,20250522,6.84,6.77,down
4359,2996,20250527,6.78,6.75,down
4360,2997,20250509,38.84,39.54,up
4361,2997,20250521,37.84,36.95,down
4362,2998,20250508,6.89,6.9,up
4363,2998,20250509,6.9,6.98,up
4364,2998,20250517,7.04,7.15,up
4365,2998,20250522,6.94,6.92,down
4366,2998,20250528,7.93,8.02,up
4367,2998,20250530,7.75,7.99,up
4368,2999,20250512,6.42,6.5,up
4369,2999,20250514,6.56,6.57,up
4370,2999,20250520,6.77,6.74,down
4371,2999,20250527,6.78,6.75,down
4372,3000,20250514,13.62,13.54,down
4373,3000,20250516,13.91,14.4,up
4374,3000,20250521,15.09,14.75,down
4375,3000,20250528,15.07,14.43,down
4376,3001,20250506,41.2,41.55,up
4377,3001,20250510,41.03,39.67,down
4378,3001,20250513,38.84,38.69,down
4379,3002,20250514,27.43,26.67,down
4380,3002,20250517,26.83,26.63,down
4381,3002,20250522,26.51,25.7,down
4382,3003,20250506,11.9,12.17,up
4383,3003,20250509,11.52,11.77,up
4384,3003,20250510,11.52,11.77,up
4385,3003,20250523,12.4,12.3,down
4386,3004,20250506,19.34,18.37,down
4387,3004,20250507,18.37,18.18,down
4388,3004,20250508,18.18,17.81,down
4389,3004,20250509,17.81,18.7,up
4390,3004,20250513,18.01,18.91,up
4391,3004,20250515,19.86,19.37,down
4392,3004,20250521,19.87,19.91,up
4393,3004,20250523,19.35,19.21,down
4394,3004,20250528,19.79,19.94,up
4395,3005,20250517,29.52,29.81,up
4396,3005,20250521,29.67,29.25,down
4397,3006,20250515,32.93,31.85,down
4398,3007,20250507,29.45,29.79,up
4399,3007,20250514,29.29,29.07,down
4400,3007,20250521,29.65,29.1,down
4401,3007,20250530,28.3,28.33,up
4402,3008,20250506,20.66,20.85,up
4403,3008,20250507,20.85,21.15,up
4404,3008,20250513,21.08,20.46,down
4405,3008,20250523,20.34,20.44,up
4406,3008,20250528,20.17,20.47,up
4407,3009,20250510,38.53,39.64,up
4408,3009,20250514,37.58,37.32,down
4409,3009,20250516,37.05,37.59,up
4410,3009,20250520,39.6,37.87,down
4411,3009,20250521,37.87,37.3,down
4412,3009,20250528,36.7,37.31,up
4413,3009,20250530,41.04,45.14,up
4414,3010,20250507,47.3,46.87,down
4415,3010,20250509,47.27,48.03,up
4416,3010,20250514,51.9,57.09,up
4417,3010,20250516,57.64,59.57,up
4418,3010,20250523,62.36,64.11,up
4419,3010,20250529,64.02,65.46,up
4420,3011,20250507,17.18,17.38,up
4421,3011,20250508,17.38,17.24,down
4422,3011,20250520,18.26,18.07,down
4423,3011,20250521,18.07,17.85,down
4424,3011,20250522,17.85,17.63,down
4425,3012,20250506,6.23,6.34,up
4426,3012,20250512,6.19,6.17,down
4427,3012,20250513,6.17,6.03,down
4428,3012,20250514,6.03,6.03,up
4429,3012,20250515,6.03,6.06,up
4430,3013,20250521,15.19,14.71,down
4431,3015,20250507,14.98,15.17,up
4432,3015,20250523,14.28,14.54,up
4433,3016,20250508,7.24,7.27,up
4434,3016,20250522,7.41,7.25,down
4435,3017,20250506,25.42,26.43,up
4436,3017,20250507,26.43,25.0,down
4437,3017,20250516,25.08,25.06,down
4438,3017,20250527,24.54,24.23,down
4439,3018,20250515,11.02,11.22,up
4440,3018,20250521,11.05,10.95,down
4441,3019,20250514,31.05,30.2,down
4442,3019,20250528,29.9,30.27,up
4443,3020,20250513,23.3,23.9,up
4444,3020,20250515,24.14,24.41,up
4445,3020,20250529,24.05,24.12,up
4446,3021,20250513,125.6,124.64,down
4447,3021,20250520,115.05,113.77,down
4448,3021,20250522,112.6,111.74,down
4449,3022,20250513,15.23,15.16,down
4450,3023,20250508,19.31,19.28,down
4451,3023,20250513,19.0,18.85,down
4452,3023,20250516,19.02,19.06,up
4453,3023,20250523,18.67,18.82,up
4454,3023,20250529,19.08,18.97,down
4455,3025,20250520,16.99,16.65,down
4456,3025,20250527,16.23,16.13,down
4457,3026,20250521,31.85,31.49,down
4458,3027,20250508,16.19,16.66,up
4459,3027,20250515,16.33,16.79,up
4460,3028,20250510,43.5,44.45,up
4461,3028,20250513,43.99,43.33,down
4462,3028,20250521,41.85,40.55,down
4463,3028,20250522,40.55,40.19,down
4464,3029,20250514,21.01,20.44,down
4465,3029,20250520,20.67,20.54,down
4466,3029,20250530,20.57,20.74,up
4467,3030,20250508,17.95,17.81,down
4468,3030,20250510,17.81,17.88,up
4469,3030,20250516,18.29,19.02,up
4470,3030,20250520,20.92,19.93,down
4471,3030,20250527,20.1,20.1,up
4472,3030,20250528,20.1,19.7,down
4473,3031,20250514,48.51,47.9,down
4474,3031,20250516,47.86,48.1,up
4475,3031,20250520,47.75,47.61,down
4476,3031,20250527,47.2,47.9,up
4477,3032,20250514,6.0,5.98,down
4478,3033,20250507,50.36,53.3,up
4479,3033,20250513,52.37,52.66,up
4480,3033,20250521,49.1,48.11,down
4481,3035,20250508,4.41,4.45,up
4482,3035,20250527,4.5,4.48,down
4483,3035,20250529,4.51,4.96,up
4484,3036,20250509,14.7,14.98,up
4485,3036,20250523,14.04,13.73,down
4486,3037,20250509,6.88,7.21,up
4487,3037,20250514,7.12,7.17,up
4488,3037,20250521,7.06,6.9,down
4489,3038,20250506,21.13,21.16,up
4490,3038,20250513,21.0,20.73,down
4491,3038,20250515,20.42,20.56,up
4492,3038,20250520,21.06,21.32,up
4493,3038,20250526,20.61,19.87,down
4494,3039,20250506,13.71,14.06,up
4495,3039,20250513,13.81,13.82,up
4496,3039,20250527,14.29,14.21,down
4497,3040,20250509,13.0,13.02,up
4498,3040,20250510,13.0,13.02,up
4499,3040,20250517,12.67,12.86,up
4500,3040,20250522,12.67,12.46,down
4501,3041,20250507,30.45,29.9,down
4502,3041,20250520,29.66,29.47,down
4503,3041,20250527,29.8,30.0,up
4504,3042,20250513,15.77,15.79,up
4505,3043,20250515,52.87,51.94,down
4506,3043,20250520,51.88,51.8,down
4507,3043,20250522,52.48,52.41,down
4508,3043,20250527,52.2,51.55,down
4509,3043,20250530,53.22,53.48,up
4510,3816,20250517,3.58,3.64,up
4511,3816,20250522,3.66,3.64,down
4512,200468,20250506,4.11,4.1,down
4513,200468,20250523,4.1,4.07,down
4514,200468,20250529,3.92,3.96,up
4515,200512,20250507,3.14,3.16,up
4516,200530,20250523,1.56,1.56,up
4517,200550,20250507,9.85,9.88,up
4518,200550,20250530,9.96,9.84,down
4519,200553,20250528,2.31,2.32,up
4520,200706,20250522,2.6,2.54,down
4521,200706,20250526,2.59,2.59,up
4522,200771,20250507,10.94,10.94,up
4523,200771,20250508,10.94,10.69,down
4524,200771,20250509,10.69,10.67,down
4525,200771,20250513,10.75,10.93,up
4526,200771,20250517,10.93,11.02,up
4527,200992,20250507,2.17,2.18,up
4528,300001,20250506,23.5,23.28,down
4529,300001,20250519,22.68,22.92,up
4530,300001,20250530,22.16,22.18,up
4531,300002,20250515,10.87,10.88,up
4532,300002,20250521,10.7,10.87,up
4533,300003,20250509,11.32,11.36,up
4534,300003,20250515,11.27,11.25,down
4535,300003,20250519,11.22,11.39,up
4536,300003,20250520,11.39,11.39,up
4537,300003,20250522,11.18,11.23,up
4538,300003,20250523,11.23,11.19,down
4539,300003,20250527,11.28,11.12,down
4540,300003,20250530,11.5,11.76,up
4541,300004,20250519,9.96,9.6,down
4542,300005,20250520,10.1,9.61,down
4543,300005,20250527,9.37,9.15,down
4544,300006,20250531,3.59,3.72,up
4545,300007,20250512,42.92,42.2,down
4546,300007,20250519,40.01,39.36,down
4547,300007,20250521,39.03,38.3,down
4548,300008,20250509,6.23,6.48,up
4549,300008,20250521,5.99,5.95,down
4550,300008,20250531,5.97,6.21,up
4551,300009,20250516,8.83,8.74,down
4552,300009,20250528,8.74,8.99,up
4553,300010,20250507,7.65,7.62,down
4554,300010,20250523,6.95,7.01,up
4555,300011,20250515,7.26,7.26,up
4556,300011,20250520,7.4,7.26,down
4557,300011,20250530,7.08,7.05,down
4558,300012,20250520,11.31,11.26,down
4559,300013,20250509,3.97,4.0,up
4560,300013,20250521,3.98,3.92,down
4561,300013,20250526,3.88,3.95,up
4562,300014,20250506,42.52,42.58,up
4563,300014,20250508,43.41,43.32,down
4564,300014,20250512,44.26,44.47,up
4565,300014,20250515,45.87,45.3,down
4566,300015,20250506,13.21,13.14,down
4567,300015,20250509,12.86,12.97,up
4568,300015,20250513,13.11,13.12,up
4569,300015,20250520,13.04,12.9,down
4570,300015,20250526,12.55,12.48,down
4571,300016,20250508,6.76,6.62,down
4572,300016,20250512,6.62,6.64,up
4573,300016,20250523,6.73,6.6,down
4574,300017,20250507,11.93,11.91,down
4575,300017,20250515,11.3,11.26,down
4576,300017,20250522,11.17,10.41,down
4577,300018,20250501,6.9,7.23,up
4578,300018,20250526,7.22,7.19,down
4579,300019,20250506,18.98,18.8,down
4580,300019,20250507,18.8,18.57,down
4581,300019,20250509,18.43,18.43,up
4582,300020,20250519,4.2,4.14,down
4583,300020,20250524,4.17,4.05,down
4584,300021,20250507,5.09,4.92,down
4585,300021,20250509,4.87,4.84,down
4586,300021,20250514,4.73,4.72,down
4587,300021,20250515,4.72,4.71,down
4588,300021,20250516,4.71,4.8,up
4589,300021,20250523,4.79,5.01,up
4590,300021,20250528,4.76,4.86,up
4591,300021,20250530,4.8,4.72,down
4592,300021,20250531,4.8,4.72,down
4593,300022,20250506,8.01,8.39,up
4594,300022,20250512,8.24,8.34,up
4595,300022,20250515,8.29,8.24,down
4596,300022,20250516,8.24,8.31,up
4597,300024,20250514,17.36,16.92,down
4598,300024,20250516,16.96,16.93,down
4599,300025,20250508,7.2,7.02,down
4600,300025,20250510,7.02,7.17,up
4601,300025,20250515,6.9,7.0,up
4602,300025,20250528,6.93,7.16,up
4603,300026,20250513,3.42,3.43,up
4604,300026,20250514,3.43,3.41,down
4605,300026,20250520,3.59,3.8,up
4606,300026,20250521,3.8,3.71,down
4607,300026,20250523,3.83,3.84,up
4608,300027,20250506,2.47,2.47,up
4609,300027,20250512,2.49,2.45,down
4610,300029,20250508,5.05,5.08,up
4611,300029,20250522,5.2,5.06,down
4612,300030,20250512,6.15,6.2,up
4613,300030,20250515,6.22,6.23,up
4614,300030,20250516,6.23,6.25,up
4615,300031,20250509,28.66,29.4,up
4616,300031,20250523,24.81,25.09,up
4617,300032,20250508,5.92,5.17,down
4618,300032,20250515,5.5,5.76,up
4619,300032,20250520,5.21,5.17,down
4620,300032,20250521,5.17,5.13,down
4621,300034,20250515,15.67,15.52,down
4622,300034,20250521,15.71,15.44,down
4623,300035,20250512,16.28,15.48,down
4624,300035,20250517,15.01,14.9,down
4625,300035,20250520,14.95,15.44,up
4626,300035,20250523,14.42,14.51,up
4627,300035,20250530,13.94,14.27,up
4628,300036,20250515,14.28,14.23,down
4629,300037,20250507,32.16,32.34,up
4630,300037,20250513,32.15,32.02,down
4631,300037,20250516,31.56,32.0,up
4632,300037,20250520,31.85,32.09,up
4633,300037,20250527,30.82,30.16,down
4634,300037,20250530,30.27,30.61,up
4635,300039,20250507,6.02,6.06,up
4636,300039,20250516,6.1,6.04,down
4637,300039,20250521,6.15,6.03,down
4638,300040,20250509,7.9,7.6,down
4639,300040,20250512,7.6,8.0,up
4640,300040,20250515,7.94,7.84,down
4641,300040,20250516,7.84,8.09,up
4642,300040,20250522,7.42,7.16,down
4643,300041,20250519,9.33,9.21,down
4644,300041,20250520,9.21,9.14,down
4645,300041,20250523,8.9,8.95,up
4646,300041,20250529,9.11,8.85,down
4647,300042,20250521,23.69,23.2,down
4648,300043,20250520,3.82,3.76,down
4649,300043,20250530,3.74,3.85,up
4650,300044,20250512,3.92,3.86,down
4651,300044,20250515,3.76,3.66,down
4652,300044,20250523,3.59,3.68,up
4653,300045,20250519,18.26,18.15,down
4654,300046,20250507,31.61,31.89,up
4655,300046,20250520,31.18,30.68,down
4656,300046,20250521,30.68,31.27,up
4657,300046,20250529,32.52,31.46,down
4658,300046,20250530,31.46,31.34,down
4659,300047,20250508,16.22,15.48,down
4660,300047,20250530,14.98,14.76,down
4661,300048,20250513,5.55,5.54,down
4662,300048,20250529,5.88,5.72,down
4663,300049,20250514,32.23,31.35,down
4664,300049,20250515,31.35,30.85,down
4665,300049,20250521,30.02,29.85,down
4666,300050,20250514,5.52,5.42,down
4667,300050,20250520,5.63,5.5,down
4668,300051,20250512,6.72,6.86,up
4669,300051,20250516,6.6,6.88,up
4670,300051,20250523,6.99,7.15,up
4671,300052,20250507,9.01,9.24,up
4672,300052,20250516,9.45,10.13,up
4673,300052,20250520,10.09,10.3,up
4674,300053,20250506,12.18,12.09,down
4675,300053,20250516,12.3,12.48,up
4676,300053,20250520,12.5,12.21,down
4677,300053,20250530,12.52,12.53,up
4678,300054,20250515,28.15,28.22,up
4679,300054,20250521,28.38,27.79,down
4680,300054,20250529,28.23,27.77,down
4681,300055,20250507,5.21,5.49,up
4682,300055,20250509,5.36,5.31,down
4683,300056,20250513,13.32,13.4,up
4684,300056,20250514,13.4,12.87,down
4685,300056,20250519,13.26,13.37,up
4686,300057,20250501,4.64,4.77,up
4687,300057,20250507,4.79,4.88,up
4688,300057,20250508,4.88,4.79,down
4689,300058,20250522,8.59,8.33,down
4690,300058,20250527,8.35,8.23,down
4691,300059,20250516,21.53,21.5,down
4692,300059,20250526,20.8,20.69,down
4693,300061,20250507,11.69,11.83,up
4694,300061,20250514,12.11,11.5,down
4695,300061,20250522,12.57,12.15,down
4696,300061,20250531,12.39,12.24,down
4697,300062,20250522,5.02,4.97,down
4698,300062,20250530,5.08,5.13,up
4699,300063,20250520,8.72,8.48,down
4700,300063,20250523,8.12,8.29,up
4701,300063,20250528,8.09,8.27,up
4702,300063,20250530,8.04,8.06,up
4703,300065,20250509,16.17,16.91,up
4704,300065,20250514,16.48,15.67,down
4705,300065,20250527,16.52,17.18,up
4706,300066,20250510,4.21,4.21,up
4707,300066,20250528,4.07,4.15,up
4708,300067,20250527,5.25,5.76,up
4709,300067,20250530,5.51,5.54,up
4710,300068,20250507,14.91,15.16,up
4711,300068,20250521,15.58,14.82,down
4712,300068,20250522,14.82,14.22,down
4713,300069,20250512,17.09,16.88,down
4714,300069,20250513,16.88,16.71,down
4715,300069,20250514,16.71,16.2,down
4716,300069,20250520,23.4,22.28,down
4717,300069,20250530,20.14,20.8,up
4718,300070,20250508,4.62,4.55,down
4719,300070,20250519,4.51,4.52,up
4720,300070,20250523,4.36,4.41,up
4721,300071,20250508,5.2,5.04,down
4722,300071,20250513,5.12,5.15,up
4723,300071,20250520,5.15,4.98,down
4724,300071,20250527,4.83,4.84,up
4725,300072,20250514,3.05,3.0,down
4726,300072,20250521,3.07,3.01,down
4727,300073,20250506,39.07,39.08,up
4728,300073,20250509,40.0,40.69,up
4729,300073,20250513,40.33,40.59,up
4730,300073,20250522,39.91,39.06,down
4731,300073,20250529,38.55,37.94,down
4732,300074,20250523,4.34,4.51,up
4733,300075,20250516,16.3,16.45,up
4734,300075,20250519,16.45,16.52,up
4735,300076,20250506,6.94,6.92,down
4736,300076,20250516,6.8,6.95,up
4737,300076,20250520,7.23,7.04,down
4738,300076,20250523,6.85,6.99,up
4739,300077,20250507,25.39,25.42,up
4740,300077,20250531,23.78,23.5,down
4741,300078,20250512,3.58,3.7,up
4742,300078,20250515,3.53,3.58,up
4743,300078,20250516,3.58,3.61,up
4744,300078,20250521,3.6,3.54,down
4745,300078,20250527,3.59,3.51,down
4746,300078,20250528,3.51,3.7,up
4747,300078,20250530,3.67,3.69,up
4748,300079,20250510,5.34,5.4,up
4749,300079,20250531,5.38,5.43,up
4750,300080,20250516,3.75,3.79,up
4751,300080,20250519,3.79,3.84,up
4752,300080,20250531,3.81,3.82,up
4753,300081,20250506,6.33,6.28,down
4754,300081,20250509,6.34,6.47,up
4755,300081,20250523,6.2,6.51,up
4756,300081,20250526,6.51,6.45,down
4757,300082,20250509,6.25,6.41,up
4758,300082,20250520,6.54,6.59,up
4759,300082,20250523,6.75,6.8,up
4760,300082,20250528,7.16,7.13,down
4761,300082,20250530,7.48,8.36,up
4762,300083,20250507,8.76,8.77,up
4763,300083,20250516,8.73,8.61,down
4764,300083,20250517,8.73,8.61,down
4765,300083,20250523,8.09,8.18,up
4766,300084,20250528,7.95,7.82,down
4767,300085,20250506,32.46,32.12,down
4768,300085,20250509,31.12,32.75,up
4769,300085,20250526,34.6,35.3,up
4770,300085,20250531,35.62,35.86,up
4771,300086,20250507,4.8,4.9,up
4772,300087,20250501,9.19,9.32,up
4773,300087,20250529,9.08,9.12,up
4774,300088,20250507,6.02,6.05,up
4775,300088,20250513,6.02,6.04,up
4776,300088,20250516,5.96,6.0,up
4777,300088,20250522,5.82,5.74,down
4778,300091,20250501,2.38,2.46,up
4779,300091,20250509,2.89,2.89,up
4780,300091,20250514,2.81,2.75,down
4781,300091,20250517,2.77,2.86,up
4782,300092,20250507,12.5,12.67,up
4783,300092,20250513,12.48,12.24,down
4784,300092,20250515,12.1,12.32,up
4785,300093,20250527,10.45,10.98,up
4786,300093,20250530,11.4,12.3,up
4787,300094,20250506,3.42,3.46,up
4788,300094,20250507,3.46,3.51,up
4789,300094,20250522,3.42,3.36,down
4790,300095,20250506,6.77,8.12,up
4791,300095,20250508,9.74,9.75,up
4792,300095,20250514,9.1,9.32,up
4793,300095,20250515,9.32,9.32,up
4794,300095,20250520,8.56,8.44,down
4795,300095,20250522,8.73,8.38,down
4796,300095,20250526,8.63,8.59,down
4797,300095,20250528,8.29,8.48,up
4798,300095,20250530,8.34,8.47,up
4799,300096,20250506,4.07,4.08,up
4800,300096,20250520,4.46,4.45,down
4801,300097,20250509,4.51,4.56,up
4802,300098,20250508,5.1,5.03,down
4803,300099,20250515,6.93,6.91,down
4804,300099,20250523,6.75,6.77,up
4805,300100,20250506,78.97,77.88,down
4806,300100,20250509,76.19,77.78,up
4807,300100,20250530,42.24,43.61,up
4808,300101,20250506,16.95,17.34,up
4809,300102,20250509,10.82,10.98,up
4810,300102,20250528,11.08,11.18,up
4811,300103,20250510,6.11,6.21,up
4812,300103,20250513,6.1,6.05,down
4813,300103,20250520,6.29,6.16,down
4814,300105,20250507,7.37,7.34,down
4815,300105,20250516,7.26,7.35,up
4816,300105,20250527,7.25,7.24,down
4817,300105,20250530,7.17,7.28,up
4818,300106,20250506,10.85,11.04,up
4819,300106,20250519,11.29,11.59,up
4820,300106,20250520,11.59,11.34,down
4821,300107,20250508,8.2,8.04,down
4822,300107,20250513,8.12,8.1,down
4823,300107,20250526,7.79,7.78,down
4824,300107,20250528,7.66,7.88,up
4825,300109,20250519,16.46,16.38,down
4826,300109,20250528,16.06,16.26,up
4827,300109,20250530,16.73,17.19,up
4828,300110,20250506,2.99,3.03,up
4829,300110,20250514,3.07,3.09,up
4830,300110,20250516,3.15,3.16,up
4831,300110,20250528,3.14,3.21,up
4832,300111,20250506,2.97,3.0,up
4833,300111,20250509,3.01,2.98,down
4834,300112,20250509,8.38,8.51,up
4835,300112,20250515,8.31,8.38,up
4836,300113,20250508,19.16,18.87,down
4837,300113,20250509,18.87,19.05,up
4838,300113,20250515,18.51,18.6,up
4839,300113,20250530,18.32,18.49,up
4840,300115,20250506,22.07,21.78,down
4841,300115,20250509,21.32,22.82,up
4842,300115,20250512,22.82,22.56,down
4843,300115,20250520,21.44,21.53,up
4844,300118,20250513,11.17,10.61,down
4845,300118,20250514,10.61,10.22,down
4846,300118,20250523,9.63,9.74,up
4847,300119,20250512,22.21,21.85,down
4848,300119,20250515,23.1,24.1,up
4849,300120,20250512,8.17,7.98,down
4850,300120,20250514,7.97,7.81,down
4851,300120,20250516,7.81,8.32,up
4852,300121,20250501,11.53,11.99,up
4853,300121,20250508,11.97,11.69,down
4854,300121,20250510,11.69,11.67,down
4855,300121,20250515,11.39,11.42,up
4856,300121,20250523,15.08,16.04,up
4857,300121,20250529,14.91,14.0,down
4858,300122,20250509,19.26,19.57,up
4859,300122,20250516,19.47,19.47,up
4860,300122,20250520,20.21,19.88,down
4861,300122,20250530,19.14,19.49,up
4862,300123,20250508,6.48,6.59,up
4863,300123,20250515,6.22,6.18,down
4864,300123,20250516,6.18,6.43,up
4865,300123,20250520,6.31,6.22,down
4866,300123,20250522,6.39,6.13,down
4867,300124,20250507,70.48,70.61,up
4868,300124,20250516,68.65,68.3,down
4869,300124,20250519,68.3,68.53,up
4870,300124,20250522,67.23,66.5,down
4871,300124,20250523,66.5,66.65,up
4872,300124,20250529,67.08,65.78,down
4873,300125,20250506,6.9,7.02,up
4874,300125,20250513,6.77,6.55,down
4875,300125,20250515,6.68,6.66,down
4876,300125,20250520,7.2,7.16,down
4877,300125,20250527,6.78,6.61,down
4878,300126,20250519,7.16,7.28,up
4879,300127,20250515,26.89,25.82,down
4880,300127,20250530,23.72,24.28,up
4881,300128,20250530,5.29,5.25,down
4882,300128,20250531,5.29,5.25,down
4883,300129,20250506,6.52,6.63,up
4884,300129,20250510,6.59,6.68,up
4885,300130,20250528,24.62,28.07,up
4886,300130,20250529,28.07,26.5,down
4887,300131,20250506,7.14,7.15,up
4888,300131,20250508,7.26,7.1,down
4889,300131,20250514,7.19,7.12,down
4890,300132,20250508,5.49,5.5,up
4891,300132,20250530,6.16,6.36,up
4892,300133,20250513,7.12,7.13,up
4893,300133,20250514,7.13,6.68,down
4894,300133,20250515,6.68,6.69,up
4895,300133,20250520,6.88,6.82,down
4896,300133,20250522,6.76,6.59,down
4897,300134,20250514,11.97,11.79,down
4898,300134,20250516,11.88,12.06,up
4899,300135,20250519,3.91,3.98,up
4900,300135,20250523,3.72,3.77,up
4901,300135,20250526,3.77,3.8,up
4902,300135,20250527,3.8,3.74,down
4903,300136,20250507,20.91,21.15,up
4904,300136,20250530,21.48,21.31,down
4905,300137,20250512,6.07,6.0,down
4906,300137,20250523,5.61,5.64,up
4907,300138,20250506,11.18,11.12,down
4908,300138,20250509,11.53,11.26,down
4909,300138,20250512,11.26,11.31,up
4910,300138,20250513,11.31,11.14,down
4911,300138,20250515,11.14,11.0,down
4912,300138,20250516,11.0,11.19,up
4913,300138,20250520,11.28,11.38,up
4914,300138,20250526,10.84,11.27,up
4915,300139,20250512,17.83,18.0,up
4916,300139,20250516,17.19,17.44,up
4917,300139,20250528,19.32,18.83,down
4918,300140,20250509,5.89,5.98,up
4919,300140,20250513,5.96,5.96,up
4920,300140,20250520,6.09,6.05,down
4921,300141,20250513,8.77,8.69,down
4922,300142,20250501,10.0,10.27,up
4923,300142,20250509,10.13,10.19,up
4924,300142,20250513,10.25,10.25,up
4925,300142,20250521,10.4,10.17,down
4926,300143,20250530,9.25,9.42,up
4927,300144,20250507,9.3,9.17,down
4928,300144,20250520,9.29,9.14,down
4929,300144,20250521,9.14,8.99,down
4930,300144,20250528,9.03,9.08,up
4931,300144,20250530,9.05,9.07,up
4932,300145,20250506,3.58,3.65,up
4933,300145,20250512,3.61,3.59,down
4934,300145,20250520,3.63,3.59,down
4935,300145,20250526,3.4,3.38,down
4936,300146,20250507,11.16,11.17,up
4937,300147,20250509,7.37,7.42,up
4938,300147,20250515,7.48,8.02,up
4939,300148,20250520,4.75,4.69,down
4940,300149,20250506,6.15,6.2,up
4941,300149,20250516,6.35,6.35,up
4942,300149,20250519,6.35,6.52,up
4943,300149,20250521,6.91,7.33,up
4944,300149,20250528,7.13,8.56,up
4945,300149,20250530,10.27,11.62,up
4946,300150,20250520,4.75,4.71,down
4947,300151,20250517,13.1,13.16,up
4948,300151,20250519,13.16,13.21,up
4949,300151,20250520,13.21,13.06,down
4950,300151,20250523,12.71,12.48,down
4951,300151,20250524,12.71,12.48,down
4952,300151,20250526,12.48,12.29,down
4953,300151,20250527,12.29,12.11,down
4954,300151,20250528,12.11,12.31,up
4955,300151,20250529,12.31,12.06,down
4956,300151,20250530,12.06,12.06,up
4957,300152,20250506,2.29,2.42,up
4958,300152,20250513,2.45,2.4,down
4959,300152,20250526,2.54,2.58,up
4960,300152,20250528,2.62,2.63,up
4961,300153,20250520,29.23,28.53,down
4962,300154,20250509,10.08,10.33,up
4963,300154,20250516,10.08,9.38,down
4964,300155,20250520,4.75,4.68,down
4965,300155,20250522,4.6,4.49,down
4966,300157,20250521,3.73,3.65,down
4967,300157,20250523,3.63,3.7,up
4968,300157,20250530,3.64,3.66,up
4969,300158,20250507,3.92,3.94,up
4970,300158,20250508,3.94,3.9,down
4971,300158,20250514,3.92,3.91,down
4972,300159,20250519,2.2,2.21,up
4973,300160,20250509,5.54,5.57,up
4974,300160,20250522,5.27,5.24,down
4975,300161,20250509,27.93,28.68,up
4976,300161,20250520,27.24,26.93,down
4977,300161,20250527,26.31,26.52,up
4978,300161,20250529,27.03,26.61,down
4979,300161,20250530,26.61,26.11,down
4980,300162,20250520,6.93,6.82,down
4981,300162,20250522,6.7,6.59,down
4982,300163,20250509,3.45,3.51,up
4983,300163,20250514,3.52,3.6,up
4984,300163,20250516,3.66,3.77,up
4985,300163,20250520,3.68,3.7,up
4986,300163,20250522,3.59,3.53,down
4987,300163,20250530,3.55,3.65,up
4988,300164,20250509,4.0,4.02,up
4989,300164,20250513,4.02,4.03,up
4990,300164,20250530,4.0,4.1,up
4991,300165,20250506,3.25,3.27,up
4992,300165,20250520,3.39,3.36,down
4993,300166,20250509,10.05,10.25,up
4994,300166,20250514,10.2,9.8,down
4995,300166,20250516,9.77,9.88,up
4996,300167,20250501,3.68,3.71,up
4997,300167,20250523,4.43,4.58,up
4998,300168,20250506,7.6,7.43,down
4999,300168,20250507,7.43,7.55,up
5000,300168,20250508,7.55,7.33,down
5001,300168,20250514,7.52,7.31,down
5002,300168,20250515,7.31,7.22,down
5003,300169,20250519,7.28,7.3,up
5004,300169,20250520,7.3,7.17,down
5005,300169,20250522,7.01,6.82,down
5006,300170,20250513,19.12,19.04,down
5007,300170,20250516,18.0,18.04,up
5008,300170,20250520,18.12,17.86,down
5009,300170,20250528,17.05,17.51,up
5010,300171,20250520,12.1,12.03,down
5011,300171,20250523,11.82,11.65,down
5012,300173,20250512,5.75,5.68,down
5013,300173,20250519,5.57,5.71,up
5014,300174,20250507,14.85,14.98,up
5015,300174,20250510,14.99,15.62,up
5016,300174,20250515,14.5,14.45,down
5017,300174,20250520,14.71,14.76,up
5018,300175,20250513,5.1,5.07,down
5019,300175,20250529,5.24,5.15,down
5020,300176,20250515,6.58,6.65,up
5021,300176,20250530,6.58,6.69,up
5022,300177,20250517,10.0,10.09,up
5023,300177,20250529,11.02,10.66,down
5024,300179,20250523,9.11,9.32,up
5025,300180,20250526,6.83,6.84,up
5026,300181,20250509,15.87,16.1,up
5027,300181,20250515,16.22,16.39,up
5028,300181,20250516,16.39,16.2,down
5029,300182,20250508,5.49,5.35,down
5030,300182,20250516,5.22,5.24,up
5031,300182,20250526,5.22,5.2,down
5032,300182,20250529,5.29,5.16,down
5033,300183,20250506,17.13,17.06,down
5034,300183,20250514,17.22,16.8,down
5035,300183,20250516,16.78,16.88,up
5036,300183,20250521,16.53,16.35,down
5037,300184,20250508,10.69,10.46,down
5038,300184,20250513,10.4,10.45,up
5039,300185,20250507,2.67,2.67,up
5040,300185,20250508,2.67,2.76,up
5041,300185,20250513,2.68,2.69,up
5042,300185,20250516,2.66,2.73,up
5043,300185,20250520,2.71,2.68,down
5044,300187,20250509,5.01,4.99,down
5045,300187,20250514,4.96,4.88,down
5046,300187,20250519,4.98,5.02,up
5047,300187,20250526,4.85,4.83,down
5048,300188,20250507,13.65,13.74,up
5049,300188,20250522,13.14,12.74,down
5050,300188,20250528,12.76,13.29,up
5051,300189,20250506,4.11,4.46,up
5052,300189,20250522,4.43,4.21,down
5053,300190,20250501,3.14,3.19,up
5054,300190,20250509,3.27,3.28,up
5055,300190,20250519,3.34,3.34,up
5056,300191,20250509,16.42,16.37,down
5057,300192,20250521,16.16,16.15,down
5058,300192,20250526,16.13,15.8,down
5059,300192,20250528,15.33,15.65,up
5060,300193,20250526,8.89,8.85,down
5061,300194,20250515,4.12,4.18,up
5062,300194,20250521,4.19,4.13,down
5063,300195,20250514,6.66,6.53,down
5064,300195,20250520,6.7,6.62,down
5065,300195,20250529,6.77,6.65,down
5066,300196,20250501,11.32,11.77,up
5067,300196,20250516,11.82,11.91,up
5068,300196,20250521,12.02,11.81,down
5069,300196,20250524,11.73,11.96,up
5070,300196,20250526,11.96,11.87,down
5071,300197,20250513,1.95,1.96,up
5072,300197,20250515,1.91,1.92,up
5073,300197,20250516,1.92,1.99,up
5074,300197,20250531,1.97,1.98,up
5075,300198,20250507,2.24,2.31,up
5076,300198,20250519,2.41,2.47,up
5077,300198,20250521,2.46,2.51,up
5078,300198,20250522,2.51,2.4,down
5079,300198,20250527,2.52,2.55,up
5080,300198,20250529,2.54,2.53,down
5081,300199,20250501,13.79,14.4,up
5082,300199,20250507,14.8,15.2,up
5083,300199,20250513,14.28,14.38,up
5084,300199,20250520,14.37,14.21,down
5085,300200,20250530,11.01,10.63,down
5086,300201,20250501,4.9,5.09,up
5087,300201,20250517,5.08,5.11,up
5088,300203,20250514,20.75,19.96,down
5089,300203,20250515,19.96,20.19,up
5090,300203,20250519,20.25,20.58,up
5091,300204,20250508,10.47,11.01,up
5092,300204,20250513,10.72,10.59,down
5093,300204,20250522,14.78,16.52,up
5094,300204,20250527,19.2,19.2,up
5095,300204,20250528,19.2,23.04,up
5096,300204,20250529,23.04,26.5,up
5097,300204,20250530,26.5,31.8,up
5098,300205,20250508,3.1,3.18,up
5099,300205,20250512,3.41,3.35,down
5100,300205,20250514,3.56,3.76,up
5101,300205,20250520,4.26,4.2,down
5102,300205,20250530,4.18,3.94,down
5103,300206,20250509,11.77,11.91,up
5104,300206,20250515,11.77,11.76,down
5105,300206,20250520,11.92,11.79,down
5106,300207,20250507,19.39,19.69,up
5107,300207,20250508,19.69,19.56,down
5108,300207,20250514,20.03,19.55,down
5109,300207,20250527,18.87,18.65,down
5110,300208,20250507,0.86,0.26,down
5111,300208,20250508,0.86,0.26,down
5112,300208,20250516,0.86,0.26,down
5113,300209,20250507,5.17,5.13,down
5114,300209,20250508,5.13,5.27,up
5115,300209,20250512,5.27,6.0,up
5116,300210,20250522,10.47,10.21,down
5117,300211,20250512,6.42,6.34,down
5118,300211,20250521,6.85,6.65,down
5119,300212,20250513,22.39,22.58,up
5120,300212,20250521,21.65,21.55,down
5121,300212,20250528,21.14,21.99,up
5122,300212,20250531,21.58,21.42,down
5123,300213,20250512,8.43,8.43,up
5124,300213,20250515,8.2,8.22,up
5125,300213,20250527,7.99,7.88,down
5126,300213,20250529,8.09,7.89,down
5127,300214,20250506,6.39,6.51,up
5128,300214,20250512,6.42,6.66,up
5129,300214,20250513,6.66,6.56,down
5130,300214,20250515,6.41,6.46,up
5131,300215,20250516,5.34,5.41,up
5132,300215,20250517,5.34,5.41,up
5133,300217,20250506,5.08,5.08,up
5134,300217,20250510,5.01,5.08,up
5135,300217,20250515,5.04,5.34,up
5136,300217,20250530,5.02,5.0,down
5137,300218,20250508,14.46,14.09,down
5138,300218,20250513,14.52,14.76,up
5139,300218,20250526,14.82,14.88,up
5140,300219,20250507,6.36,6.47,up
5141,300219,20250520,6.42,6.32,down
5142,300219,20250522,6.21,6.15,down
5143,300220,20250508,16.89,16.07,down
5144,300220,20250513,15.83,16.01,up
5145,300221,20250519,9.09,8.95,down
5146,300221,20250520,8.95,8.83,down
5147,300221,20250522,8.69,8.94,up
5148,300221,20250523,8.94,8.82,down
5149,300222,20250507,10.17,10.27,up
5150,300222,20250516,10.08,10.15,up
5151,300222,20250528,9.79,10.09,up
5152,300223,20250512,69.05,68.5,down
5153,300223,20250519,66.7,67.73,up
5154,300224,20250512,13.4,13.1,down
5155,300224,20250513,13.1,13.21,up
5156,300224,20250519,12.87,13.07,up
5157,300224,20250521,12.87,12.59,down
5158,300224,20250523,12.42,12.59,up
5159,300224,20250529,12.59,12.15,down
5160,300224,20250530,12.15,12.4,up
5161,300226,20250508,21.5,21.02,down
5162,300226,20250530,20.59,20.48,down
5163,300227,20250501,7.97,8.15,up
5164,300227,20250506,8.15,8.37,up
5165,300227,20250507,8.37,9.19,up
5166,300227,20250513,8.95,8.84,down
5167,300228,20250509,7.34,7.44,up
5168,300228,20250529,7.49,7.44,down
5169,300229,20250507,19.16,19.43,up
5170,300229,20250509,18.84,19.34,up
5171,300229,20250516,18.52,18.4,down
5172,300229,20250520,17.9,17.61,down
5173,300229,20250522,17.88,17.67,down
5174,300230,20250506,4.54,4.55,up
5175,300230,20250508,4.79,4.68,down
5176,300230,20250521,4.68,4.6,down
5177,300230,20250523,4.57,4.61,up
5178,300230,20250527,4.63,4.65,up
5179,300230,20250530,4.57,4.59,up
5180,300231,20250515,11.26,11.4,up
5181,300231,20250520,11.61,11.43,down
5182,300232,20250512,7.17,7.15,down
5183,300232,20250516,7.0,7.03,up
5184,300232,20250522,6.95,6.62,down
5185,300232,20250530,6.63,6.71,up
5186,300233,20250506,17.17,17.12,down
5187,300233,20250512,16.78,17.02,up
5188,300233,20250513,17.02,16.89,down
5189,300233,20250527,15.72,15.46,down
5190,300234,20250507,4.7,4.75,up
5191,300234,20250519,4.81,4.86,up
5192,300234,20250527,4.79,4.78,down
5193,300235,20250507,10.55,10.74,up
5194,300235,20250513,10.69,10.57,down
5195,300235,20250520,10.69,10.59,down
5196,300235,20250526,10.55,10.5,down
5197,300235,20250529,10.68,10.41,down
5198,300236,20250506,38.56,38.41,down
5199,300236,20250508,37.79,36.66,down
5200,300236,20250512,36.9,36.61,down
5201,300236,20250515,35.71,35.88,up
5202,300236,20250519,36.31,37.03,up
5203,300236,20250529,36.85,36.74,down
5204,300237,20250513,1.74,1.74,up
5205,300237,20250520,1.83,1.82,down
5206,300237,20250522,1.74,1.67,down
5207,300237,20250528,1.73,1.75,up
5208,300237,20250530,1.7,1.7,up
5209,300238,20250509,13.21,13.39,up
5210,300238,20250527,13.85,13.7,down
5211,300239,20250506,5.22,5.27,up
5212,300239,20250509,5.27,5.29,up
5213,300239,20250515,5.34,5.38,up
5214,300239,20250522,5.39,5.32,down
5215,300240,20250509,7.9,7.81,down
5216,300240,20250515,10.19,9.93,down
5217,300240,20250516,9.93,9.26,down
5218,300240,20250527,8.9,9.33,up
5219,300241,20250509,5.35,5.09,down
5220,300241,20250516,5.16,5.2,up
5221,300241,20250522,5.18,5.07,down
5222,300241,20250523,5.07,5.15,up
5223,300241,20250530,5.13,5.14,up
5224,300242,20250506,4.32,4.34,up
5225,300242,20250508,4.43,4.33,down
5226,300242,20250509,4.33,4.4,up
5227,300242,20250523,4.22,4.35,up
5228,300242,20250529,4.46,4.37,down
5229,300243,20250510,9.61,9.71,up
5230,300243,20250513,9.7,9.65,down
5231,300243,20250527,9.57,10.16,up
5232,300244,20250508,14.75,14.27,down
5233,300244,20250530,14.28,14.74,up
5234,300245,20250529,16.95,16.49,down
5235,300246,20250513,7.44,7.43,down
5236,300247,20250514,3.79,3.79,up
5237,300248,20250508,14.35,13.81,down
5238,300248,20250515,14.5,14.35,down
5239,300248,20250521,13.57,13.44,down
5240,300249,20250508,14.54,14.19,down
5241,300249,20250513,14.27,14.61,up
5242,300249,20250519,14.02,13.96,down
5243,300249,20250521,13.67,13.48,down
5244,300249,20250530,12.9,12.75,down
5245,300250,20250520,15.31,15.01,down
5246,300251,20250519,18.39,17.97,down
5247,300251,20250530,17.52,17.77,up
5248,300252,20250515,10.17,10.11,down
5249,300252,20250519,10.51,10.37,down
5250,300252,20250522,10.06,9.69,down
5251,300252,20250529,10.09,9.84,down
5252,300252,20250530,9.84,9.86,up
5253,300253,20250506,10.49,10.3,down
5254,300253,20250507,10.3,10.39,up
5255,300253,20250508,10.39,10.02,down
5256,300253,20250509,10.02,10.09,up
5257,300253,20250512,10.09,10.54,up
5258,300253,20250513,10.54,10.43,down
5259,300253,20250514,10.43,9.95,down
5260,300253,20250515,9.95,9.92,down
5261,300253,20250516,9.92,9.9,down
5262,300253,20250520,9.85,9.79,down
5263,300253,20250521,9.79,9.62,down
5264,300253,20250526,9.66,9.57,down
5265,300253,20250527,9.57,9.41,down
5266,300254,20250507,9.07,9.25,up
5267,300254,20250515,9.2,9.28,up
5268,300254,20250527,9.73,9.4,down
5269,300255,20250508,26.63,25.99,down
5270,300255,20250510,25.99,25.91,down
5271,300255,20250520,25.62,26.88,up
5272,300255,20250527,31.7,31.92,up
5273,300255,20250530,37.39,38.98,up
5274,300256,20250516,4.39,4.41,up
5275,300256,20250520,4.47,4.1,down
5276,300257,20250530,9.46,9.49,up
5277,300258,20250506,13.83,13.76,down
5278,300258,20250519,15.86,15.79,down
5279,300258,20250528,14.32,14.3,down
5280,300258,20250529,14.3,13.93,down
5281,300259,20250509,3.54,3.54,up
5282,300259,20250516,3.49,3.53,up
5283,300260,20250528,32.65,33.71,up
5284,300261,20250520,7.13,7.11,down
5285,300263,20250514,7.33,7.28,down
5286,300263,20250516,7.27,7.31,up
5287,300263,20250519,7.31,7.36,up
5288,300263,20250526,7.03,6.94,down
5289,300264,20250501,5.31,5.47,up
5290,300264,20250509,5.39,5.49,up
5291,300264,20250510,5.39,5.49,up
5292,300264,20250514,5.48,5.39,down
5293,300265,20250509,8.49,8.67,up
5294,300265,20250512,8.67,8.56,down
5295,300265,20250528,8.7,9.18,up
5296,300266,20250513,2.87,2.92,up
5297,300266,20250516,2.81,2.93,up
5298,300266,20250520,2.85,2.84,down
5299,300266,20250530,2.95,3.04,up
5300,300267,20250516,3.12,3.13,up
5301,300267,20250530,3.21,3.32,up
5302,300268,20250531,10.48,10.34,down
5303,300269,20250509,3.96,3.98,up
5304,300270,20250516,7.08,7.21,up
5305,300271,20250509,7.87,7.99,up
5306,300271,20250529,7.61,7.45,down
5307,300272,20250516,6.2,6.18,down
5308,300272,20250520,6.28,6.19,down
5309,300272,20250521,6.19,6.1,down
5310,300272,20250523,6.08,6.09,up
5311,300272,20250526,6.09,6.18,up
5312,300272,20250529,6.19,6.12,down
5313,300274,20250507,62.1,63.95,up
5314,300274,20250509,62.52,67.15,up
5315,300274,20250515,64.4,65.31,up
5316,300274,20250517,65.31,64.45,down
5317,300274,20250519,64.45,63.66,down
5318,300274,20250528,60.28,61.04,up
5319,300275,20250508,13.32,12.98,down
5320,300276,20250514,12.7,12.34,down
5321,300277,20250507,12.73,12.73,up
5322,300278,20250508,5.69,5.55,down
5323,300278,20250509,5.55,5.69,up
5324,300278,20250520,5.66,5.55,down
5325,300279,20250512,6.73,6.69,down
5326,300279,20250516,6.68,6.71,up
5327,300279,20250528,6.45,6.59,up
5328,300279,20250530,6.47,6.44,down
5329,300281,20250507,8.7,8.6,down
5330,300281,20250514,8.29,7.64,down
5331,300281,20250528,8.14,8.17,up
5332,300283,20250507,5.79,5.91,up
5333,300283,20250510,5.85,5.9,up
5334,300283,20250512,5.9,5.83,down
5335,300283,20250515,5.75,5.8,up
5336,300283,20250519,5.87,5.79,down
5337,300283,20250526,5.65,5.68,up
5338,300283,20250528,5.59,5.73,up
5339,300283,20250530,5.58,5.54,down
5340,300284,20250508,9.19,9.02,down
5341,300284,20250509,9.02,9.23,up
5342,300284,20250512,9.23,9.25,up
5343,300285,20250513,17.26,17.29,up
5344,300285,20250519,16.72,16.68,down
5345,300285,20250530,16.4,16.33,down
5346,300286,20250506,23.09,22.89,down
5347,300286,20250512,22.76,22.53,down
5348,300286,20250519,22.0,22.44,up
5349,300286,20250520,22.44,21.9,down
5350,300286,20250527,21.48,21.87,up
5351,300287,20250523,5.18,5.28,up
5352,300287,20250530,5.22,5.23,up
5353,300288,20250516,13.95,14.06,up
5354,300289,20250530,4.98,5.05,up
5355,300290,20250521,18.11,17.7,down
5356,300290,20250527,17.32,16.99,down
5357,300290,20250529,17.32,17.88,up
5358,300291,20250512,4.78,4.76,down
5359,300291,20250520,4.88,4.8,down
5360,300291,20250523,4.57,4.76,up
5361,300292,20250516,4.75,4.78,up
5362,300292,20250530,4.65,4.69,up
5363,300293,20250508,22.31,21.77,down
5364,300293,20250516,21.16,21.34,up
5365,300294,20250507,26.83,27.01,up
5366,300294,20250508,27.01,26.89,down
5367,300294,20250516,26.9,26.86,down
5368,300294,20250523,26.6,26.52,down
5369,300294,20250527,26.55,26.42,down
5370,300294,20250530,26.81,27.19,up
5371,300296,20250513,6.28,6.29,up
5372,300296,20250515,6.14,6.13,down
5373,300296,20250516,6.13,6.15,up
5374,300296,20250526,6.05,5.94,down
5375,300298,20250507,21.18,21.54,up
5376,300298,20250509,21.35,22.0,up
5377,300298,20250514,22.05,21.61,down
5378,300298,20250515,21.61,21.6,down
5379,300298,20250516,21.6,21.46,down
5380,300298,20250519,21.46,21.51,up
5381,300298,20250520,21.51,21.87,up
5382,300298,20250521,21.87,21.47,down
5383,300298,20250522,21.47,21.14,down
5384,300298,20250527,21.18,20.93,down
5385,300299,20250510,6.11,6.15,up
5386,300299,20250519,6.11,6.27,up
5387,300300,20250507,3.17,3.21,up
5388,300300,20250521,3.47,3.32,down
5389,300300,20250528,3.45,3.52,up
5390,300300,20250530,3.66,3.82,up
5391,300301,20250508,1.91,1.91,up
5392,300301,20250509,1.91,1.9,down
5393,300301,20250527,1.93,1.91,down
5394,300302,20250513,14.56,14.24,down
5395,300302,20250520,15.39,14.91,down
5396,300303,20250506,6.05,6.03,down
5397,300303,20250519,6.05,6.09,up
5398,300303,20250523,5.86,5.95,up
5399,300303,20250526,5.95,5.86,down
5400,300304,20250514,7.57,7.42,down
5401,300304,20250527,7.29,7.65,up
5402,300304,20250530,7.49,7.4,down
5403,300305,20250507,5.77,5.85,up
5404,300305,20250526,5.82,5.89,up
5405,300305,20250529,5.87,5.87,up
5406,300306,20250508,12.41,12.14,down
5407,300306,20250516,12.24,12.23,down
5408,300307,20250506,8.41,8.41,up
5409,300307,20250520,8.99,9.06,up
5410,300307,20250527,8.99,9.06,up
5411,300308,20250507,86.65,96.49,up
5412,300308,20250516,97.83,95.28,down
5413,300308,20250521,95.73,94.46,down
5414,300308,20250522,94.46,91.87,down
5415,300308,20250526,92.36,90.16,down
5416,300308,20250528,92.62,94.94,up
5417,300310,20250508,6.42,6.25,down
5418,300310,20250509,6.25,6.53,up
5419,300310,20250527,6.05,6.0,down
5420,300311,20250514,6.06,5.89,down
5421,300311,20250519,5.96,6.08,up
5422,300313,20250520,5.55,5.54,down
5423,300313,20250523,5.53,5.71,up
5424,300314,20250506,11.95,12.16,up
5425,300314,20250507,12.16,12.34,up
5426,300314,20250521,12.55,12.26,down
5427,300314,20250530,12.46,12.77,up
5428,300315,20250513,4.89,4.81,down
5429,300315,20250516,4.64,4.66,up
5430,300315,20250523,4.6,4.71,up
5431,300316,20250508,28.97,28.42,down
5432,300316,20250516,27.89,27.9,up
5433,300316,20250522,28.8,28.12,down
5434,300317,20250508,3.84,3.78,down
5435,300317,20250523,3.73,3.86,up
5436,300318,20250521,5.94,5.78,down
5437,300318,20250531,5.88,6.03,up
5438,300319,20250507,10.6,10.8,up
5439,300319,20250512,10.8,10.76,down
5440,300319,20250521,10.77,10.63,down
5441,300319,20250522,10.63,10.39,down
5442,300320,20250509,10.5,10.58,up
5443,300320,20250516,10.5,10.58,up
5444,300321,20250513,30.11,30.22,up
5445,300321,20250523,32.44,30.92,down
5446,300321,20250529,34.76,31.02,down
5447,300322,20250512,15.58,15.41,down
5448,300322,20250515,14.59,14.62,up
5449,300322,20250519,15.25,15.12,down
5450,300322,20250521,14.66,14.69,up
5451,300322,20250530,15.05,15.25,up
5452,300323,20250514,6.82,6.68,down
5453,300324,20250516,3.78,3.92,up
5454,300324,20250523,3.73,3.81,up
5455,300326,20250507,3.87,4.11,up
5456,300326,20250509,4.42,4.49,up
5457,300326,20250510,4.42,4.49,up
5458,300326,20250513,4.44,4.45,up
5459,300326,20250516,4.39,4.53,up
5460,300326,20250520,4.61,4.53,down
5461,300326,20250528,4.46,4.49,up
5462,300327,20250516,21.63,21.6,down
5463,300327,20250519,21.6,21.76,up
5464,300328,20250506,10.95,10.89,down
5465,300328,20250512,11.97,11.12,down
5466,300328,20250514,11.21,11.18,down
5467,300329,20250509,7.27,7.25,down
5468,300329,20250513,7.2,7.24,up
5469,300331,20250515,20.16,20.29,up
5470,300331,20250521,20.98,20.63,down
5471,300331,20250523,20.33,21.15,up
5472,300331,20250530,20.51,20.59,up
5473,300332,20250508,4.68,4.63,down
5474,300332,20250522,4.6,4.55,down
5475,300333,20250514,12.14,11.56,down
5476,300334,20250509,6.39,6.43,up
5477,300334,20250512,6.43,6.33,down
5478,300334,20250519,6.49,6.61,up
5479,300334,20250527,6.55,6.65,up
5480,300334,20250529,6.67,6.58,down
5481,300334,20250530,6.58,6.6,up
5482,300335,20250509,5.3,5.24,down
5483,300335,20250523,5.13,5.08,down
5484,300337,20250508,11.13,10.59,down
5485,300337,20250515,10.51,10.53,up
5486,300337,20250530,9.84,9.89,up
5487,300338,20250521,4.3,4.23,down
5488,300338,20250529,4.2,4.28,up
5489,300339,20250508,55.77,57.54,up
5490,300339,20250513,56.4,56.7,up
5491,300339,20250521,54.42,52.6,down
5492,300340,20250512,10.18,10.02,down
5493,300340,20250514,10.06,9.92,down
5494,300340,20250520,10.14,10.23,up
5495,300340,20250522,9.83,9.81,down
5496,300340,20250523,9.81,9.85,up
5497,300341,20250508,15.78,15.48,down
5498,300341,20250520,18.4,17.27,down
5499,300342,20250507,16.31,16.98,up
5500,300342,20250509,17.25,17.88,up
5501,300342,20250523,15.38,15.62,up
5502,300343,20250506,4.15,4.28,up
5503,300343,20250512,4.35,4.41,up
5504,300343,20250516,4.33,4.42,up
5505,300343,20250520,4.39,4.36,down
5506,300344,20250507,4.86,4.73,down
5507,300344,20250509,4.93,4.87,down
5508,300344,20250521,4.7,4.52,down
5509,300344,20250524,4.3,4.47,up
5510,300345,20250507,8.31,8.7,up
5511,300345,20250508,8.7,8.55,down
5512,300345,20250517,8.61,8.62,up
5513,300345,20250530,9.09,9.07,down
5514,300346,20250527,31.12,30.74,down
5515,300347,20250507,45.95,45.97,up
5516,300347,20250515,43.77,42.31,down
5517,300347,20250529,47.82,49.54,up
5518,300347,20250530,49.54,49.86,up
5519,300348,20250506,13.28,13.15,down
5520,300348,20250509,13.01,13.36,up
5521,300348,20250514,13.45,12.91,down
5522,300348,20250529,13.57,13.9,up
5523,300349,20250516,12.11,12.14,up
5524,300349,20250520,12.27,12.16,down
5525,300350,20250513,6.28,6.83,up
5526,300350,20250520,6.31,6.15,down
5527,300350,20250523,5.89,6.01,up
5528,300350,20250531,6.06,6.37,up
5529,300351,20250508,16.33,15.92,down
5530,300351,20250528,15.33,15.64,up
5531,300351,20250530,15.21,15.14,down
5532,300352,20250512,5.06,5.04,down
5533,300353,20250514,20.87,20.45,down
5534,300353,20250521,22.8,22.24,down
5535,300354,20250509,41.24,42.8,up
5536,300354,20250516,40.36,39.34,down
5537,300355,20250506,4.37,4.36,down
5538,300355,20250508,4.44,4.3,down
5539,300355,20250514,4.34,4.24,down
5540,300357,20250508,20.12,19.78,down
5541,300357,20250519,19.9,20.28,up
5542,300357,20250523,19.8,19.41,down
5543,300358,20250530,7.49,7.59,up
5544,300359,20250523,5.4,5.51,up
5545,300360,20250513,16.2,16.17,down
5546,300360,20250519,15.9,16.15,up
5547,300360,20250528,15.33,15.63,up
5548,300363,20250508,15.13,14.79,down
5549,300364,20250512,22.04,21.78,down
5550,300364,20250520,21.72,21.36,down
5551,300364,20250524,20.67,21.04,up
5552,300365,20250509,6.06,6.15,up
5553,300365,20250523,5.94,6.08,up
5554,300366,20250506,7.9,7.95,up
5555,300366,20250520,7.58,7.4,down
5556,300368,20250501,5.99,6.84,up
5557,300368,20250513,6.82,7.14,up
5558,300368,20250515,6.98,7.38,up
5559,300368,20250523,6.78,6.58,down
5560,300369,20250507,7.16,7.25,up
5561,300369,20250515,7.04,6.91,down
5562,300369,20250529,7.12,6.96,down
5563,300370,20250508,2.92,2.83,down
5564,300370,20250513,2.85,2.85,up
5565,300371,20250523,10.89,11.0,up
5566,300373,20250508,47.96,47.2,down
5567,300373,20250531,47.45,48.71,up
5568,300374,20250524,15.38,15.59,up
5569,300375,20250521,5.1,4.97,down
5570,300376,20250506,3.44,3.44,up
5571,300376,20250507,3.44,3.46,up
5572,300376,20250516,3.47,3.54,up
5573,300376,20250520,3.56,3.52,down
5574,300377,20250506,22.49,22.65,up
5575,300377,20250523,22.68,23.04,up
5576,300378,20250520,34.89,34.36,down
5577,300378,20250527,33.75,33.46,down
5578,300378,20250529,34.39,33.33,down
5579,300379,20250506,4.41,4.8,up
5580,300379,20250508,5.76,5.43,down
5581,300379,20250516,5.33,5.51,up
5582,300379,20250522,6.03,6.12,up
5583,300379,20250530,5.51,5.54,up
5584,300380,20250515,48.58,47.8,down
5585,300380,20250519,47.94,48.24,up
5586,300381,20250513,7.53,7.44,down
5587,300382,20250501,13.39,15.0,up
5588,300382,20250512,14.84,14.92,up
5589,300382,20250516,15.0,15.49,up
5590,300382,20250520,16.02,15.4,down
5591,300382,20250530,15.06,14.92,down
5592,300383,20250506,15.17,14.92,down
5593,300383,20250512,14.76,14.92,up
5594,300383,20250513,14.92,14.91,down
5595,300385,20250509,4.95,4.92,down
5596,300385,20250513,4.89,4.87,down
5597,300385,20250514,4.87,4.94,up
5598,300385,20250516,4.91,5.01,up
5599,300385,20250522,4.9,4.85,down
5600,300385,20250530,5.01,5.03,up
5601,300385,20250531,5.01,5.03,up
5602,300386,20250512,18.48,17.72,down
5603,300386,20250526,16.47,16.5,up
5604,300386,20250528,17.06,19.25,up
5605,300387,20250515,8.48,8.35,down
5606,300387,20250526,8.32,8.58,up
5607,300387,20250530,8.31,8.51,up
5608,300388,20250519,6.97,7.05,up
5609,300388,20250522,6.9,6.81,down
5610,300388,20250528,6.88,6.96,up
5611,300389,20250508,10.66,10.58,down
5612,300389,20250515,10.52,10.58,up
5613,300389,20250521,10.76,10.69,down
5614,300389,20250527,10.5,10.43,down
5615,300390,20250515,18.71,18.44,down
5616,300390,20250520,18.49,18.56,up
5617,300390,20250522,18.24,18.14,down
5618,300391,20250508,4.81,4.94,up
5619,300391,20250514,4.78,4.74,down
5620,300391,20250527,4.64,4.54,down
5621,300393,20250516,5.49,5.46,down
5622,300393,20250529,5.33,5.22,down
5623,300394,20250509,74.12,76.38,up
5624,300394,20250512,76.38,75.67,down
5625,300394,20250516,74.29,72.45,down
5626,300394,20250529,82.16,81.7,down
5627,300395,20250514,46.18,44.49,down
5628,300395,20250515,44.49,44.44,down
5629,300395,20250522,45.13,43.0,down
5630,300395,20250526,44.34,44.1,down
5631,300396,20250508,13.6,13.16,down
5632,300396,20250513,13.53,13.45,down
5633,300396,20250520,13.51,13.45,down
5634,300397,20250508,13.03,12.88,down
5635,300397,20250512,13.3,12.75,down
5636,300397,20250513,12.75,12.54,down
5637,300398,20250506,20.31,20.58,up
5638,300398,20250507,20.58,20.41,down
5639,300398,20250508,20.41,19.74,down
5640,300398,20250509,19.74,19.56,down
5641,300398,20250512,19.56,20.18,up
5642,300398,20250513,20.18,19.92,down
5643,300398,20250514,19.92,18.98,down
5644,300398,20250515,18.98,19.09,up
5645,300398,20250516,19.09,19.31,up
5646,300398,20250519,19.31,19.54,up
5647,300398,20250520,19.54,19.95,up
5648,300398,20250521,19.95,19.29,down
5649,300398,20250528,19.56,20.41,up
5650,300398,20250530,20.76,20.4,down
5651,300399,20250512,21.53,21.2,down
5652,300399,20250514,25.44,25.55,up
5653,300399,20250521,28.03,26.04,down
5654,300400,20250515,16.03,16.11,up
5655,300400,20250520,16.36,16.16,down
5656,300400,20250523,15.81,15.9,up
5657,300401,20250523,14.95,14.82,down
5658,300402,20250522,16.83,16.68,down
5659,300403,20250515,16.15,16.46,up
5660,300404,20250507,8.34,8.45,up
5661,300404,20250513,8.32,8.27,down
5662,300404,20250517,8.26,8.22,down
5663,300405,20250512,5.19,5.2,up
5664,300405,20250516,5.17,5.23,up
5665,300406,20250507,13.95,13.68,down
5666,300406,20250509,13.83,14.08,up
5667,300406,20250516,13.49,13.43,down
5668,300406,20250528,13.13,13.53,up
5669,300407,20250512,10.4,10.22,down
5670,300407,20250519,10.1,10.23,up
5671,300407,20250530,9.72,9.68,down
5672,300408,20250508,34.79,33.91,down
5673,300408,20250513,35.04,35.0,down
5674,300408,20250515,34.64,33.94,down
5675,300408,20250528,32.12,32.67,up
5676,300409,20250514,14.73,14.27,down
5677,300409,20250519,14.21,14.42,up
5678,300409,20250530,13.72,13.64,down
5679,300410,20250516,5.73,5.82,up
5680,300411,20250507,12.66,12.77,up
5681,300411,20250516,12.2,12.45,up
5682,300411,20250522,12.03,11.94,down
5683,300411,20250526,12.84,12.59,down
5684,300412,20250514,4.99,5.06,up
5685,300412,20250528,4.79,4.94,up
5686,300414,20250520,8.42,8.31,down
5687,300414,20250523,8.17,8.29,up
5688,300415,20250506,20.8,20.84,up
5689,300415,20250507,20.84,21.17,up
5690,300415,20250514,21.12,20.85,down
5691,300415,20250530,20.52,20.43,down
5692,300416,20250507,16.58,16.64,up
5693,300416,20250528,14.62,14.69,up
5694,300417,20250509,11.8,11.92,up
5695,300417,20250513,11.82,11.73,down
5696,300417,20250530,11.69,11.75,up
5697,300418,20250513,32.5,32.63,up
5698,300418,20250519,31.13,31.67,up
5699,300418,20250523,36.57,37.45,up
5700,300418,20250529,35.0,33.42,down
5701,300419,20250513,4.88,4.92,up
5702,300419,20250523,5.32,5.35,up
5703,300420,20250510,3.35,3.36,up
5704,300420,20250513,3.42,3.37,down
5705,300421,20250516,16.97,16.89,down
5706,300421,20250521,16.28,16.18,down
5707,300421,20250523,15.77,15.45,down
5708,300422,20250513,4.39,4.36,down
5709,300422,20250515,4.36,4.39,up
5710,300422,20250528,5.76,6.23,up
5711,300423,20250513,7.24,7.32,up
5712,300423,20250519,7.28,7.65,up
5713,300423,20250521,7.4,7.32,down
5714,300424,20250515,16.0,15.62,down
5715,300426,20250506,9.96,9.9,down
5716,300426,20250515,9.69,9.71,up
5717,300427,20250509,6.05,6.49,up
5718,300427,20250514,5.86,5.88,up
5719,300427,20250529,6.09,5.93,down
5720,300428,20250508,18.17,17.89,down
5721,300428,20250512,18.01,18.07,up
5722,300429,20250523,11.88,12.23,up
5723,300429,20250529,12.72,12.24,down
5724,300430,20250515,19.75,19.22,down
5725,300430,20250530,19.96,20.3,up
5726,300432,20250506,20.42,20.05,down
5727,300432,20250513,20.06,19.85,down
5728,300432,20250520,18.88,18.51,down
5729,300432,20250528,17.65,17.83,up
5730,300433,20250521,21.38,21.15,down
5731,300433,20250530,20.27,20.11,down
5732,300434,20250523,9.7,9.49,down
5733,300435,20250508,14.37,14.16,down
5734,300435,20250512,14.23,14.11,down
5735,300435,20250513,14.11,13.99,down
5736,300435,20250516,13.83,13.88,up
5737,300436,20250508,31.19,30.85,down
5738,300436,20250510,30.85,30.36,down
5739,300436,20250515,31.02,30.28,down
5740,300436,20250520,29.51,29.3,down
5741,300436,20250524,29.57,28.64,down
5742,300437,20250512,7.74,7.8,up
5743,300437,20250514,7.81,8.25,up
5744,300437,20250521,8.21,7.98,down
5745,300438,20250507,23.89,24.3,up
5746,300438,20250515,24.38,24.12,down
5747,300438,20250516,24.12,24.2,up
5748,300438,20250520,24.28,25.0,up
5749,300439,20250510,10.31,10.38,up
5750,300439,20250524,10.2,10.05,down
5751,300439,20250531,10.29,10.48,up
5752,300440,20250507,9.31,9.6,up
5753,300440,20250509,9.03,9.1,up
5754,300440,20250513,8.98,9.0,up
5755,300441,20250513,8.52,8.49,down
5756,300441,20250521,8.19,8.09,down
5757,300441,20250527,8.0,7.9,down
5758,300441,20250528,7.9,8.0,up
5759,300442,20250506,50.48,48.26,down
5760,300442,20250508,48.27,46.73,down
5761,300442,20250520,45.23,45.26,up
5762,300442,20250522,44.49,43.44,down
5763,300442,20250530,42.93,42.34,down
5764,300443,20250506,20.1,20.53,up
5765,300443,20250513,20.59,20.29,down
5766,300443,20250522,19.27,19.01,down
5767,300443,20250526,19.13,18.91,down
5768,300443,20250528,18.9,19.16,up
5769,300444,20250507,6.71,6.84,up
5770,300444,20250509,6.65,6.67,up
5771,300445,20250508,17.94,17.49,down
5772,300446,20250519,17.44,17.5,up
5773,300446,20250527,16.95,16.77,down
5774,300447,20250514,14.45,14.13,down
5775,300447,20250516,14.08,14.15,up
5776,300447,20250522,13.83,13.64,down
5777,300447,20250530,13.81,13.91,up
5778,300448,20250516,6.37,6.38,up
5779,300449,20250506,7.56,7.52,down
5780,300449,20250515,8.0,8.03,up
5781,300449,20250523,8.51,8.51,up
5782,300449,20250526,8.51,8.29,down
5783,300449,20250529,9.06,8.58,down
5784,300449,20250530,8.58,8.38,down
5785,300450,20250520,20.28,20.94,up
5786,300451,20250506,5.88,5.81,down
5787,300451,20250509,5.66,5.68,up
5788,300451,20250512,5.68,5.74,up
5789,300451,20250514,5.77,5.38,down
5790,300451,20250516,5.37,5.38,up
5791,300451,20250530,5.39,5.4,up
5792,300452,20250513,12.14,12.04,down
5793,300452,20250530,12.83,13.08,up
5794,300453,20250516,7.97,7.95,down
5795,300453,20250521,8.02,7.82,down
5796,300453,20250529,8.39,8.19,down
5797,300454,20250506,100.61,97.51,down
5798,300454,20250507,97.51,97.5,down
5799,300454,20250515,94.03,94.01,down
5800,300455,20250527,13.44,13.29,down
5801,300455,20250529,13.38,13.24,down
5802,300457,20250507,17.15,17.47,up
5803,300457,20250529,17.59,17.25,down
5804,300458,20250508,41.31,40.2,down
5805,300459,20250506,5.28,5.24,down
5806,300459,20250509,5.18,5.24,up
5807,300459,20250513,5.19,5.24,up
5808,300459,20250514,5.24,5.08,down
5809,300459,20250516,5.08,5.1,up
5810,300459,20250521,5.35,5.57,up
5811,300459,20250522,5.57,5.32,down
5812,300459,20250523,5.32,5.37,up
5813,300459,20250526,5.37,5.32,down
5814,300459,20250528,5.18,5.27,up
5815,300460,20250512,9.13,9.09,down
5816,300460,20250521,8.97,8.81,down
5817,300460,20250527,8.95,8.85,down
5818,300461,20250506,19.72,19.61,down
5819,300461,20250512,19.91,19.5,down
5820,300461,20250515,19.34,19.25,down
5821,300461,20250530,19.45,19.41,down
5822,300462,20250520,9.78,9.73,down
5823,300462,20250522,9.53,9.37,down
5824,300463,20250509,11.6,11.83,up
5825,300463,20250513,11.92,11.88,down
5826,300463,20250519,11.93,12.03,up
5827,300463,20250521,11.9,11.7,down
5828,300464,20250508,5.03,4.94,down
5829,300464,20250512,5.07,5.09,up
5830,300464,20250513,5.09,5.42,up
5831,300464,20250515,5.48,5.32,down
5832,300464,20250523,5.08,5.11,up
5833,300465,20250506,14.81,14.96,up
5834,300465,20250507,14.96,14.98,up
5835,300465,20250520,13.66,13.58,down
5836,300465,20250522,13.48,13.14,down
5837,300466,20250512,12.62,11.99,down
5838,300467,20250508,18.4,18.02,down
5839,300467,20250516,20.59,20.76,up
5840,300467,20250528,20.74,20.95,up
5841,300468,20250514,20.23,18.91,down
5842,300468,20250523,17.46,18.15,up
5843,300468,20250527,18.32,19.26,up
5844,300468,20250530,24.79,27.41,up
5845,300469,20250506,32.2,32.29,up
5846,300469,20250508,32.55,31.57,down
5847,300469,20250509,31.57,31.27,down
5848,300469,20250516,30.28,29.84,down
5849,300469,20250521,30.6,29.82,down
5850,300469,20250526,29.91,30.1,up
5851,300469,20250530,29.51,29.81,up
5852,300470,20250507,37.23,38.29,up
5853,300471,20250509,9.71,9.88,up
5854,300471,20250512,9.88,9.74,down
5855,300471,20250513,9.74,9.66,down
5856,300471,20250519,9.8,10.18,up
5857,300471,20250527,9.86,9.76,down
5858,300471,20250528,9.76,9.88,up
5859,300472,20250508,3.04,3.1,up
5860,300472,20250521,3.36,3.37,up
5861,300472,20250527,3.37,3.5,up
5862,300473,20250522,32.06,31.91,down
5863,300473,20250527,34.08,32.46,down
5864,300473,20250529,33.04,35.1,up
5865,300474,20250515,67.8,67.51,down
5866,300474,20250519,68.0,67.73,down
5867,300475,20250507,31.83,32.05,up
5868,300475,20250508,32.05,30.63,down
5869,300475,20250509,30.63,31.7,up
5870,300475,20250519,29.68,29.77,up
5871,300475,20250527,28.48,27.99,down
5872,300475,20250530,28.02,28.21,up
5873,300476,20250513,79.35,80.99,up
5874,300476,20250523,75.69,80.2,up
5875,300476,20250527,80.0,83.38,up
5876,300476,20250530,86.48,85.07,down
5877,300477,20250515,1.82,1.79,down
5878,300477,20250519,1.88,1.95,up
5879,300477,20250522,1.97,1.9,down
5880,300477,20250528,1.93,1.95,up
5881,300477,20250530,1.89,1.9,up
5882,300478,20250516,13.95,14.39,up
5883,300478,20250530,13.74,14.18,up
5884,300479,20250501,19.66,20.14,up
5885,300479,20250513,19.95,20.16,up
5886,300479,20250523,19.36,19.62,up
5887,300480,20250507,13.51,13.75,up
5888,300480,20250514,13.6,13.18,down
5889,300480,20250516,13.46,13.41,down
5890,300480,20250519,13.41,13.47,up
5891,300480,20250520,13.47,13.2,down
5892,300480,20250521,13.2,13.07,down
5893,300480,20250523,12.93,13.15,up
5894,300480,20250526,13.15,13.14,down
5895,300481,20250513,13.93,13.87,down
5896,300481,20250515,13.8,13.76,down
5897,300481,20250523,13.48,13.46,down
5898,300481,20250528,13.39,13.67,up
5899,300482,20250509,21.0,21.7,up
5900,300482,20250514,21.59,21.37,down
5901,300483,20250506,8.99,8.99,up
5902,300483,20250509,9.19,9.1,down
5903,300483,20250517,9.46,9.45,down
5904,300483,20250520,9.57,9.44,down
5905,300483,20250522,9.32,9.11,down
5906,300484,20250515,20.76,20.8,up
5907,300484,20250521,22.39,21.57,down
5908,300484,20250528,19.9,20.26,up
5909,300486,20250507,6.84,6.9,up
5910,300486,20250508,6.9,6.83,down
5911,300486,20250514,6.93,6.85,down
5912,300486,20250515,6.85,6.88,up
5913,300487,20250508,45.78,46.16,up
5914,300487,20250513,45.9,46.28,up
5915,300487,20250515,46.14,45.32,down
5916,300487,20250519,44.86,45.26,up
5917,300488,20250519,34.68,34.38,down
5918,300488,20250526,32.94,32.09,down
5919,300489,20250512,46.03,45.11,down
5920,300489,20250526,51.69,49.39,down
5921,300490,20250507,7.54,7.78,up
5922,300490,20250508,7.78,7.68,down
5923,300490,20250512,7.92,7.86,down
5924,300490,20250516,7.74,7.87,up
5925,300490,20250527,7.82,7.78,down
5926,300491,20250514,18.95,18.34,down
5927,300491,20250520,20.01,19.26,down
5928,300492,20250507,96.22,96.23,up
5929,300492,20250508,96.23,99.35,up
5930,300492,20250521,100.29,99.62,down
5931,300492,20250527,90.91,90.28,down
5932,300492,20250530,90.1,87.54,down
5933,300493,20250507,20.77,21.03,up
5934,300493,20250509,20.34,19.81,down
5935,300493,20250523,18.32,20.73,up
5936,300494,20250506,12.47,12.24,down
5937,300494,20250508,12.32,12.09,down
5938,300494,20250528,13.06,13.0,down
5939,300496,20250506,57.04,57.32,up
5940,300496,20250509,57.15,58.0,up
5941,300496,20250516,56.59,56.19,down
5942,300496,20250520,56.23,55.69,down
5943,300496,20250522,55.5,54.44,down
5944,300496,20250527,54.9,54.71,down
5945,300497,20250512,8.49,8.47,down
5946,300497,20250516,8.63,8.58,down
5947,300498,20250506,17.08,17.02,down
5948,300498,20250507,17.02,16.95,down
5949,300498,20250514,16.76,16.65,down
5950,300498,20250516,16.48,16.49,up
5951,300498,20250519,16.49,16.64,up
5952,300498,20250523,16.39,16.33,down
5953,300499,20250516,17.47,16.87,down
5954,300499,20250520,17.1,16.75,down
5955,300500,20250513,11.22,11.21,down
5956,300500,20250515,11.68,12.01,up
5957,300501,20250506,14.41,14.37,down
5958,300501,20250507,14.37,14.51,up
5959,300501,20250508,14.51,15.82,up
5960,300501,20250509,15.82,15.7,down
5961,300501,20250512,15.7,15.9,up
5962,300501,20250516,15.23,15.21,down
5963,300501,20250521,14.85,14.42,down
5964,300501,20250528,14.16,14.23,up
5965,300502,20250515,115.89,118.6,up
5966,300502,20250520,116.53,116.76,up
5967,300503,20250516,23.4,22.78,down
5968,300504,20250514,14.38,14.16,down
5969,300504,20250515,14.16,14.29,up
5970,300504,20250516,14.29,14.5,up
5971,300504,20250523,13.9,14.39,up
5972,300504,20250527,14.28,14.3,up
5973,300505,20250507,18.8,18.32,down
5974,300505,20250509,17.66,17.74,up
5975,300505,20250515,18.15,18.79,up
5976,300505,20250521,19.3,18.02,down
5977,300506,20250514,3.54,3.48,down
5978,300506,20250528,4.12,4.1,down
5979,300507,20250507,8.74,8.61,down
5980,300507,20250509,8.99,9.02,up
5981,300507,20250512,9.02,8.61,down
5982,300507,20250513,8.61,8.4,down
5983,300507,20250516,8.18,8.24,up
5984,300507,20250529,7.9,7.65,down
5985,300508,20250521,28.13,27.63,down
5986,300509,20250515,7.96,7.98,up
5987,300509,20250526,7.83,8.8,up
5988,300510,20250507,4.11,4.28,up
5989,300510,20250521,4.21,4.14,down
5990,300510,20250529,4.47,4.35,down
5991,300511,20250513,5.43,5.52,up
5992,300511,20250515,5.72,5.52,down
5993,300511,20250521,6.61,6.48,down
5994,300511,20250523,6.66,6.75,up
5995,300512,20250508,7.97,7.84,down
5996,300512,20250515,7.82,7.87,up
5997,300512,20250516,7.87,7.9,up
5998,300512,20250520,7.98,7.89,down
5999,300513,20250520,7.83,7.72,down
6000,300513,20250523,7.51,7.67,up
6001,300513,20250529,7.81,7.66,down
6002,300514,20250528,12.91,13.2,up
6003,300515,20250514,15.91,15.7,down
6004,300515,20250516,16.0,15.82,down
6005,300517,20250507,9.51,9.6,up
6006,300517,20250510,9.58,9.63,up
6007,300517,20250512,9.63,9.52,down
6008,300517,20250519,9.72,9.85,up
6009,300517,20250531,10.6,10.65,up
6010,300518,20250515,11.95,11.97,up
6011,300518,20250516,11.97,12.06,up
6012,300519,20250508,14.4,14.36,down
6013,300519,20250513,14.17,14.18,up
6014,300519,20250521,14.78,14.55,down
6015,300519,20250523,14.62,14.44,down
6016,300519,20250530,15.0,15.38,up
6017,300520,20250507,22.26,22.78,up
6018,300520,20250508,22.78,22.42,down
6019,300520,20250509,22.42,22.91,up
6020,300520,20250520,22.88,22.6,down
6021,300520,20250521,22.6,22.26,down
6022,300520,20250526,22.82,23.96,up
6023,300520,20250527,23.96,23.57,down
6024,300520,20250531,24.56,25.25,up
6025,300521,20250530,22.09,22.34,up
6026,300522,20250510,12.98,13.13,up
6027,300522,20250530,13.76,13.7,down
6028,300523,20250520,21.13,21.94,up
6029,300525,20250521,15.5,15.12,down
6030,300525,20250523,14.86,15.28,up
6031,300527,20250506,7.58,7.97,up
6032,300527,20250513,8.13,8.03,down
6033,300527,20250514,8.03,7.82,down
6034,300527,20250515,7.82,7.77,down
6035,300528,20250506,9.29,9.18,down
6036,300528,20250509,8.9,8.88,down
6037,300528,20250520,9.22,9.07,down
6038,300529,20250507,21.69,22.03,up
6039,300529,20250509,21.8,21.93,up
6040,300529,20250514,21.85,21.62,down
6041,300529,20250523,22.33,21.34,down
6042,300529,20250528,21.8,22.04,up
6043,300530,20250501,25.17,26.45,up
6044,300530,20250522,31.88,33.7,up
6045,300531,20250507,16.0,15.91,down
6046,300531,20250514,15.83,15.43,down
6047,300532,20250516,11.46,11.5,up
6048,300532,20250530,12.19,12.1,down
6049,300533,20250512,24.1,23.9,down
6050,300533,20250516,24.05,23.77,down
6051,300533,20250519,23.77,24.32,up
6052,300533,20250520,24.32,24.48,up
6053,300533,20250521,24.48,25.71,up
6054,300533,20250522,25.71,24.15,down
6055,300533,20250528,26.76,26.54,down
6056,300534,20250516,9.63,9.59,down
6057,300534,20250520,9.91,9.8,down
6058,300534,20250530,10.65,11.04,up
6059,300535,20250508,15.53,15.43,down
6060,300535,20250512,15.49,15.5,up
6061,300535,20250513,15.5,15.47,down
6062,300536,20250509,9.81,9.69,down
6063,300536,20250522,10.52,9.73,down
6064,300537,20250516,17.37,17.64,up
6065,300537,20250528,17.95,20.56,up
6066,300538,20250512,15.16,15.19,up
6067,300538,20250520,15.5,15.18,down
6068,300539,20250513,14.55,14.39,down
6069,300539,20250529,13.57,13.07,down
6070,300540,20250508,21.63,21.35,down
6071,300541,20250507,13.87,13.86,down
6072,300541,20250519,13.74,13.62,down
6073,300541,20250529,14.26,13.86,down
6074,300542,20250509,19.07,19.5,up
6075,300543,20250508,10.86,10.7,down
6076,300543,20250516,10.56,10.65,up
6077,300543,20250530,10.04,10.04,up
6078,300545,20250513,30.86,30.18,down
6079,300545,20250527,28.23,28.06,down
6080,300546,20250513,17.2,17.33,up
6081,300546,20250522,17.22,16.31,down
6082,300546,20250528,18.4,22.08,up
6083,300546,20250530,25.0,25.18,up
6084,300547,20250516,30.87,29.17,down
6085,300547,20250527,27.66,27.46,down
6086,300548,20250508,50.2,49.3,down
6087,300548,20250528,48.82,48.78,down
6088,300548,20250529,48.78,47.48,down
6089,300549,20250509,19.26,19.61,up
6090,300549,20250515,18.81,18.95,up
6091,300549,20250521,18.61,18.24,down
6092,300549,20250522,18.24,17.85,down
6093,300550,20250507,12.44,12.6,up
6094,300550,20250514,12.32,12.1,down
6095,300551,20250512,8.77,8.71,down
6096,300551,20250515,8.59,8.55,down
6097,300551,20250519,8.74,8.96,up
6098,300551,20250521,8.77,8.59,down
6099,300551,20250526,8.68,8.68,up
6100,300552,20250507,27.03,27.49,up
6101,300553,20250509,51.34,53.63,up
6102,300553,20250527,49.05,48.43,down
6103,300554,20250508,20.35,20.03,down
6104,300554,20250509,20.03,20.6,up
6105,300554,20250515,19.96,20.0,up
6106,300554,20250520,20.46,20.08,down
6107,300554,20250521,20.08,19.83,down
6108,300554,20250529,20.2,19.61,down
6109,300555,20250512,11.28,11.62,up
6110,300555,20250514,11.6,11.49,down
6111,300555,20250519,11.72,11.69,down
6112,300555,20250530,11.42,11.01,down
6113,300556,20250510,18.29,18.6,up
6114,300556,20250520,19.05,18.69,down
6115,300557,20250508,32.25,31.87,down
6116,300557,20250509,31.87,32.34,up
6117,300557,20250521,31.6,31.37,down
6118,300558,20250508,50.59,50.68,up
6119,300558,20250512,49.44,49.34,down
6120,300558,20250515,48.89,49.01,up
6121,300558,20250523,53.44,51.92,down
6122,300559,20250512,10.83,11.16,up
6123,300559,20250515,10.94,10.97,up
6124,300559,20250522,11.3,11.12,down
6125,300560,20250529,12.65,12.33,down
6126,300561,20250506,12.56,12.39,down
6127,300561,20250509,12.7,12.76,up
6128,300561,20250516,11.61,11.95,up
6129,300561,20250527,14.3,13.62,down
6130,300562,20250513,15.0,14.9,down
6131,300562,20250516,14.55,14.59,up
6132,300562,20250520,14.6,14.35,down
6133,300563,20250508,39.34,37.87,down
6134,300563,20250509,37.87,38.78,up
6135,300563,20250522,35.45,34.3,down
6136,300564,20250509,12.82,13.31,up
6137,300564,20250519,13.27,13.65,up
6138,300565,20250519,11.17,11.3,up
6139,300566,20250529,18.05,17.63,down
6140,300567,20250516,57.92,58.65,up
6141,300567,20250520,58.66,58.07,down
6142,300568,20250508,10.69,10.6,down
6143,300568,20250513,10.88,10.72,down
6144,300568,20250521,10.62,10.23,down
6145,300568,20250526,10.04,10.05,up
6146,300568,20250527,10.05,9.89,down
6147,300569,20250501,4.75,4.95,up
6148,300569,20250507,5.06,5.04,down
6149,300569,20250516,4.94,5.0,up
6150,300569,20250521,4.97,4.83,down
6151,300570,20250514,78.25,74.56,down
6152,300571,20250519,32.22,31.85,down
6153,300571,20250521,31.02,30.7,down
6154,300571,20250526,30.5,30.76,up
6155,300572,20250515,19.55,19.0,down
6156,300573,20250513,78.27,77.77,down
6157,300573,20250514,77.77,78.02,up
6158,300573,20250515,78.02,78.93,up
6159,300573,20250528,51.0,51.78,up
6160,300573,20250529,51.78,52.16,up
6161,300575,20250509,6.05,6.06,up
6162,300575,20250529,7.21,6.56,down
6163,300575,20250530,6.56,6.65,up
6164,300576,20250509,41.83,42.5,up
6165,300576,20250515,41.0,40.83,down
6166,300576,20250520,41.13,40.68,down
6167,300577,20250514,21.24,20.8,down
6168,300577,20250516,20.9,20.62,down
6169,300577,20250520,21.2,20.81,down
6170,300577,20250522,20.36,19.84,down
6171,300577,20250526,20.3,20.31,up
6172,300577,20250529,20.7,19.76,down
6173,300577,20250530,19.76,20.4,up
6174,300578,20250507,18.14,18.47,up
6175,300578,20250517,17.76,18.05,up
6176,300579,20250514,27.0,25.92,down
6177,300580,20250517,27.13,26.52,down
6178,300581,20250506,9.72,11.66,up
6179,300581,20250508,13.99,15.05,up
6180,300581,20250512,18.06,16.47,down
6181,300581,20250514,15.8,17.0,up
6182,300581,20250521,13.96,13.77,down
6183,300581,20250526,14.21,14.08,down
6184,300582,20250506,12.38,12.44,up
6185,300582,20250507,12.44,12.52,up
6186,300582,20250514,12.45,12.31,down
6187,300582,20250516,12.33,12.27,down
6188,300582,20250522,11.99,11.74,down
6189,300582,20250528,11.56,11.78,up
6190,300583,20250513,18.95,18.79,down
6191,300583,20250523,18.73,18.16,down
6192,300584,20250523,35.16,31.8,down
6193,300584,20250528,28.55,27.9,down
6194,300584,20250530,28.38,29.49,up
6195,300585,20250528,14.23,14.5,up
6196,300586,20250527,9.43,9.39,down
6197,300586,20250528,9.39,9.47,up
6198,300587,20250513,5.52,5.42,down
6199,300587,20250516,5.42,5.55,up
6200,300587,20250519,5.55,5.73,up
6201,300587,20250522,6.04,5.8,down
6202,300587,20250528,5.71,6.02,up
6203,300588,20250515,12.02,12.06,up
6204,300588,20250516,12.06,12.28,up
6205,300588,20250523,11.86,12.24,up
6206,300589,20250519,11.69,11.86,up
6207,300589,20250523,11.19,11.28,up
6208,300590,20250508,12.7,12.5,down
6209,300590,20250515,12.22,12.32,up
6210,300590,20250521,12.34,12.13,down
6211,300590,20250529,12.27,12.08,down
6212,300591,20250523,5.73,5.73,up
6213,300592,20250506,11.43,11.41,down
6214,300592,20250507,11.41,11.52,up
6215,300592,20250514,12.54,11.87,down
6216,300592,20250516,11.5,11.45,down
6217,300593,20250507,15.0,14.94,down
6218,300593,20250514,14.56,14.59,up
6219,300593,20250515,14.59,14.23,down
6220,300593,20250520,13.87,14.04,up
6221,300594,20250506,16.66,16.92,up
6222,300594,20250509,16.91,17.8,up
6223,300594,20250513,17.16,16.89,down
6224,300594,20250515,16.89,16.91,up
6225,300594,20250516,16.91,17.09,up
6226,300594,20250527,17.09,17.04,down
6227,300595,20250509,15.04,15.17,up
6228,300596,20250516,29.96,29.53,down
6229,300596,20250521,29.27,28.96,down
6230,300596,20250529,28.29,27.57,down
6231,300597,20250516,9.08,9.12,up
6232,300597,20250520,9.18,9.07,down
6233,300598,20250507,46.41,46.1,down
6234,300598,20250509,46.38,46.84,up
6235,300598,20250514,46.7,44.97,down
6236,300598,20250515,44.97,46.29,up
6237,300598,20250519,45.53,45.45,down
6238,300599,20250509,7.5,7.68,up
6239,300599,20250513,7.51,7.54,up
6240,300599,20250520,8.67,8.64,down
6241,300599,20250527,8.5,8.64,up
6242,300599,20250531,8.73,8.52,down
6243,300600,20250521,8.91,8.67,down
6244,300600,20250530,8.85,8.9,up
6245,300601,20250516,14.2,14.11,down
6246,300601,20250520,14.37,14.32,down
6247,300601,20250528,13.69,14.34,up
6248,300601,20250530,14.29,14.57,up
6249,300602,20250508,20.34,19.9,down
6250,300602,20250509,19.9,20.45,up
6251,300602,20250516,19.66,20.2,up
6252,300602,20250521,19.21,18.96,down
6253,300602,20250530,18.37,18.62,up
6254,300603,20250512,11.03,10.93,down
6255,300603,20250516,11.65,11.96,up
6256,300603,20250521,11.35,11.49,up
6257,300603,20250526,11.13,10.85,down
6258,300604,20250507,42.85,42.86,up
6259,300604,20250513,42.68,43.21,up
6260,300604,20250522,43.78,43.03,down
6261,300604,20250523,43.03,42.99,down
6262,300604,20250529,41.76,41.17,down
6263,300605,20250523,14.36,14.55,up
6264,300605,20250529,14.4,14.74,up
6265,300606,20250512,18.01,17.89,down
6266,300606,20250520,18.09,17.94,down
6267,300606,20250523,17.8,17.88,up
6268,300606,20250531,17.87,18.04,up
6269,300607,20250506,29.43,29.17,down
6270,300607,20250508,29.25,30.98,up
6271,300607,20250512,37.18,38.02,up
6272,300607,20250514,37.14,38.87,up
6273,300607,20250530,32.32,32.1,down
6274,300608,20250508,12.02,11.6,down
6275,300608,20250521,11.29,11.16,down
6276,300609,20250506,27.06,30.34,up
6277,300609,20250507,27.06,30.34,up
6278,300609,20250509,27.06,30.34,up
6279,300609,20250510,27.06,30.34,up
6280,300609,20250512,30.34,30.65,up
6281,300609,20250513,30.65,29.64,down
6282,300609,20250516,29.37,33.79,up
6283,300610,20250507,11.08,11.17,up
6284,300610,20250510,11.18,11.34,up
6285,300610,20250513,11.48,11.18,down
6286,300610,20250516,11.27,11.43,up
6287,300610,20250523,11.08,11.02,down
6288,300611,20250508,28.26,27.15,down
6289,300611,20250520,25.44,23.83,down
6290,300612,20250513,14.11,14.16,up
6291,300612,20250516,14.03,14.23,up
6292,300613,20250526,46.93,46.77,down
6293,300614,20250512,11.46,11.64,up
6294,300614,20250513,11.64,11.75,up
6295,300614,20250516,11.81,11.89,up
6296,300614,20250520,12.04,11.88,down
6297,300615,20250506,12.15,12.33,up
6298,300615,20250512,12.63,12.48,down
6299,300615,20250523,12.12,12.36,up
6300,300615,20250526,12.36,12.37,up
6301,300615,20250527,12.37,12.22,down
6302,300616,20250509,12.69,12.97,up
6303,300616,20250512,12.97,12.97,up
6304,300616,20250519,13.13,13.31,up
6305,300616,20250521,13.45,13.23,down
6306,300616,20250529,12.75,12.54,down
6307,300617,20250512,28.48,28.14,down
6308,300617,20250516,28.12,28.12,up
6309,300617,20250521,28.39,27.91,down
6310,300617,20250522,27.91,27.36,down
6311,300618,20250508,33.12,33.09,down
6312,300618,20250512,33.6,33.26,down
6313,300618,20250516,33.2,32.9,down
6314,300618,20250526,31.84,31.45,down
6315,300619,20250509,25.03,25.78,up
6316,300619,20250515,24.84,25.18,up
6317,300619,20250526,24.72,25.02,up
6318,300619,20250529,24.63,23.91,down
6319,300620,20250519,41.72,41.54,down
6320,300620,20250521,41.21,40.65,down
6321,300620,20250523,39.44,40.2,up
6322,300620,20250528,39.79,40.22,up
6323,300621,20250515,8.66,8.67,up
6324,300621,20250516,8.67,8.92,up
6325,300621,20250528,8.5,8.77,up
6326,300622,20250519,40.93,40.73,down
6327,300622,20250522,41.0,39.4,down
6328,300622,20250526,41.84,40.36,down
6329,300623,20250507,30.15,30.36,up
6330,300623,20250528,28.59,29.45,up
6331,300624,20250506,62.3,60.8,down
6332,300624,20250507,60.8,64.55,up
6333,300624,20250509,63.19,63.72,up
6334,300624,20250519,60.63,60.92,up
6335,300624,20250528,57.75,59.83,up
6336,300625,20250519,11.93,11.95,up
6337,300625,20250522,11.63,11.5,down
6338,300626,20250507,9.76,10.41,up
6339,300626,20250527,10.07,9.95,down
6340,300627,20250506,43.49,43.05,down
6341,300627,20250512,43.96,43.05,down
6342,300627,20250521,43.24,43.44,up
6343,300627,20250530,44.95,45.99,up
6344,300628,20250513,35.3,35.31,up
6345,300628,20250520,35.13,34.8,down
6346,300628,20250526,34.64,35.08,up
6347,300628,20250530,33.74,33.64,down
6348,300629,20250514,21.09,20.5,down
6349,300629,20250523,19.71,19.94,up
6350,300630,20250501,0.7,0.69,down
6351,300630,20250507,0.69,0.76,up
6352,300630,20250509,0.75,0.77,up
6353,300630,20250512,0.77,0.89,up
6354,300630,20250514,0.89,0.88,down
6355,300630,20250515,0.88,0.9,up
6356,300630,20250516,0.9,0.82,down
6357,300630,20250519,0.82,0.88,up
6358,300630,20250520,0.88,0.89,up
6359,300631,20250520,25.87,23.75,down
6360,300632,20250507,12.18,12.33,up
6361,300632,20250512,12.37,12.3,down
6362,300632,20250516,12.12,12.16,up
6363,300632,20250529,12.46,11.92,down
6364,300633,20250514,32.75,32.1,down
6365,300633,20250522,31.7,31.6,down
6366,300634,20250509,25.79,25.96,up
6367,300634,20250512,25.96,24.91,down
6368,300634,20250515,24.13,24.15,up
6369,300634,20250530,25.05,26.51,up
6370,300635,20250520,10.6,10.51,down
6371,300635,20250523,10.25,10.35,up
6372,300636,20250508,7.33,7.23,down
6373,300636,20250509,7.23,7.32,up
6374,300636,20250515,7.31,7.33,up
6375,300636,20250516,7.33,7.26,down
6376,300636,20250523,7.45,7.3,down
6377,300636,20250527,7.42,7.36,down
6378,300637,20250516,10.45,10.55,up
6379,300637,20250526,10.55,10.61,up
6380,300637,20250530,10.36,10.39,up
6381,300638,20250514,29.0,27.76,down
6382,300639,20250507,5.2,5.31,up
6383,300639,20250519,5.4,5.46,up
6384,300640,20250507,5.83,5.9,up
6385,300640,20250513,5.95,5.95,up
6386,300640,20250520,6.46,6.3,down
6387,300640,20250521,6.3,6.28,down
6388,300640,20250528,6.47,6.42,down
6389,300641,20250516,25.27,23.65,down
6390,300641,20250522,23.37,23.23,down
6391,300641,20250528,22.78,23.0,up
6392,300642,20250506,13.77,13.85,up
6393,300642,20250509,13.81,13.91,up
6394,300642,20250514,13.83,13.84,up
6395,300642,20250528,13.79,14.19,up
6396,300643,20250506,16.52,16.62,up
6397,300643,20250515,19.54,20.16,up
6398,300643,20250516,20.16,19.25,down
6399,300643,20250527,21.63,21.0,down
6400,300643,20250530,23.28,23.36,up
6401,300644,20250506,27.18,27.17,down
6402,300644,20250512,26.72,26.79,up
6403,300644,20250520,27.05,26.5,down
6404,300644,20250522,26.29,27.26,up
6405,300644,20250527,27.23,26.95,down
6406,300645,20250516,14.22,14.4,up
6407,300645,20250520,14.6,14.36,down
6408,300645,20250526,14.19,14.12,down
6409,300645,20250527,14.12,14.18,up
6410,300647,20250512,5.8,5.74,down
6411,300647,20250519,5.81,5.88,up
6412,300648,20250514,35.94,34.58,down
6413,300648,20250520,37.89,35.79,down
6414,300649,20250513,11.57,11.54,down
6415,300650,20250506,15.25,15.97,up
6416,300650,20250516,16.23,16.61,up
6417,300650,20250520,16.45,16.23,down
6418,300650,20250528,15.01,14.48,down
6419,300651,20250516,14.34,14.83,up
6420,300651,20250520,15.46,15.19,down
6421,300651,20250527,14.66,14.4,down
6422,300652,20250516,84.62,83.5,down
6423,300652,20250522,84.43,90.0,up
6424,300652,20250529,79.98,77.29,down
6425,300653,20250506,19.79,19.79,up
6426,300653,20250513,19.94,19.86,down
6427,300653,20250520,20.38,20.38,up
6428,300654,20250512,10.37,10.33,down
6429,300654,20250513,10.33,10.39,up
6430,300654,20250515,10.12,10.01,down
6431,300654,20250522,10.14,9.81,down
6432,300655,20250517,8.68,8.74,up
6433,300655,20250523,8.69,8.83,up
6434,300655,20250527,8.85,8.6,down
6435,300656,20250506,24.67,24.98,up
6436,300656,20250507,24.98,25.15,up
6437,300656,20250509,24.84,25.23,up
6438,300656,20250514,24.75,24.56,down
6439,300656,20250521,28.01,26.54,down
6440,300657,20250508,28.51,27.6,down
6441,300657,20250520,28.36,27.63,down
6442,300658,20250508,6.08,6.06,down
6443,300658,20250515,6.15,6.26,up
6444,300658,20250530,6.17,6.32,up
6445,300659,20250513,14.37,14.35,down
6446,300659,20250516,13.74,13.77,up
6447,300660,20250512,61.65,61.2,down
6448,300660,20250515,60.29,60.04,down
6449,300660,20250523,56.7,56.93,up
6450,300660,20250526,56.93,52.52,down
6451,300661,20250506,101.27,99.93,down
6452,300661,20250513,97.02,96.9,down
6453,300661,20250519,95.4,96.85,up
6454,300661,20250523,92.88,94.31,up
6455,300661,20250527,90.74,89.97,down
6456,300662,20250523,29.03,29.05,up
6457,300662,20250527,28.79,29.4,up
6458,300663,20250506,16.44,16.31,down
6459,300663,20250514,19.34,18.03,down
6460,300663,20250516,18.28,18.09,down
6461,300663,20250520,17.73,17.34,down
6462,300663,20250521,17.34,17.12,down
6463,300663,20250529,18.5,17.88,down
6464,300664,20250508,5.13,5.1,down
6465,300664,20250509,5.1,5.12,up
6466,300664,20250529,5.35,5.3,down
6467,300665,20250512,7.57,7.38,down
6468,300665,20250520,7.84,7.6,down
6469,300665,20250528,7.37,7.59,up
6470,300665,20250529,7.59,7.43,down
6471,300666,20250508,77.85,76.17,down
6472,300666,20250513,74.96,75.05,up
6473,300666,20250529,72.87,71.58,down
6474,300666,20250530,71.58,73.23,up
6475,300667,20250506,15.47,15.32,down
6476,300667,20250519,15.6,15.86,up
6477,300667,20250522,15.25,14.57,down
6478,300667,20250529,16.0,15.28,down
6479,300668,20250506,17.5,17.68,up
6480,300668,20250507,17.68,17.9,up
6481,300668,20250508,17.9,17.9,up
6482,300668,20250513,17.7,17.52,down
6483,300669,20250508,21.54,21.51,down
6484,300669,20250514,21.3,21.83,up
6485,300669,20250520,23.06,22.9,down
6486,300669,20250522,22.44,23.4,up
6487,300670,20250506,6.04,6.07,up
6488,300670,20250516,6.15,6.26,up
6489,300671,20250509,29.81,30.93,up
6490,300672,20250514,70.34,68.22,down
6491,300672,20250516,69.6,71.0,up
6492,300672,20250522,81.06,85.5,up
6493,300672,20250528,81.06,85.5,up
6494,300673,20250517,17.08,17.99,up
6495,300673,20250522,17.92,17.54,down
6496,300673,20250528,17.25,17.17,down
6497,300674,20250507,24.39,24.21,down
6498,300674,20250513,23.33,23.79,up
6499,300674,20250523,21.88,21.79,down
6500,300674,20250527,21.5,21.4,down
6501,300674,20250528,21.4,22.92,up
6502,300674,20250529,22.92,23.21,up
6503,300676,20250515,56.76,56.43,down
6504,300676,20250520,53.48,52.78,down
6505,300676,20250526,52.38,52.52,up
6506,300676,20250529,52.26,51.42,down
6507,300677,20250506,22.55,22.89,up
6508,300677,20250513,23.18,23.23,up
6509,300677,20250514,23.23,22.85,down
6510,300677,20250516,23.12,22.91,down
6511,300677,20250522,22.69,22.69,up
6512,300677,20250526,22.53,22.6,up
6513,300677,20250530,23.71,23.63,down
6514,300678,20250501,29.58,30.65,up
6515,300678,20250512,31.47,31.19,down
6516,300678,20250516,30.17,30.6,up
6517,300678,20250520,30.47,30.3,down
6518,300678,20250522,30.03,29.27,down
6519,300679,20250506,49.39,48.1,down
6520,300679,20250508,49.88,49.9,up
6521,300679,20250516,43.8,43.42,down
6522,300679,20250520,44.99,44.65,down
6523,300679,20250526,43.22,42.27,down
6524,300679,20250530,44.13,44.63,up
6525,300680,20250507,43.34,42.67,down
6526,300680,20250512,43.75,45.7,up
6527,300681,20250508,33.47,32.5,down
6528,300681,20250514,33.5,32.25,down
6529,300681,20250515,32.25,31.94,down
6530,300681,20250516,31.94,31.05,down
6531,300681,20250519,31.05,29.98,down
6532,300681,20250523,29.22,29.35,up
6533,300682,20250507,13.52,14.22,up
6534,300682,20250513,14.65,14.55,down
6535,300682,20250516,14.26,14.99,up
6536,300682,20250520,15.05,14.69,down
6537,300682,20250528,14.12,16.94,up
6538,300683,20250513,23.35,22.83,down
6539,300683,20250528,24.03,25.08,up
6540,300683,20250530,25.26,28.59,up
6541,300684,20250506,24.78,24.51,down
6542,300684,20250516,23.91,23.82,down
6543,300684,20250521,23.48,23.12,down
6544,300684,20250523,22.89,23.0,up
6545,300685,20250506,21.2,20.49,down
6546,300685,20250508,20.85,20.48,down
6547,300685,20250514,20.65,20.27,down
6548,300685,20250516,20.2,20.33,up
6549,300685,20250526,19.88,20.15,up
6550,300686,20250508,8.96,8.75,down
6551,300686,20250513,8.83,8.77,down
6552,300686,20250529,8.87,8.68,down
6553,300687,20250507,31.47,30.86,down
6554,300687,20250516,28.8,28.59,down
6555,300687,20250520,28.31,27.97,down
6556,300687,20250521,27.97,28.38,up
6557,300687,20250531,27.18,26.47,down
6558,300688,20250508,28.53,27.86,down
6559,300688,20250514,28.1,27.44,down
6560,300689,20250509,35.1,35.14,up
6561,300689,20250514,34.8,34.51,down
6562,300690,20250513,24.25,24.04,down
6563,300690,20250515,23.71,24.2,up
6564,300691,20250512,18.45,18.07,down
6565,300691,20250514,17.98,17.61,down
6566,300691,20250520,17.99,18.72,up
6567,300691,20250523,17.99,18.72,up
6568,300691,20250526,17.99,18.72,up
6569,300692,20250516,6.06,6.18,up
6570,300693,20250508,32.59,31.27,down
6571,300693,20250514,31.55,29.93,down
6572,300693,20250516,30.06,29.69,down
6573,300693,20250521,30.96,31.14,up
6574,300693,20250526,29.85,29.38,down
6575,300693,20250530,28.48,27.69,down
6576,300694,20250509,13.19,13.83,up
6577,300694,20250522,12.7,12.51,down
6578,300695,20250506,83.0,80.68,down
6579,300695,20250508,80.74,74.61,down
6580,300695,20250513,89.03,87.62,down
6581,300695,20250527,85.57,86.47,up
6582,300695,20250528,86.47,81.35,down
6583,300695,20250530,80.61,79.35,down
6584,300696,20250509,21.49,22.97,up
6585,300696,20250513,22.31,21.43,down
6586,300696,20250516,20.73,20.69,down
6587,300697,20250508,15.56,15.06,down
6588,300698,20250517,34.75,35.97,up
6589,300698,20250528,34.66,41.59,up
6590,300699,20250513,30.4,30.59,up
6591,300700,20250509,9.36,9.34,down
6592,300700,20250514,9.29,9.33,up
6593,300700,20250515,9.33,9.46,up
6594,300700,20250519,9.55,9.72,up
6595,300700,20250528,9.26,9.43,up
6596,300701,20250506,9.84,9.91,up
6597,300701,20250509,9.91,10.08,up
6598,300701,20250512,10.08,9.95,down
6599,300701,20250515,9.76,9.8,up
6600,300701,20250519,9.88,9.99,up
6601,300702,20250509,21.3,21.28,down
6602,300702,20250513,21.51,21.43,down
6603,300702,20250529,22.19,22.67,up
6604,300703,20250529,21.5,20.36,down
6605,300705,20250506,16.26,16.15,down
6606,300705,20250512,16.0,16.09,up
6607,300705,20250515,15.77,15.96,up
6608,300705,20250516,15.96,15.76,down
6609,300705,20250520,16.08,16.01,down
6610,300705,20250521,16.01,15.81,down
6611,300705,20250523,15.88,15.35,down
6612,300705,20250526,15.35,15.42,up
6613,300705,20250530,15.95,16.53,up
6614,300706,20250507,21.0,21.3,up
6615,300706,20250508,21.3,20.87,down
6616,300706,20250513,20.99,20.92,down
6617,300706,20250515,20.5,20.64,up
6618,300706,20250519,20.91,21.09,up
6619,300706,20250527,21.4,20.94,down
6620,300707,20250506,13.52,13.46,down
6621,300707,20250513,13.72,13.99,up
6622,300707,20250521,14.07,13.62,down
6623,300707,20250527,13.43,13.31,down
6624,300707,20250529,13.58,13.13,down
6625,300708,20250513,11.5,11.52,up
6626,300709,20250506,33.68,33.84,up
6627,300709,20250522,38.1,37.21,down
6628,300709,20250529,39.15,38.35,down
6629,300710,20250507,18.82,19.64,up
6630,300710,20250520,20.71,19.87,down
6631,300710,20250522,19.74,19.5,down
6632,300711,20250507,21.89,22.33,up
6633,300712,20250509,23.02,23.32,up
6634,300712,20250513,23.4,23.16,down
6635,300712,20250516,23.09,23.14,up
6636,300712,20250519,23.14,23.39,up
6637,300712,20250520,23.39,23.34,down
6638,300712,20250528,22.39,22.71,up
6639,300713,20250507,15.37,16.62,up
6640,300713,20250523,16.32,16.75,up
6641,300715,20250507,10.74,10.9,up
6642,300715,20250513,10.4,10.23,down
6643,300715,20250530,9.6,9.76,up
6644,300716,20250509,6.64,6.83,up
6645,300716,20250512,6.83,6.94,up
6646,300716,20250514,6.67,6.83,up
6647,300716,20250521,7.89,7.51,down
6648,300716,20250523,7.26,7.25,down
6649,300716,20250528,7.41,7.47,up
6650,300716,20250529,7.47,7.3,down
6651,300716,20250531,7.3,7.22,down
6652,300717,20250516,16.5,16.72,up
6653,300717,20250527,16.86,16.69,down
6654,300717,20250528,16.69,16.95,up
6655,300718,20250512,82.0,79.71,down
6656,300718,20250520,75.05,74.3,down
6657,300718,20250527,70.56,70.4,down
6658,300719,20250509,18.16,18.73,up
6659,300719,20250519,17.77,17.07,down
6660,300719,20250520,17.07,16.94,down
6661,300719,20250522,16.68,16.42,down
6662,300720,20250510,20.51,20.77,up
6663,300720,20250527,21.45,21.35,down
6664,300722,20250514,30.2,29.67,down
6665,300722,20250523,28.87,29.5,up
6666,300723,20250517,38.01,39.61,up
6667,300723,20250520,47.53,50.6,up
6668,300723,20250522,47.47,49.45,up
6669,300723,20250529,49.2,49.65,up
6670,300724,20250506,56.71,57.03,up
6671,300724,20250507,57.03,58.2,up
6672,300724,20250512,58.1,57.52,down
6673,300724,20250514,57.27,55.87,down
6674,300724,20250516,56.01,54.39,down
6675,300724,20250520,54.5,54.77,up
6676,300724,20250530,51.66,50.89,down
6677,300725,20250506,32.54,32.1,down
6678,300725,20250512,32.43,32.55,up
6679,300725,20250516,31.94,31.6,down
6680,300725,20250519,31.6,32.86,up
6681,300725,20250521,33.22,32.65,down
6682,300725,20250523,33.54,32.4,down
6683,300725,20250529,34.34,33.82,down
6684,300726,20250521,34.94,34.98,up
6685,300727,20250506,39.54,39.15,down
6686,300727,20250508,39.03,38.31,down
6687,300727,20250513,38.98,38.48,down
6688,300727,20250526,28.24,27.6,down
6689,300727,20250529,27.64,26.68,down
6690,300729,20250509,13.99,14.98,up
6691,300729,20250512,14.98,16.34,up
6692,300729,20250515,16.86,16.71,down
6693,300729,20250519,16.46,16.28,down
6694,300729,20250522,15.23,15.0,down
6695,300729,20250528,14.93,15.24,up
6696,300730,20250508,12.51,12.25,down
6697,300730,20250523,11.88,12.75,up
6698,300731,20250514,25.16,24.58,down
6699,300731,20250516,24.52,25.8,up
6700,300731,20250526,26.08,25.63,down
6701,300731,20250527,25.63,25.3,down
6702,300731,20250528,25.3,25.28,down
6703,300732,20250508,6.76,6.68,down
6704,300732,20250521,6.89,6.76,down
6705,300733,20250506,17.39,17.78,up
6706,300733,20250508,19.09,17.9,down
6707,300733,20250515,17.0,17.12,up
6708,300733,20250516,17.12,16.98,down
6709,300735,20250513,27.12,27.0,down
6710,300735,20250520,27.21,26.65,down
6711,300735,20250522,26.31,25.79,down
6712,300736,20250512,9.69,9.59,down
6713,300736,20250515,9.56,9.62,up
6714,300737,20250516,4.9,4.96,up
6715,300737,20250526,4.89,5.03,up
6716,300738,20250512,23.76,23.6,down
6717,300738,20250522,20.3,19.76,down
6718,300739,20250509,12.75,13.05,up
6719,300739,20250514,12.96,12.92,down
6720,300739,20250515,12.92,12.93,up
6721,300739,20250519,12.97,13.28,up
6722,300739,20250521,13.09,12.96,down
6723,300739,20250523,12.68,12.97,up
6724,300739,20250527,12.93,12.89,down
6725,300740,20250508,12.53,13.45,up
6726,300741,20250508,16.45,16.39,down
6727,300743,20250506,16.58,17.04,up
6728,300743,20250513,17.24,17.01,down
6729,300743,20250522,17.39,17.42,up
6730,300745,20250520,17.41,17.35,down
6731,300745,20250530,17.14,17.16,up
6732,300746,20250507,14.15,13.72,down
6733,300746,20250515,13.74,13.68,down
6734,300746,20250523,13.07,13.4,up
6735,300746,20250527,13.33,13.84,up
6736,300746,20250530,15.44,16.3,up
6737,300747,20250514,21.73,21.08,down
6738,300747,20250519,21.08,20.44,down
6739,300748,20250507,21.59,21.55,down
6740,300748,20250508,21.55,21.27,down
6741,300748,20250516,21.66,20.74,down
6742,300748,20250526,20.22,19.81,down
6743,300748,20250528,19.72,20.14,up
6744,300748,20250530,19.87,20.32,up
6745,300749,20250507,8.47,8.54,up
6746,300749,20250513,8.13,8.14,up
6747,300749,20250524,7.93,8.0,up
6748,300750,20250506,231.63,238.61,up
6749,300750,20250512,257.0,258.77,up
6750,300750,20250516,259.36,260.0,up
6751,300750,20250520,263.0,274.08,up
6752,300750,20250523,266.99,255.9,down
6753,300751,20250509,78.5,78.0,down
6754,300751,20250513,77.43,76.49,down
6755,300751,20250516,74.55,75.18,up
6756,300751,20250519,75.18,75.42,up
6757,300751,20250522,72.08,71.32,down
6758,300751,20250531,68.21,67.99,down
6759,300752,20250506,18.88,18.67,down
6760,300752,20250514,18.8,18.51,down
6761,300752,20250520,18.76,18.24,down
6762,300752,20250528,17.48,17.85,up
6763,300753,20250513,24.47,23.97,down
6764,300755,20250508,19.33,19.8,up
6765,300755,20250513,20.79,21.3,up
6766,300755,20250514,21.3,21.53,up
6767,300755,20250521,20.92,21.16,up
6768,300756,20250509,19.88,20.98,up
6769,300756,20250515,22.45,23.0,up
6770,300756,20250520,26.57,25.37,down
6771,300757,20250508,135.67,131.0,down
6772,300757,20250514,135.51,134.15,down
6773,300757,20250519,146.18,143.1,down
6774,300757,20250527,133.5,131.67,down
6775,300757,20250529,133.5,134.06,up
6776,300758,20250507,15.55,16.68,up
6777,300758,20250509,15.81,15.72,down
6778,300758,20250514,17.75,16.69,down
6779,300759,20250507,23.42,23.72,up
6780,300759,20250516,22.99,22.41,down
6781,300759,20250530,23.84,24.18,up
6782,300759,20250531,23.84,24.18,up
6783,300760,20250520,223.72,226.67,up
6784,300760,20250522,225.6,231.9,up
6785,300760,20250526,228.31,227.28,down
6786,300760,20250530,225.87,232.69,up
6787,300761,20250508,19.37,19.28,down
6788,300761,20250513,19.34,19.28,down
6789,300761,20250515,19.3,18.7,down
6790,300761,20250529,18.19,18.98,up
6791,300761,20250530,18.98,19.28,up
6792,300762,20250520,21.27,21.05,down
6793,300763,20250512,57.09,56.38,down
6794,300763,20250514,55.57,54.93,down
6795,300763,20250515,54.93,54.25,down
6796,300763,20250516,54.25,55.6,up
6797,300763,20250519,55.6,54.95,down
6798,300763,20250521,54.56,53.15,down
6799,300763,20250530,51.09,51.58,up
6800,300765,20250506,40.27,38.34,down
6801,300765,20250508,39.07,41.11,up
6802,300765,20250509,41.11,39.8,down
6803,300765,20250515,40.31,41.41,up
6804,300765,20250516,41.41,42.1,up
6805,300765,20250519,42.1,46.45,up
6806,300765,20250523,48.77,48.65,down
6807,300765,20250528,48.64,52.59,up
6808,300767,20250513,10.19,10.13,down
6809,300767,20250529,10.6,10.32,down
6810,300768,20250507,16.77,17.04,up
6811,300768,20250508,17.04,16.67,down
6812,300768,20250526,16.27,15.96,down
6813,300768,20250529,16.62,16.28,down
6814,300769,20250515,29.08,28.8,down
6815,300769,20250519,29.13,28.99,down
6816,300769,20250522,28.42,27.91,down
6817,300770,20250507,39.27,39.55,up
6818,300770,20250521,39.94,39.47,down
6819,300770,20250529,39.59,40.3,up
6820,300771,20250507,10.53,10.73,up
6821,300772,20250513,11.25,11.09,down
6822,300772,20250516,10.94,10.87,down
6823,300772,20250523,10.51,10.52,up
6824,300773,20250512,21.18,22.2,up
6825,300773,20250516,21.35,20.78,down
6826,300773,20250520,20.67,19.44,down
6827,300773,20250528,19.79,23.75,up
6828,300774,20250508,8.72,8.57,down
6829,300774,20250520,8.74,8.6,down
6830,300774,20250521,8.6,8.41,down
6831,300774,20250530,8.25,8.39,up
6832,300774,20250531,8.25,8.39,up
6833,300775,20250506,25.16,26.52,up
6834,300775,20250513,26.0,25.61,down
6835,300775,20250520,25.23,25.08,down
6836,300776,20250508,58.75,58.31,down
6837,300776,20250514,58.52,56.79,down
6838,300776,20250516,56.77,57.27,up
6839,300777,20250507,37.32,36.95,down
6840,300777,20250514,36.15,35.49,down
6841,300777,20250515,35.49,35.3,down
6842,300777,20250526,35.19,34.09,down
6843,300777,20250529,34.34,34.04,down
6844,300777,20250531,34.04,34.8,up
6845,300778,20250507,11.5,12.35,up
6846,300778,20250513,13.25,13.63,up
6847,300779,20250506,131.2,131.62,up
6848,300779,20250527,163.04,163.0,down
6849,300780,20250512,15.63,15.43,down
6850,300780,20250520,15.61,15.29,down
6851,300780,20250527,14.95,14.78,down
6852,300781,20250530,52.27,52.14,down
6853,300782,20250509,74.15,76.05,up
6854,300782,20250527,70.46,70.0,down
6855,300783,20250516,26.8,28.78,up
6856,300783,20250519,28.78,30.42,up
6857,300783,20250526,29.2,29.0,down
6858,300784,20250507,54.78,55.18,up
6859,300784,20250510,53.0,54.28,up
6860,300784,20250513,54.26,53.41,down
6861,300784,20250523,57.3,56.59,down
6862,300785,20250506,36.3,35.81,down
6863,300785,20250513,37.07,36.09,down
6864,300785,20250519,34.22,34.89,up
6865,300785,20250522,34.36,36.04,up
6866,300785,20250526,36.89,36.75,down
6867,300785,20250528,32.89,33.19,up
6868,300786,20250515,13.82,13.87,up
6869,300787,20250509,13.91,14.2,up
6870,300787,20250514,14.0,13.94,down
6871,300787,20250520,14.58,14.45,down
6872,300787,20250521,14.45,14.74,up
6873,300787,20250522,14.74,14.3,down
6874,300788,20250512,30.5,30.17,down
6875,300788,20250521,30.64,30.18,down
6876,300788,20250522,30.18,29.68,down
6877,300789,20250509,26.45,27.02,up
6878,300789,20250513,25.79,25.1,down
6879,300789,20250514,25.1,24.79,down
6880,300789,20250515,24.79,25.1,up
6881,300789,20250522,23.46,22.9,down
6882,300789,20250528,22.46,22.58,up
6883,300789,20250529,22.58,22.36,down
6884,300790,20250506,22.07,21.85,down
6885,300790,20250516,21.13,20.89,down
6886,300790,20250520,21.05,20.63,down
6887,300790,20250522,20.46,19.83,down
6888,300791,20250508,25.13,26.16,up
6889,300791,20250512,26.1,27.13,up
6890,300791,20250519,31.81,31.38,down
6891,300791,20250522,29.29,30.68,up
6892,300791,20250526,30.08,23.26,down
6893,300791,20250528,24.26,23.38,down
6894,300792,20250520,26.87,26.4,down
6895,300792,20250522,25.9,24.18,down
6896,300792,20250528,24.18,24.7,up
6897,300792,20250529,24.7,23.71,down
6898,300793,20250506,16.04,16.21,up
6899,300793,20250512,16.6,16.55,down
6900,300793,20250520,16.54,16.19,down
6901,300793,20250521,16.19,16.34,up
6902,300793,20250526,16.19,16.37,up
6903,300793,20250529,16.56,16.28,down
6904,300793,20250530,16.28,16.18,down
6905,300795,20250514,20.25,19.7,down
6906,300795,20250519,19.77,20.38,up
6907,300795,20250522,19.6,19.5,down
6908,300796,20250506,9.78,9.78,up
6909,300796,20250510,9.5,9.46,down
6910,300797,20250513,14.6,14.54,down
6911,300797,20250529,14.28,13.65,down
6912,300798,20250523,6.96,7.06,up
6913,300798,20250529,7.5,7.27,down
6914,300798,20250530,7.27,7.26,down
6915,300800,20250508,10.58,10.44,down
6916,300800,20250512,10.41,10.44,up
6917,300800,20250515,10.38,10.46,up
6918,300800,20250528,10.19,10.48,up
6919,300801,20250501,15.5,15.86,up
6920,300801,20250513,16.2,16.17,down
6921,300801,20250516,16.15,16.17,up
6922,300801,20250520,16.19,16.27,up
6923,300802,20250506,18.25,18.16,down
6924,300802,20250515,18.05,18.1,up
6925,300802,20250519,18.06,18.21,up
6926,300802,20250521,18.06,17.84,down
6927,300802,20250523,17.6,17.68,up
6928,300803,20250515,61.91,60.35,down
6929,300803,20250519,59.89,60.32,up
6930,300803,20250521,60.05,59.65,down
6931,300803,20250527,58.31,57.38,down
6932,300803,20250530,58.17,58.26,up
6933,300804,20250508,29.16,27.78,down
6934,300804,20250528,34.38,41.26,up
6935,300805,20250508,10.71,10.52,down
6936,300805,20250522,11.24,10.88,down
6937,300806,20250519,16.84,16.65,down
6938,300806,20250523,15.79,15.9,up
6939,300807,20250509,38.73,38.57,down
6940,300807,20250523,43.62,41.88,down
6941,300809,20250514,42.59,41.53,down
6942,300810,20250506,33.23,34.8,up
6943,300810,20250508,33.43,34.34,up
6944,300810,20250509,34.34,34.67,up
6945,300810,20250513,33.28,32.62,down
6946,300810,20250522,30.1,29.67,down
6947,300810,20250523,29.67,29.91,up
6948,300810,20250527,29.64,30.72,up
6949,300810,20250528,30.72,31.16,up
6950,300811,20250508,42.93,42.16,down
6951,300811,20250512,42.84,43.02,up
6952,300811,20250516,42.08,41.45,down
6953,300811,20250523,40.86,41.29,up
6954,300812,20250508,20.68,20.44,down
6955,300812,20250521,20.67,20.4,down
6956,300812,20250522,20.4,20.21,down
6957,300812,20250528,20.35,20.75,up
6958,300813,20250506,17.95,18.0,up
6959,300813,20250515,18.28,18.45,up
6960,300813,20250519,19.1,19.33,up
6961,300813,20250529,19.02,19.25,up
6962,300814,20250507,29.26,30.01,up
6963,300814,20250512,30.09,29.9,down
6964,300814,20250516,29.34,29.37,up
6965,300815,20250509,16.29,16.96,up
6966,300815,20250519,17.68,17.69,up
6967,300815,20250523,17.2,17.13,down
6968,300815,20250527,18.6,22.32,up
6969,300815,20250528,22.32,26.78,up
6970,300816,20250508,30.41,29.82,down
6971,300816,20250512,30.19,32.61,up
6972,300816,20250513,32.61,31.6,down
6973,300816,20250515,32.99,33.93,up
6974,300816,20250520,32.41,32.05,down
6975,300817,20250508,29.65,30.15,up
6976,300817,20250512,30.2,28.36,down
6977,300817,20250526,24.93,24.6,down
6978,300817,20250530,23.52,23.61,up
6979,300818,20250508,23.64,22.85,down
6980,300818,20250513,21.62,21.46,down
6981,300818,20250516,21.2,21.4,up
6982,300818,20250523,20.14,20.16,up
6983,300819,20250508,26.99,25.97,down
6984,300819,20250519,27.5,27.66,up
6985,300820,20250506,41.46,41.69,up
6986,300820,20250507,41.69,44.36,up
6987,300820,20250513,45.53,45.52,down
6988,300820,20250516,44.67,47.38,up
6989,300820,20250527,49.37,48.5,down
6990,300821,20250506,7.49,7.54,up
6991,300821,20250509,7.52,7.62,up
6992,300821,20250513,7.68,7.71,up
6993,300821,20250529,7.34,7.26,down
6994,300822,20250512,21.41,21.06,down
6995,300822,20250516,20.42,21.17,up
6996,300822,20250529,20.22,19.18,down
6997,300823,20250506,13.95,13.96,up
6998,300823,20250512,14.12,14.13,up
6999,300823,20250513,14.13,14.25,up
7000,300823,20250515,14.03,14.05,up
7001,300824,20250516,12.45,12.15,down
7002,300824,20250528,11.96,12.35,up
7003,300824,20250530,11.87,12.1,up
7004,300825,20250515,10.11,10.36,up
7005,300825,20250516,10.36,10.66,up
7006,300825,20250520,10.78,10.63,down
7007,300825,20250529,10.78,10.31,down
7008,300826,20250506,15.57,15.63,up
7009,300826,20250507,15.63,16.57,up
7010,300826,20250513,16.21,16.26,up
7011,300826,20250523,15.8,16.59,up
7012,300826,20250528,16.25,17.27,up
7013,300827,20250506,29.59,29.47,down
7014,300827,20250520,29.09,28.79,down
7015,300827,20250526,27.87,27.06,down
7016,300828,20250513,16.03,15.85,down
7017,300828,20250515,15.79,15.96,up
7018,300828,20250527,14.96,14.86,down
7019,300829,20250507,20.23,19.82,down
7020,300829,20250512,20.0,19.52,down
7021,300829,20250514,19.1,19.01,down
7022,300829,20250519,19.11,19.43,up
7023,300829,20250526,18.54,18.81,up
7024,300829,20250529,19.3,18.7,down
7025,300830,20250512,8.55,8.53,down
7026,300830,20250520,8.52,8.4,down
7027,300830,20250527,8.32,8.31,down
7028,300830,20250529,8.64,8.35,down
7029,300831,20250506,14.32,14.26,down
7030,300831,20250531,14.38,14.34,down
7031,300832,20250509,51.91,53.21,up
7032,300832,20250519,56.52,56.9,up
7033,300832,20250521,57.16,57.76,up
7034,300832,20250523,57.94,56.62,down
7035,300832,20250528,58.75,58.75,up
7036,300832,20250530,59.99,59.66,down
7037,300833,20250527,34.05,33.9,down
7038,300834,20250530,21.06,22.28,up
7039,300835,20250516,35.87,34.4,down
7040,300836,20250512,53.51,53.89,up
7041,300836,20250516,51.52,50.71,down
7042,300836,20250521,50.86,54.91,up
7043,300837,20250512,21.53,21.78,up
7044,300837,20250520,21.93,21.84,down
7045,300837,20250523,21.24,21.5,up
7046,300837,20250529,21.69,21.37,down
7047,300837,20250530,21.37,21.65,up
7048,300838,20250513,14.63,14.56,down
7049,300838,20250515,14.5,14.58,up
7050,300839,20250506,8.79,8.74,down
7051,300839,20250513,9.2,9.13,down
7052,300839,20250515,9.16,9.15,down
7053,300839,20250516,9.15,9.28,up
7054,300839,20250520,10.02,10.2,up
7055,300839,20250521,10.2,10.07,down
7056,300839,20250523,9.8,9.89,up
7057,300839,20250528,9.8,9.78,down
7058,300839,20250529,9.78,9.63,down
7059,300840,20250506,20.74,20.48,down
7060,300841,20250509,52.8,53.81,up
7061,300841,20250512,53.81,53.49,down
7062,300841,20250514,53.46,53.38,down
7063,300842,20250506,39.3,39.41,up
7064,300842,20250523,41.05,41.14,up
7065,300843,20250513,29.08,28.9,down
7066,300843,20250519,28.53,28.6,up
7067,300843,20250523,27.09,27.43,up
7068,300843,20250527,26.96,26.75,down
7069,300844,20250508,64.66,68.95,up
7070,300844,20250512,65.6,69.53,up
7071,300844,20250515,69.19,68.3,down
7072,300845,20250515,16.3,15.38,down
7073,300845,20250516,15.38,15.61,up
7074,300845,20250520,15.72,14.98,down
7075,300846,20250513,20.13,21.64,up
7076,300846,20250529,18.42,17.75,down
7077,300847,20250507,16.3,16.57,up
7078,300847,20250522,16.35,16.18,down
7079,300848,20250512,17.68,18.0,up
7080,300848,20250515,17.48,17.44,down
7081,300848,20250521,17.44,18.65,up
7082,300849,20250507,13.69,13.81,up
7083,300849,20250522,14.56,14.25,down
7084,300850,20250506,30.12,29.4,down
7085,300850,20250509,29.65,29.45,down
7086,300850,20250513,30.17,30.49,up
7087,300850,20250514,30.49,30.03,down
7088,300850,20250516,29.3,30.94,up
7089,300851,20250509,26.45,27.19,up
7090,300851,20250513,26.87,26.53,down
7091,300851,20250515,26.43,26.3,down
7092,300852,20250506,28.18,27.91,down
7093,300852,20250507,27.91,28.61,up
7094,300852,20250522,31.85,31.7,down
7095,300853,20250507,23.14,23.32,up
7096,300853,20250519,22.45,22.37,down
7097,300853,20250521,21.81,21.62,down
7098,300853,20250526,21.57,21.15,down
7099,300854,20250508,16.89,17.38,up
7100,300854,20250515,17.43,17.39,down
7101,300854,20250517,17.39,15.71,down
7102,300854,20250522,16.09,16.3,up
7103,300854,20250528,18.26,17.82,down
7104,300855,20250509,22.7,23.63,up
7105,300855,20250514,22.72,22.16,down
7106,300855,20250530,22.5,22.21,down
7107,300856,20250507,20.56,20.75,up
7108,300856,20250515,21.5,20.92,down
7109,300856,20250516,20.92,21.02,up
7110,300856,20250527,20.67,21.7,up
7111,300857,20250506,108.66,109.0,up
7112,300857,20250514,80.4,76.52,down
7113,300857,20250515,76.52,76.1,down
7114,300857,20250516,76.1,73.88,down
7115,300857,20250527,71.28,79.7,up
7116,300857,20250528,79.7,80.04,up
7117,300858,20250513,14.06,13.92,down
7118,300858,20250521,14.95,14.52,down
7119,300859,20250515,35.35,35.38,up
7120,300859,20250516,35.38,36.68,up
7121,300859,20250519,36.68,37.3,up
7122,300859,20250520,37.3,37.12,down
7123,300859,20250521,37.12,35.79,down
7124,300860,20250513,25.89,25.68,down
7125,300860,20250516,25.3,25.55,up
7126,300861,20250507,18.68,19.17,up
7127,300861,20250512,19.04,19.56,up
7128,300861,20250519,19.59,19.67,up
7129,300861,20250520,19.67,19.15,down
7130,300861,20250522,19.26,18.91,down
7131,300861,20250530,18.44,18.41,down
7132,300862,20250506,25.01,25.2,up
7133,300862,20250522,27.92,27.68,down
7134,300863,20250506,45.31,45.13,down
7135,300863,20250507,45.13,46.74,up
7136,300863,20250512,46.77,45.83,down
7137,300863,20250515,45.15,45.84,up
7138,300863,20250517,45.84,45.3,down
7139,300863,20250519,45.3,46.4,up
7140,300863,20250520,46.4,46.39,down
7141,300863,20250527,31.55,31.84,up
7142,300865,20250509,23.02,23.42,up
7143,300865,20250515,23.0,23.1,up
7144,300866,20250522,102.99,104.24,up
7145,300866,20250523,104.24,100.5,down
7146,300866,20250527,99.71,101.2,up
7147,300867,20250506,16.2,18.07,up
7148,300867,20250509,17.4,17.12,down
7149,300867,20250514,17.94,17.52,down
7150,300868,20250516,31.79,32.12,up
7151,300869,20250507,13.83,13.97,up
7152,300869,20250508,13.97,13.58,down
7153,300869,20250509,13.58,13.87,up
7154,300869,20250513,13.98,13.98,up
7155,300869,20250515,14.09,13.98,down
7156,300869,20250520,14.25,14.2,down
7157,300869,20250521,14.2,14.02,down
7158,300869,20250523,14.03,14.01,down
7159,300869,20250529,14.6,14.3,down
7160,300870,20250509,123.02,126.28,up
7161,300870,20250513,123.0,122.28,down
7162,300870,20250520,110.57,107.1,down
7163,300870,20250522,108.9,104.0,down
7164,300870,20250523,104.0,107.72,up
7165,300870,20250528,103.9,104.55,up
7166,300870,20250530,100.94,99.97,down
7167,300871,20250506,22.81,23.91,up
7168,300871,20250507,23.91,22.79,down
7169,300871,20250508,22.79,22.07,down
7170,300871,20250509,22.07,22.35,up
7171,300871,20250512,22.35,22.06,down
7172,300871,20250513,22.06,22.77,up
7173,300871,20250514,22.77,25.16,up
7174,300871,20250515,25.16,23.82,down
7175,300871,20250516,23.82,23.51,down
7176,300871,20250519,23.51,26.2,up
7177,300871,20250520,26.2,27.05,up
7178,300871,20250526,23.98,25.38,up
7179,300871,20250529,22.94,22.3,down
7180,300872,20250515,15.16,14.91,down
7181,300872,20250519,15.12,15.16,up
7182,300872,20250520,15.16,14.9,down
7183,300872,20250523,14.43,14.65,up
7184,300872,20250526,14.65,14.65,up
7185,300872,20250530,19.5,18.74,down
7186,300873,20250512,20.98,20.83,down
7187,300873,20250514,22.29,21.38,down
7188,300875,20250520,28.33,28.18,down
7189,300876,20250501,22.65,23.6,up
7190,300876,20250531,22.37,23.25,up
7191,300877,20250501,14.8,14.95,up
7192,300877,20250507,15.25,15.48,up
7193,300877,20250517,16.6,16.05,down
7194,300877,20250521,16.17,16.05,down
7195,300878,20250506,14.81,14.9,up
7196,300878,20250520,15.71,15.65,down
7197,300878,20250522,15.48,15.64,up
7198,300879,20250506,34.08,40.9,up
7199,300879,20250507,40.9,39.12,down
7200,300879,20250509,37.1,39.86,up
7201,300879,20250515,49.99,47.5,down
7202,300879,20250522,51.07,50.3,down
7203,300879,20250523,50.3,48.71,down
7204,300880,20250506,21.18,20.88,down
7205,300880,20250523,19.79,20.07,up
7206,300880,20250526,20.07,20.08,up
7207,300880,20250528,20.35,20.45,up
7208,300881,20250513,30.42,30.26,down
7209,300881,20250527,31.07,31.11,up
7210,300882,20250506,15.58,15.58,up
7211,300882,20250513,15.73,15.55,down
7212,300882,20250519,15.51,15.7,up
7213,300882,20250520,15.7,15.05,down
7214,300882,20250528,14.72,15.01,up
7215,300883,20250516,5.8,5.92,up
7216,300884,20250508,14.44,13.19,down
7217,300884,20250516,12.56,12.71,up
7218,300884,20250519,12.71,12.8,up
7219,300884,20250523,11.94,12.16,up
7220,300884,20250526,12.16,12.1,down
7221,300885,20250530,12.59,12.6,up
7222,300886,20250508,23.13,23.0,down
7223,300886,20250513,22.74,22.63,down
7224,300886,20250515,27.16,24.76,down
7225,300887,20250513,7.27,7.23,down
7226,300887,20250527,7.13,7.08,down
7227,300888,20250508,49.8,51.45,up
7228,300888,20250521,50.16,49.48,down
7229,300889,20250509,16.35,16.79,up
7230,300889,20250513,16.73,16.65,down
7231,300889,20250514,16.65,16.82,up
7232,300889,20250515,16.82,17.56,up
7233,300889,20250527,16.72,16.96,up
7234,300889,20250529,17.06,16.92,down
7235,300890,20250507,25.76,26.55,up
7236,300890,20250512,27.21,27.03,down
7237,300891,20250514,9.04,8.96,down
7238,300891,20250520,9.23,9.12,down
7239,300891,20250522,8.97,9.04,up
7240,300891,20250529,9.25,8.9,down
7241,300892,20250515,34.68,35.02,up
7242,300892,20250516,35.02,35.78,up
7243,300892,20250528,35.76,34.31,down
7244,300892,20250529,34.31,32.98,down
7245,300893,20250512,34.75,34.44,down
7246,300893,20250514,33.98,33.82,down
7247,300893,20250519,34.96,35.61,up
7248,300893,20250530,35.41,36.74,up
7249,300894,20250506,13.04,13.03,down
7250,300894,20250509,12.96,13.32,up
7251,300894,20250512,13.32,13.2,down
7252,300894,20250513,13.2,13.25,up
7253,300894,20250514,13.25,12.98,down
7254,300895,20250521,42.73,42.56,down
7255,300897,20250508,30.83,28.19,down
7256,300897,20250523,25.78,26.16,up
7257,300898,20250507,31.4,30.75,down
7258,300898,20250509,30.15,29.57,down
7259,300898,20250521,32.62,30.65,down
7260,300898,20250526,30.1,30.7,up
7261,300898,20250530,28.56,29.16,up
7262,300899,20250507,20.4,20.66,up
7263,300899,20250520,22.04,21.77,down
7264,300900,20250507,22.0,23.27,up
7265,300900,20250513,22.75,22.27,down
7266,300900,20250515,21.93,21.8,down
7267,300900,20250516,21.8,21.91,up
7268,300900,20250519,21.91,21.67,down
7269,300900,20250523,21.2,21.72,up
7270,300900,20250526,21.72,22.17,up
7271,300901,20250506,13.06,13.02,down
7272,300901,20250508,13.82,13.94,up
7273,300901,20250509,13.94,13.82,down
7274,300901,20250514,13.76,13.8,up
7275,300901,20250527,13.62,13.3,down
7276,300902,20250509,17.57,19.3,up
7277,300902,20250513,18.45,18.22,down
7278,300902,20250515,17.92,17.95,up
7279,300902,20250521,18.3,17.93,down
7280,300903,20250512,8.08,8.03,down
7281,300903,20250515,7.92,7.98,up
7282,300904,20250507,58.73,60.06,up
7283,300904,20250519,62.9,63.66,up
7284,300904,20250521,61.14,60.1,down
7285,300905,20250506,25.82,26.56,up
7286,300905,20250508,26.23,25.61,down
7287,300905,20250514,26.35,26.22,down
7288,300906,20250514,24.96,25.02,up
7289,300906,20250521,25.38,25.05,down
7290,300906,20250528,25.29,27.42,up
7291,300907,20250509,24.45,27.0,up
7292,300907,20250520,27.3,25.74,down
7293,300908,20250508,29.96,30.02,up
7294,300908,20250509,30.02,30.45,up
7295,300908,20250516,29.38,30.65,up
7296,300908,20250528,30.5,30.0,down
7297,300909,20250516,25.51,25.63,up
7298,300909,20250519,25.63,25.61,down
7299,300909,20250527,24.32,24.18,down
7300,300910,20250509,60.23,58.81,down
7301,300910,20250512,58.81,58.75,down
7302,300910,20250514,57.98,58.27,up
7303,300910,20250515,58.27,57.84,down
7304,300911,20250515,53.2,52.7,down
7305,300911,20250523,49.27,49.29,up
7306,300911,20250526,49.29,49.11,down
7307,300911,20250530,47.33,35.78,down
7308,300912,20250508,14.03,13.93,down
7309,300912,20250515,14.01,14.23,up
7310,300912,20250522,13.78,13.73,down
7311,300912,20250527,13.97,13.84,down
7312,300913,20250514,51.2,50.13,down
7313,300913,20250520,52.05,51.95,down
7314,300913,20250530,46.44,46.58,up
7315,300915,20250515,33.4,33.29,down
7316,300915,20250520,35.02,34.52,down
7317,300915,20250521,34.52,33.7,down
7318,300915,20250527,24.78,25.25,up
7319,300915,20250530,24.38,25.08,up
7320,300916,20250515,28.54,28.74,up
7321,300916,20250520,28.6,28.14,down
7322,300916,20250530,26.96,26.8,down
7323,300917,20250513,45.2,46.18,up
7324,300917,20250520,44.46,43.64,down
7325,300917,20250521,43.64,42.08,down
7326,300918,20250513,22.58,22.48,down
7327,300918,20250521,22.38,20.89,down
7328,300919,20250506,32.46,32.54,up
7329,300919,20250507,32.54,33.09,up
7330,300919,20250521,32.76,32.05,down
7331,300919,20250522,32.05,31.59,down
7332,300920,20250507,31.36,31.54,up
7333,300920,20250509,31.85,32.81,up
7334,300920,20250523,40.79,38.68,down
7335,300920,20250527,38.7,37.78,down
7336,300920,20250530,40.7,39.95,down
7337,300920,20250531,40.7,39.95,down
7338,300921,20250508,26.92,26.3,down
7339,300921,20250515,25.95,25.91,down
7340,300922,20250506,21.84,23.39,up
7341,300922,20250508,23.56,22.1,down
7342,300922,20250512,23.6,23.23,down
7343,300922,20250526,20.65,20.27,down
7344,300922,20250528,20.2,20.22,up
7345,300922,20250529,20.22,20.26,up
7346,300923,20250513,25.03,24.64,down
7347,300923,20250517,24.33,24.31,down
7348,300923,20250521,24.26,24.21,down
7349,300925,20250506,23.15,22.58,down
7350,300925,20250515,22.05,21.98,down
7351,300925,20250520,21.9,21.36,down
7352,300925,20250523,20.46,20.76,up
7353,300926,20250506,26.21,26.37,up
7354,300926,20250514,26.36,25.64,down
7355,300926,20250519,26.37,26.22,down
7356,300926,20250520,26.22,25.44,down
7357,300926,20250521,25.44,25.73,up
7358,300927,20250509,25.91,27.38,up
7359,300927,20250519,36.83,39.2,up
7360,300927,20250526,34.33,37.18,up
7361,300927,20250528,33.75,32.27,down
7362,300928,20250516,35.9,35.71,down
7363,300928,20250519,35.71,35.48,down
7364,300928,20250521,35.57,34.56,down
7365,300929,20250509,9.57,9.6,up
7366,300929,20250520,9.98,9.82,down
7367,300929,20250526,9.68,9.8,up
7368,300929,20250531,9.8,9.92,up
7369,300930,20250512,26.99,26.68,down
7370,300930,20250520,27.06,26.92,down
7371,300931,20250513,6.88,6.78,down
7372,300931,20250520,7.06,7.04,down
7373,300931,20250523,6.8,6.88,up
7374,300931,20250528,6.94,7.08,up
7375,300932,20250516,16.58,16.35,down
7376,300932,20250527,16.13,16.36,up
7377,300933,20250507,7.12,7.36,up
7378,300933,20250509,7.17,7.21,up
7379,300933,20250519,7.18,7.27,up
7380,300933,20250526,7.14,7.28,up
7381,300935,20250507,21.6,22.19,up
7382,300936,20250513,37.28,36.9,down
7383,300936,20250515,36.38,36.55,up
7384,300937,20250507,25.43,25.91,up
7385,300937,20250522,28.06,28.86,up
7386,300937,20250523,28.86,28.73,down
7387,300937,20250529,28.0,28.86,up
7388,300938,20250521,31.06,29.97,down
7389,300938,20250522,29.97,29.3,down
7390,300938,20250527,28.91,28.69,down
7391,300939,20250509,29.02,29.35,up
7392,300939,20250513,28.96,28.87,down
7393,300939,20250516,28.81,28.92,up
7394,300939,20250523,28.15,28.04,down
7395,300940,20250526,16.45,16.36,down
7396,300941,20250506,23.38,23.35,down
7397,300941,20250512,24.61,24.22,down
7398,300941,20250517,22.98,23.14,up
7399,300941,20250520,23.28,22.8,down
7400,300941,20250523,21.9,22.15,up
7401,300942,20250513,9.39,9.23,down
7402,300942,20250516,9.3,9.22,down
7403,300942,20250519,9.22,9.52,up
7404,300942,20250521,9.59,9.26,down
7405,300942,20250526,9.3,9.41,up
7406,300942,20250531,9.37,9.57,up
7407,300943,20250509,13.8,13.92,up
7408,300943,20250513,13.73,13.63,down
7409,300943,20250515,13.51,13.66,up
7410,300943,20250516,13.66,13.76,up
7411,300943,20250521,13.99,13.62,down
7412,300943,20250523,13.54,14.26,up
7413,300943,20250526,14.26,14.17,down
7414,300943,20250530,13.97,13.99,up
7415,300945,20250521,22.08,20.46,down
7416,300945,20250522,20.46,21.05,up
7417,300945,20250524,21.05,21.86,up
7418,300946,20250507,35.24,40.8,up
7419,300946,20250510,40.83,49.0,up
7420,300946,20250515,71.98,80.0,up
7421,300946,20250516,80.0,84.44,up
7422,300946,20250530,67.9,68.3,up
7423,300947,20250507,19.75,20.62,up
7424,300947,20250509,20.2,20.84,up
7425,300947,20250516,21.1,22.15,up
7426,300947,20250519,22.15,21.89,down
7427,300947,20250522,20.99,20.29,down
7428,300947,20250529,21.86,20.97,down
7429,300948,20250506,9.82,9.97,up
7430,300948,20250515,9.83,9.88,up
7431,300948,20250521,10.16,9.96,down
7432,300949,20250508,32.5,31.9,down
7433,300949,20250516,34.88,35.18,up
7434,300949,20250521,35.71,35.35,down
7435,300949,20250526,36.73,37.97,up
7436,300949,20250527,37.97,37.32,down
7437,300950,20250507,16.13,16.4,up
7438,300950,20250512,16.21,16.05,down
7439,300950,20250516,15.75,15.99,up
7440,300950,20250526,17.79,17.43,down
7441,300951,20250506,28.7,28.78,up
7442,300951,20250514,29.23,28.82,down
7443,300951,20250516,29.1,29.1,up
7444,300951,20250520,29.34,29.07,down
7445,300951,20250521,29.07,29.3,up
7446,300951,20250526,28.08,27.95,down
7447,300951,20250528,28.09,28.72,up
7448,300952,20250507,28.61,28.49,down
7449,300952,20250508,28.49,27.3,down
7450,300952,20250512,28.25,28.32,up
7451,300952,20250523,27.61,29.16,up
7452,300952,20250528,28.87,30.77,up
7453,300953,20250506,156.99,157.53,up
7454,300953,20250508,153.85,146.5,down
7455,300953,20250512,150.89,152.91,up
7456,300953,20250516,150.84,147.65,down
7457,300953,20250522,147.0,146.84,down
7458,300953,20250526,144.12,142.45,down
7459,300955,20250507,17.43,17.53,up
7460,300955,20250514,17.16,18.25,up
7461,300956,20250523,15.53,15.9,up
7462,300956,20250528,15.3,15.55,up
7463,300957,20250506,41.63,41.64,up
7464,300957,20250513,44.48,43.7,down
7465,300957,20250515,45.14,44.35,down
7466,300957,20250522,44.42,43.97,down
7467,300958,20250508,12.07,12.0,down
7468,300958,20250513,11.94,11.91,down
7469,300958,20250515,11.88,11.92,up
7470,300958,20250520,12.25,12.16,down
7471,300958,20250530,12.24,12.28,up
7472,300959,20250507,40.35,40.3,down
7473,300959,20250512,40.22,39.96,down
7474,300959,20250516,39.5,39.92,up
7475,300959,20250520,40.7,40.19,down
7476,300959,20250526,39.58,39.54,down
7477,300960,20250513,22.47,21.5,down
7478,300960,20250520,21.26,22.99,up
7479,300960,20250529,22.59,22.16,down
7480,300961,20250506,15.44,16.08,up
7481,300961,20250520,16.67,17.67,up
7482,300962,20250526,15.96,16.03,up
7483,300962,20250528,15.89,15.98,up
7484,300963,20250506,18.17,17.93,down
7485,300963,20250507,17.93,17.62,down
7486,300963,20250508,17.62,16.72,down
7487,300963,20250516,24.66,29.59,up
7488,300963,20250523,33.82,34.42,up
7489,300963,20250530,29.2,30.15,up
7490,300964,20250507,38.98,40.0,up
7491,300964,20250509,40.03,40.36,up
7492,300964,20250512,40.36,39.61,down
7493,300964,20250522,38.53,37.94,down
7494,300964,20250530,38.31,38.31,up
7495,300965,20250507,46.9,47.71,up
7496,300965,20250520,42.3,40.99,down
7497,300965,20250529,40.89,41.09,up
7498,300966,20250506,16.52,16.61,up
7499,300966,20250512,16.83,16.6,down
7500,300966,20250514,16.44,16.75,up
7501,300966,20250526,17.09,17.46,up
7502,300967,20250506,19.29,19.24,down
7503,300967,20250507,19.24,19.45,up
7504,300967,20250509,19.11,18.96,down
7505,300967,20250514,18.82,19.37,up
7506,300967,20250519,19.97,21.53,up
7507,300967,20250520,21.53,20.34,down
7508,300967,20250523,18.98,19.07,up
7509,300967,20250526,19.07,19.18,up
7510,300967,20250530,19.8,19.1,down
7511,300968,20250508,15.2,14.76,down
7512,300968,20250514,15.08,14.7,down
7513,300968,20250521,14.34,14.16,down
7514,300968,20250522,14.16,13.49,down
7515,300968,20250528,13.42,13.67,up
7516,300969,20250506,79.88,57.13,down
7517,300969,20250514,58.41,57.52,down
7518,300969,20250527,61.88,62.2,up
7519,300969,20250529,59.79,58.1,down
7520,300969,20250530,58.1,57.28,down
7521,300970,20250512,13.35,13.23,down
7522,300970,20250516,13.61,14.0,up
7523,300970,20250520,14.88,14.98,up
7524,300970,20250523,14.54,14.38,down
7525,300971,20250513,23.65,23.33,down
7526,300971,20250519,23.39,23.86,up
7527,300971,20250522,22.94,22.71,down
7528,300971,20250530,25.07,25.06,down
7529,300972,20250506,155.21,160.49,up
7530,300972,20250509,153.01,151.2,down
7531,300972,20250513,155.79,156.59,up
7532,300972,20250515,156.23,151.93,down
7533,300972,20250526,159.85,156.96,down
7534,300972,20250530,161.0,183.82,up
7535,300973,20250507,44.23,44.4,up
7536,300973,20250520,54.0,54.0,up
7537,300973,20250526,53.45,53.41,down
7538,300975,20250508,11.25,11.07,down
7539,300975,20250512,11.22,11.09,down
7540,300975,20250515,10.82,10.78,down
7541,300975,20250522,11.11,10.32,down
7542,300975,20250523,10.32,10.53,up
7543,300976,20250507,59.56,60.18,up
7544,300976,20250514,59.38,58.8,down
7545,300976,20250519,59.12,59.95,up
7546,300976,20250520,59.95,63.42,up
7547,300976,20250529,63.3,62.28,down
7548,300977,20250506,16.3,16.49,up
7549,300977,20250521,17.36,16.95,down
7550,300978,20250516,10.95,10.95,up
7551,300978,20250521,10.96,10.81,down
7552,300978,20250526,10.85,10.52,down
7553,300978,20250528,10.37,10.63,up
7554,300979,20250508,53.78,54.0,up
7555,300979,20250513,54.48,55.18,up
7556,300979,20250515,54.4,53.42,down
7557,300979,20250520,54.82,54.3,down
7558,300979,20250527,51.99,51.82,down
7559,300980,20250508,23.33,22.43,down
7560,300980,20250516,24.08,23.34,down
7561,300980,20250520,24.6,23.9,down
7562,300980,20250529,25.05,24.12,down
7563,300981,20250513,12.48,12.41,down
7564,300981,20250514,12.41,12.38,down
7565,300981,20250515,12.38,12.48,up
7566,300981,20250521,12.82,12.6,down
7567,300981,20250522,12.6,12.6,up
7568,300981,20250527,12.92,12.8,down
7569,300981,20250531,12.9,12.96,up
7570,300982,20250506,16.45,16.64,up
7571,300982,20250512,16.95,16.95,up
7572,300982,20250519,16.96,17.28,up
7573,300982,20250520,17.28,17.09,down
7574,300982,20250526,16.92,16.95,up
7575,300982,20250527,16.95,17.55,up
7576,300983,20250509,17.7,17.77,up
7577,300983,20250526,18.4,18.62,up
7578,300983,20250527,18.62,18.69,up
7579,300984,20250507,84.15,88.4,up
7580,300984,20250509,83.5,88.0,up
7581,300984,20250513,88.03,85.37,down
7582,300984,20250528,58.44,58.43,down
7583,300985,20250507,16.71,16.87,up
7584,300985,20250509,16.61,16.81,up
7585,300985,20250521,16.88,16.46,down
7586,300985,20250522,16.46,16.48,up
7587,300986,20250513,21.67,20.26,down
7588,300986,20250514,20.26,20.27,up
7589,300986,20250516,19.54,19.65,up
7590,300986,20250522,19.68,14.0,down
7591,300986,20250523,14.0,13.04,down
7592,300986,20250526,13.04,12.97,down
7593,300986,20250527,12.97,12.73,down
7594,300987,20250509,15.68,15.9,up
7595,300988,20250508,21.48,21.34,down
7596,300988,20250515,21.3,21.73,up
7597,300988,20250516,21.73,22.19,up
7598,300988,20250521,22.64,21.2,down
7599,300989,20250515,16.85,16.58,down
7600,300989,20250523,16.07,16.0,down
7601,300990,20250509,49.23,48.62,down
7602,300990,20250512,48.62,48.36,down
7603,300990,20250523,45.18,45.07,down
7604,300990,20250529,45.59,44.87,down
7605,300991,20250509,21.36,21.8,up
7606,300991,20250520,22.85,22.59,down
7607,300992,20250520,25.06,24.51,down
7608,300993,20250509,10.5,10.57,up
7609,300993,20250520,11.5,11.3,down
7610,300993,20250523,10.93,10.89,down
7611,300993,20250529,11.6,11.49,down
7612,300994,20250513,18.46,18.19,down
7613,300995,20250506,35.54,34.55,down
7614,300995,20250527,36.57,35.98,down
7615,300995,20250529,36.04,34.49,down
7616,300996,20250506,20.86,20.65,down
7617,300996,20250508,21.66,21.12,down
7618,300996,20250513,21.41,21.33,down
7619,300996,20250515,20.72,14.71,down
7620,300996,20250523,14.27,14.42,up
7621,300996,20250526,14.42,14.23,down
7622,300996,20250529,14.75,14.47,down
7623,300996,20250530,14.47,14.33,down
7624,300997,20250515,14.97,14.64,down
7625,300997,20250516,14.64,14.93,up
7626,300997,20250522,15.47,15.14,down
7627,300997,20250528,20.87,21.0,up
7628,300997,20250529,21.0,17.86,down
7629,300998,20250513,18.44,18.26,down
7630,300998,20250516,18.44,18.82,up
7631,300998,20250520,19.61,19.31,down
7632,301000,20250515,50.14,50.97,up
7633,301000,20250529,46.65,44.29,down
7634,301000,20250530,44.29,46.4,up
7635,301001,20250508,30.42,29.55,down
7636,301001,20250513,30.19,31.02,up
7637,301001,20250515,32.95,32.5,down
7638,301001,20250517,32.5,31.26,down
7639,301001,20250530,30.11,30.58,up
7640,301002,20250506,16.31,16.56,up
7641,301002,20250509,16.79,17.04,up
7642,301002,20250519,17.22,17.63,up
7643,301002,20250523,17.6,17.59,down
7644,301003,20250515,25.64,27.21,up
7645,301003,20250519,29.18,30.96,up
7646,301003,20250523,29.25,35.1,up
7647,301004,20250506,102.0,70.62,down
7648,301004,20250508,69.73,69.5,down
7649,301004,20250522,73.6,72.99,down
7650,301005,20250513,33.1,32.66,down
7651,301005,20250514,32.66,32.27,down
7652,301006,20250509,14.58,14.68,up
7653,301006,20250516,14.66,14.78,up
7654,301006,20250522,14.5,14.42,down
7655,301007,20250507,22.07,23.05,up
7656,301007,20250512,22.85,22.61,down
7657,301007,20250516,23.38,23.14,down
7658,301007,20250520,22.75,27.3,up
7659,301007,20250521,22.75,27.3,up
7660,301007,20250523,27.3,28.87,up
7661,301008,20250501,27.54,28.2,up
7662,301008,20250508,30.85,28.47,down
7663,301008,20250510,28.47,29.76,up
7664,301008,20250513,28.7,28.7,up
7665,301008,20250524,25.49,25.45,down
7666,301008,20250526,25.45,24.63,down
7667,301008,20250527,24.63,24.26,down
7668,301008,20250528,24.26,24.45,up
7669,301008,20250529,24.45,23.22,down
7670,301008,20250530,23.22,23.09,down
7671,301008,20250531,23.22,23.09,down
7672,301009,20250508,12.15,11.93,down
7673,301009,20250530,15.38,16.23,up
7674,301010,20250516,16.3,16.43,up
7675,301010,20250520,16.81,16.47,down
7676,301012,20250513,25.2,24.77,down
7677,301012,20250516,24.47,25.36,up
7678,301013,20250516,19.53,20.46,up
7679,301013,20250522,19.05,18.8,down
7680,301013,20250528,19.8,18.1,down
7681,301015,20250507,18.04,18.25,up
7682,301015,20250514,18.34,18.24,down
7683,301015,20250515,18.24,18.34,up
7684,301015,20250519,18.3,18.7,up
7685,301015,20250521,18.8,18.48,down
7686,301015,20250522,18.48,18.35,down
7687,301015,20250523,18.35,18.38,up
7688,301015,20250528,17.49,18.03,up
7689,301016,20250508,19.28,18.38,down
7690,301016,20250512,19.28,18.81,down
7691,301017,20250508,11.44,11.5,up
7692,301017,20250512,11.54,11.72,up
7693,301017,20250513,11.72,11.61,down
7694,301017,20250520,12.31,12.37,up
7695,301017,20250527,12.47,12.19,down
7696,301017,20250528,12.19,12.27,up
7697,301018,20250512,39.53,39.09,down
7698,301018,20250514,39.2,37.23,down
7699,301018,20250519,36.54,36.4,down
7700,301018,20250523,34.52,35.36,up
7701,301019,20250516,16.48,16.5,up
7702,301020,20250509,20.73,21.0,up
7703,301020,20250514,20.64,20.57,down
7704,301020,20250522,20.27,20.09,down
7705,301021,20250506,28.91,29.58,up
7706,301021,20250513,30.0,30.08,up
7707,301021,20250516,29.3,29.75,up
7708,301022,20250506,28.46,28.25,down
7709,301022,20250509,28.74,28.79,up
7710,301022,20250513,28.4,27.99,down
7711,301022,20250516,29.7,30.12,up
7712,301022,20250522,28.77,28.4,down
7713,301023,20250509,63.41,69.67,up
7714,301023,20250517,67.33,70.86,up
7715,301023,20250530,43.98,44.36,up
7716,301024,20250510,31.69,31.9,up
7717,301024,20250520,32.6,32.34,down
7718,301024,20250530,45.56,51.8,up
7719,301025,20250509,9.72,9.72,up
7720,301025,20250526,10.25,10.17,down
7721,301026,20250514,29.86,29.79,down
7722,301026,20250516,30.62,31.12,up
7723,301026,20250527,33.75,33.51,down
7724,301027,20250516,13.16,15.08,up
7725,301027,20250519,15.08,15.34,up
7726,301027,20250520,15.34,15.94,up
7727,301028,20250507,11.77,12.42,up
7728,301028,20250512,12.3,12.41,up
7729,301028,20250520,13.19,12.91,down
7730,301028,20250527,12.58,12.68,up
7731,301029,20250521,22.98,22.54,down
7732,301029,20250526,22.2,20.91,down
7733,301030,20250523,17.19,17.51,up
7734,301031,20250507,127.45,127.62,up
7735,301031,20250508,127.62,126.3,down
7736,301031,20250513,126.45,128.36,up
7737,301031,20250523,119.14,118.45,down
7738,301031,20250531,77.22,76.4,down
7739,301032,20250522,12.96,12.67,down
7740,301032,20250523,12.67,12.83,up
7741,301032,20250526,12.83,12.7,down
7742,301033,20250509,60.98,61.98,up
7743,301033,20250512,61.98,61.86,down
7744,301033,20250516,66.94,63.86,down
7745,301033,20250522,64.13,57.63,down
7746,301033,20250523,64.13,57.63,down
7747,301033,20250527,64.13,57.63,down
7748,301033,20250529,64.13,57.63,down
7749,301035,20250507,54.03,53.1,down
7750,301035,20250508,53.1,53.58,up
7751,301035,20250513,54.21,53.42,down
7752,301035,20250514,53.42,53.2,down
7753,301035,20250515,53.2,53.22,up
7754,301035,20250519,53.53,54.1,up
7755,301036,20250512,37.82,38.07,up
7756,301036,20250514,38.0,36.92,down
7757,301036,20250530,34.67,34.56,down
7758,301037,20250516,12.5,12.27,down
7759,301038,20250507,17.96,18.3,up
7760,301038,20250513,18.26,18.28,up
7761,301039,20250523,8.37,8.24,down
7762,301040,20250508,22.05,22.28,up
7763,301040,20250513,24.45,23.76,down
7764,301040,20250515,24.31,24.25,down
7765,301041,20250513,22.85,22.7,down
7766,301042,20250516,32.95,33.58,up
7767,301043,20250508,32.18,31.76,down
7768,301043,20250521,30.4,29.69,down
7769,301043,20250522,29.69,29.68,down
7770,301045,20250509,21.05,21.37,up
7771,301045,20250514,20.99,20.93,down
7772,301045,20250516,21.14,21.36,up
7773,301045,20250521,21.17,20.96,down
7774,301046,20250501,18.31,19.03,up
7775,301046,20250506,19.03,19.07,up
7776,301046,20250512,19.28,19.27,down
7777,301046,20250515,19.0,19.0,up
7778,301046,20250523,18.8,18.84,up
7779,301046,20250526,18.84,18.78,down
7780,301047,20250509,60.48,60.54,up
7781,301048,20250529,10.28,10.06,down
7782,301049,20250512,22.63,22.42,down
7783,301050,20250509,54.03,56.63,up
7784,301050,20250512,56.63,53.59,down
7785,301050,20250513,53.59,52.43,down
7786,301050,20250514,52.43,51.21,down
7787,301050,20250515,51.21,51.14,down
7788,301050,20250519,51.64,50.88,down
7789,301050,20250529,48.94,48.29,down
7790,301051,20250514,22.04,21.81,down
7791,301051,20250523,21.53,21.65,up
7792,301051,20250526,21.65,21.43,down
7793,301051,20250527,21.43,21.19,down
7794,301052,20250507,36.51,36.23,down
7795,301052,20250520,36.0,36.0,up
7796,301052,20250523,35.68,36.59,up
7797,301053,20250515,28.86,28.49,down
7798,301053,20250526,27.24,27.16,down
7799,301053,20250528,27.46,27.45,down
7800,301055,20250506,16.68,16.87,up
7801,301055,20250507,16.87,17.16,up
7802,301055,20250508,17.16,17.12,down
7803,301055,20250509,17.12,16.91,down
7804,301055,20250512,16.91,16.97,up
7805,301055,20250519,18.37,18.6,up
7806,301055,20250521,20.85,20.17,down
7807,301055,20250530,20.36,20.44,up
7808,301056,20250509,9.16,9.2,up
7809,301056,20250515,9.11,9.13,up
7810,301057,20250514,18.3,17.43,down
7811,301058,20250516,10.83,10.98,up
7812,301059,20250521,11.09,10.93,down
7813,301059,20250523,10.95,10.93,down
7814,301060,20250520,9.54,9.5,down
7815,301060,20250523,9.35,9.25,down
7816,301060,20250530,9.39,9.62,up
7817,301061,20250515,74.52,74.81,up
7818,301061,20250520,78.94,79.39,up
7819,301062,20250506,8.23,8.4,up
7820,301062,20250507,8.4,8.49,up
7821,301062,20250528,8.07,8.2,up
7822,301063,20250508,26.15,25.47,down
7823,301063,20250515,24.76,24.86,up
7824,301063,20250516,24.86,24.9,up
7825,301065,20250512,21.25,22.4,up
7826,301065,20250515,22.1,22.35,up
7827,301065,20250521,22.95,22.64,down
7828,301066,20250512,18.41,17.57,down
7829,301067,20250516,30.04,31.2,up
7830,301067,20250521,30.76,31.39,up
7831,301068,20250514,37.9,38.5,up
7832,301068,20250521,39.54,38.59,down
7833,301068,20250529,29.51,29.63,up
7834,301069,20250512,16.72,16.73,up
7835,301070,20250506,56.0,55.97,down
7836,301070,20250507,55.97,59.4,up
7837,301070,20250520,62.0,61.37,down
7838,301070,20250530,84.1,80.25,down
7839,301071,20250514,28.82,28.25,down
7840,301071,20250515,28.25,28.4,up
7841,301071,20250516,28.4,28.25,down
7842,301071,20250521,29.09,28.45,down
7843,301072,20250508,21.54,21.17,down
7844,301072,20250522,21.96,21.66,down
7845,301073,20250506,21.93,21.96,up
7846,301073,20250516,21.44,21.76,up
7847,301073,20250523,20.78,21.47,up
7848,301073,20250527,21.53,21.56,up
7849,301075,20250509,24.03,24.26,up
7850,301075,20250512,24.26,24.21,down
7851,301075,20250514,23.94,24.13,up
7852,301076,20250506,39.98,42.52,up
7853,301076,20250513,39.0,38.53,down
7854,301076,20250519,40.92,40.63,down
7855,301077,20250506,32.61,35.0,up
7856,301077,20250512,33.8,33.62,down
7857,301077,20250522,20.33,20.39,up
7858,301077,20250526,20.04,19.8,down
7859,301078,20250515,12.3,12.69,up
7860,301078,20250521,13.8,13.6,down
7861,301078,20250526,13.94,14.57,up
7862,301078,20250530,14.66,15.27,up
7863,301079,20250516,26.17,25.93,down
7864,301079,20250519,25.93,27.4,up
7865,301079,20250522,28.5,26.7,down
7866,301079,20250527,28.43,30.43,up
7867,301080,20250508,48.39,46.91,down
7868,301080,20250514,50.11,49.52,down
7869,301080,20250528,50.66,52.64,up
7870,301081,20250506,9.93,9.88,down
7871,301081,20250508,10.06,9.97,down
7872,301081,20250515,9.96,9.95,down
7873,301081,20250519,9.85,10.0,up
7874,301081,20250520,10.0,9.75,down
7875,301081,20250527,9.7,9.73,up
7876,301081,20250529,9.86,9.7,down
7877,301082,20250506,16.52,16.54,up
7878,301082,20250521,18.73,17.77,down
7879,301082,20250529,27.19,22.62,down
7880,301083,20250507,14.61,15.02,up
7881,301083,20250512,15.36,15.19,down
7882,301083,20250513,15.19,14.94,down
7883,301083,20250516,15.05,14.98,down
7884,301083,20250530,14.87,14.78,down
7885,301085,20250506,64.21,61.85,down
7886,301085,20250508,61.61,59.96,down
7887,301085,20250512,60.77,60.16,down
7888,301085,20250514,61.0,59.14,down
7889,301085,20250522,59.0,57.03,down
7890,301086,20250507,43.34,44.52,up
7891,301086,20250508,44.52,43.58,down
7892,301086,20250516,43.35,43.14,down
7893,301086,20250521,45.2,43.91,down
7894,301086,20250530,42.99,42.95,down
7895,301087,20250508,33.65,33.51,down
7896,301087,20250521,33.45,33.01,down
7897,301087,20250523,32.96,32.78,down
7898,301088,20250512,14.63,14.85,up
7899,301088,20250515,14.19,14.02,down
7900,301088,20250519,14.08,14.47,up
7901,301089,20250507,25.73,26.54,up
7902,301089,20250515,31.48,37.78,up
7903,301089,20250516,37.78,38.3,up
7904,301089,20250530,32.64,33.6,up
7905,301090,20250508,7.37,7.31,down
7906,301090,20250515,7.37,7.4,up
7907,301091,20250510,35.69,36.3,up
7908,301091,20250515,35.24,35.1,down
7909,301091,20250521,35.69,35.14,down
7910,301092,20250508,28.6,28.96,up
7911,301092,20250519,29.89,29.87,down
7912,301092,20250520,29.87,29.22,down
7913,301093,20250512,28.37,27.98,down
7914,301093,20250513,27.98,27.87,down
7915,301093,20250516,28.13,28.38,up
7916,301093,20250521,28.17,27.83,down
7917,301093,20250522,27.83,27.55,down
7918,301093,20250531,30.28,29.9,down
7919,301095,20250508,51.35,50.3,down
7920,301095,20250512,50.86,50.3,down
7921,301095,20250516,48.74,49.07,up
7922,301096,20250514,34.67,34.47,down
7923,301097,20250506,36.44,36.82,up
7924,301097,20250512,37.66,37.95,up
7925,301098,20250506,8.57,8.59,up
7926,301098,20250508,8.67,8.64,down
7927,301098,20250512,8.63,8.55,down
7928,301098,20250513,8.55,8.53,down
7929,301098,20250514,8.53,8.51,down
7930,301098,20250516,8.61,8.76,up
7931,301098,20250521,8.83,8.71,down
7932,301098,20250523,8.57,8.59,up
7933,301098,20250526,8.59,8.67,up
7934,301098,20250527,8.67,8.61,down
7935,301099,20250506,48.1,47.81,down
7936,301099,20250521,45.54,44.64,down
7937,301100,20250506,16.23,16.41,up
7938,301100,20250513,16.7,16.55,down
7939,301100,20250520,16.97,16.8,down
7940,301100,20250526,16.55,16.61,up
7941,301101,20250513,53.06,52.0,down
7942,301101,20250530,41.75,41.9,up
7943,301102,20250510,10.23,10.38,up
7944,301102,20250512,10.38,10.35,down
7945,301102,20250516,10.16,10.23,up
7946,301102,20250520,10.67,10.53,down
7947,301102,20250523,10.11,10.25,up
7948,301103,20250522,20.9,20.69,down
7949,301103,20250526,20.74,20.97,up
7950,301103,20250529,21.11,21.04,down
7951,301105,20250513,32.4,31.77,down
7952,301105,20250521,33.1,39.72,up
7953,301106,20250512,29.1,28.71,down
7954,301106,20250523,28.35,28.46,up
7955,301107,20250522,35.49,34.96,down
7956,301107,20250526,35.31,35.1,down
7957,301107,20250529,36.19,35.54,down
7958,301107,20250530,35.54,35.14,down
7959,301108,20250516,31.76,32.0,up
7960,301108,20250529,32.05,31.41,down
7961,301109,20250506,21.38,21.46,up
7962,301109,20250507,21.46,21.37,down
7963,301109,20250514,21.01,20.44,down
7964,301109,20250519,20.58,21.14,up
7965,301109,20250526,20.89,20.71,down
7966,301109,20250527,20.71,20.82,up
7967,301110,20250519,48.24,51.59,up
7968,301110,20250520,51.59,53.61,up
7969,301110,20250521,53.61,49.14,down
7970,301110,20250523,46.9,47.12,up
7971,301110,20250531,46.06,47.2,up
7972,301111,20250516,15.24,15.21,down
7973,301111,20250521,15.43,15.3,down
7974,301112,20250507,31.52,37.82,up
7975,301112,20250512,31.52,37.82,up
7976,301112,20250516,31.52,37.82,up
7977,301112,20250520,37.82,45.38,up
7978,301112,20250522,37.32,34.66,down
7979,301112,20250529,42.94,41.21,down
7980,301115,20250523,14.21,14.38,up
7981,301116,20250513,10.89,10.95,up
7982,301116,20250514,10.95,11.1,up
7983,301116,20250519,11.13,11.96,up
7984,301116,20250520,11.96,11.61,down
7985,301116,20250523,11.01,11.19,up
7986,301117,20250507,26.64,27.89,up
7987,301117,20250513,28.31,28.04,down
7988,301117,20250515,27.5,27.32,down
7989,301117,20250516,27.32,27.49,up
7990,301117,20250521,27.45,27.06,down
7991,301118,20250512,21.03,21.09,up
7992,301118,20250514,21.4,21.55,up
7993,301118,20250515,21.55,21.97,up
7994,301118,20250526,22.2,21.99,down
7995,301119,20250516,49.48,48.47,down
7996,301120,20250508,9.65,9.4,down
7997,301120,20250513,9.42,9.36,down
7998,301120,20250516,9.39,9.49,up
7999,301120,20250519,9.49,9.6,up
8000,301120,20250520,9.6,9.44,down
8001,301120,20250528,10.49,10.42,down
8002,301122,20250506,19.55,19.54,down
8003,301122,20250513,20.41,19.99,down
8004,301122,20250516,21.03,21.13,up
8005,301122,20250523,20.36,20.29,down
8006,301122,20250530,20.21,20.49,up
8007,301123,20250506,22.46,21.8,down
8008,301123,20250516,21.31,21.03,down
8009,301123,20250526,20.68,20.56,down
8010,301123,20250530,20.18,20.28,up
8011,301125,20250508,12.8,12.68,down
8012,301125,20250514,12.91,13.16,up
8013,301125,20250516,13.62,13.24,down
8014,301125,20250523,12.86,13.0,up
8015,301125,20250528,13.18,13.46,up
8016,301126,20250508,10.65,10.48,down
8017,301126,20250512,10.63,10.64,up
8018,301126,20250514,10.56,10.63,up
8019,301127,20250506,16.33,16.28,down
8020,301127,20250512,16.88,17.21,up
8021,301127,20250516,16.86,17.08,up
8022,301127,20250519,17.08,16.94,down
8023,301127,20250521,16.52,16.01,down
8024,301127,20250522,16.01,15.94,down
8025,301127,20250530,14.53,14.75,up
8026,301128,20250509,71.65,73.0,up
8027,301128,20250513,73.79,72.24,down
8028,301128,20250516,71.08,71.01,down
8029,301128,20250521,68.35,68.61,up
8030,301128,20250527,46.55,46.41,down
8031,301129,20250508,22.76,22.4,down
8032,301129,20250510,22.4,22.3,down
8033,301129,20250516,21.75,22.36,up
8034,301130,20250508,26.93,27.12,up
8035,301130,20250515,27.52,27.82,up
8036,301130,20250521,28.01,27.65,down
8037,301130,20250522,27.65,28.15,up
8038,301130,20250523,28.15,27.5,down
8039,301131,20250506,46.52,49.56,up
8040,301131,20250512,45.62,48.4,up
8041,301131,20250514,47.82,48.12,up
8042,301131,20250519,53.9,52.28,down
8043,301131,20250520,52.28,49.13,down
8044,301131,20250527,49.09,47.08,down
8045,301132,20250512,27.47,27.18,down
8046,301132,20250515,27.1,27.38,up
8047,301133,20250512,22.53,22.29,down
8048,301133,20250527,22.42,22.19,down
8049,301135,20250507,25.05,27.8,up
8050,301135,20250509,25.89,26.38,up
8051,301135,20250514,26.78,28.7,up
8052,301135,20250520,30.1,28.5,down
8053,301135,20250523,27.34,27.67,up
8054,301135,20250527,27.1,26.76,down
8055,301135,20250530,25.8,25.84,up
8056,301136,20250506,11.12,11.32,up
8057,301136,20250514,11.36,11.26,down
8058,301136,20250516,11.24,11.51,up
8059,301137,20250515,22.86,23.73,up
8060,301137,20250526,32.99,39.59,up
8061,301138,20250509,31.34,31.14,down
8062,301138,20250523,43.41,40.0,down
8063,301139,20250519,27.83,27.92,up
8064,301139,20250530,25.75,25.91,up
8065,301141,20250517,39.54,39.0,down
8066,301148,20250506,19.3,19.82,up
8067,301148,20250509,19.76,19.93,up
8068,301148,20250512,19.93,19.82,down
8069,301148,20250515,19.74,19.74,up
8070,301148,20250521,19.98,19.38,down
8071,301149,20250516,11.28,11.29,up
8072,301150,20250509,19.88,20.23,up
8073,301150,20250512,20.23,20.16,down
8074,301150,20250516,19.92,20.13,up
8075,301150,20250519,20.13,20.35,up
8076,301150,20250528,20.33,20.53,up
8077,301151,20250513,16.19,15.95,down
8078,301151,20250521,16.41,16.05,down
8079,301151,20250523,15.9,16.24,up
8080,301152,20250501,21.94,22.64,up
8081,301152,20250512,23.66,23.36,down
8082,301152,20250516,23.28,24.13,up
8083,301152,20250519,24.13,24.04,down
8084,301152,20250520,24.04,24.58,up
8085,301152,20250521,24.58,23.34,down
8086,301152,20250528,23.76,23.99,up
8087,301153,20250508,25.13,24.26,down
8088,301153,20250514,24.36,23.44,down
8089,301153,20250527,22.74,22.5,down
8090,301155,20250507,62.7,62.14,down
8091,301155,20250520,63.77,66.0,up
8092,301156,20250516,22.38,21.8,down
8093,301156,20250527,21.99,19.78,down
8094,301157,20250506,47.08,46.76,down
8095,301157,20250507,46.76,48.01,up
8096,301157,20250513,46.81,46.5,down
8097,301157,20250515,46.11,46.06,down
8098,301157,20250520,47.57,45.85,down
8099,301158,20250509,16.61,16.73,up
8100,301158,20250513,16.5,16.44,down
8101,301158,20250520,16.7,16.4,down
8102,301158,20250527,15.97,16.02,up
8103,301159,20250507,30.66,31.0,up
8104,301159,20250515,30.1,29.97,down
8105,301159,20250516,29.97,30.44,up
8106,301160,20250529,84.43,82.11,down
8107,301161,20250508,22.42,22.07,down
8108,301161,20250512,22.51,22.22,down
8109,301161,20250513,22.22,22.0,down
8110,301161,20250516,21.91,22.1,up
8111,301161,20250523,21.55,21.7,up
8112,301161,20250526,21.7,21.52,down
8113,301162,20250507,67.41,65.0,down
8114,301162,20250509,62.95,63.69,up
8115,301162,20250521,48.76,47.79,down
8116,301162,20250523,47.48,47.69,up
8117,301165,20250508,73.55,71.66,down
8118,301165,20250521,68.14,67.12,down
8119,301165,20250527,66.29,65.8,down
8120,301166,20250508,29.0,28.89,down
8121,301166,20250513,29.0,28.79,down
8122,301166,20250515,29.32,29.59,up
8123,301166,20250520,29.94,29.65,down
8124,301166,20250522,29.91,29.47,down
8125,301167,20250509,14.52,14.53,up
8126,301167,20250510,14.52,14.53,up
8127,301167,20250522,14.77,14.53,down
8128,301167,20250527,14.78,14.67,down
8129,301168,20250509,28.41,29.85,up
8130,301168,20250521,31.71,32.13,up
8131,301168,20250523,35.36,33.54,down
8132,301168,20250530,35.8,33.78,down
8133,301169,20250513,37.2,37.44,up
8134,301170,20250512,25.88,25.62,down
8135,301170,20250514,25.33,25.32,down
8136,301171,20250507,27.43,28.04,up
8137,301171,20250510,26.62,27.18,up
8138,301171,20250516,26.07,25.84,down
8139,301171,20250520,26.09,25.46,down
8140,301172,20250508,27.73,27.16,down
8141,301172,20250523,26.58,27.77,up
8142,301172,20250528,26.91,27.71,up
8143,301173,20250515,46.7,47.05,up
8144,301173,20250521,47.64,45.86,down
8145,301173,20250526,46.19,45.21,down
8146,301173,20250530,43.94,43.9,down
8147,301175,20250507,5.26,5.31,up
8148,301175,20250519,5.23,5.27,up
8149,301176,20250512,17.36,17.17,down
8150,301176,20250515,16.95,17.0,up
8151,301177,20250512,27.56,27.69,up
8152,301177,20250526,29.73,30.2,up
8153,301177,20250528,30.83,29.44,down
8154,301177,20250530,29.01,30.22,up
8155,301178,20250508,36.65,35.92,down
8156,301178,20250513,36.45,36.35,down
8157,301179,20250508,16.74,16.41,down
8158,301179,20250513,16.6,16.52,down
8159,301180,20250514,13.75,13.59,down
8160,301180,20250516,13.59,13.68,up
8161,301181,20250508,24.99,24.81,down
8162,301181,20250513,24.56,24.39,down
8163,301181,20250519,24.8,25.56,up
8164,301182,20250508,34.72,34.06,down
8165,301182,20250515,33.01,32.8,down
8166,301183,20250513,46.57,46.93,up
8167,301183,20250522,44.7,43.38,down
8168,301185,20250513,18.33,18.37,up
8169,301185,20250530,18.61,18.86,up
8170,301186,20250507,40.59,41.06,up
8171,301186,20250515,39.88,40.74,up
8172,301186,20250522,40.5,40.22,down
8173,301186,20250528,43.06,43.19,up
8174,301187,20250506,34.4,34.83,up
8175,301187,20250509,34.38,36.61,up
8176,301187,20250519,36.75,37.7,up
8177,301187,20250527,23.86,24.05,up
8178,301188,20250506,17.48,17.33,down
8179,301188,20250513,18.05,18.37,up
8180,301188,20250514,18.37,18.34,down
8181,301188,20250515,18.34,18.52,up
8182,301188,20250516,18.52,21.16,up
8183,301188,20250521,21.11,20.2,down
8184,301188,20250522,20.2,20.2,up
8185,301188,20250528,20.05,20.28,up
8186,301188,20250529,20.28,20.88,up
8187,301189,20250514,24.9,24.79,down
8188,301189,20250521,24.81,25.09,up
8189,301190,20250507,21.37,21.44,up
8190,301190,20250512,21.14,22.02,up
8191,301190,20250516,21.32,21.51,up
8192,301191,20250507,85.81,87.6,up
8193,301191,20250513,84.0,82.6,down
8194,301191,20250516,79.66,78.27,down
8195,301191,20250520,77.84,76.3,down
8196,301191,20250521,76.3,75.39,down
8197,301192,20250506,19.56,20.0,up
8198,301192,20250512,19.86,19.71,down
8199,301192,20250519,19.66,20.2,up
8200,301193,20250506,14.79,14.89,up
8201,301193,20250512,15.54,15.44,down
8202,301193,20250516,15.31,15.41,up
8203,301193,20250520,15.55,15.39,down
8204,301193,20250526,15.26,15.21,down
8205,301193,20250528,14.92,15.13,up
8206,301193,20250530,14.86,14.93,up
8207,301195,20250513,35.22,34.92,down
8208,301195,20250527,37.92,38.36,up
8209,301195,20250528,38.36,39.45,up
8210,301196,20250526,59.59,57.36,down
8211,301196,20250530,58.5,59.92,up
8212,301197,20250507,15.79,16.15,up
8213,301197,20250514,15.86,15.86,up
8214,301197,20250515,15.86,16.05,up
8215,301197,20250519,16.19,16.4,up
8216,301197,20250520,16.4,16.2,down
8217,301198,20250512,10.61,10.49,down
8218,301198,20250517,10.52,10.67,up
8219,301199,20250506,35.17,36.03,up
8220,301199,20250513,36.18,35.69,down
8221,301199,20250519,35.5,35.72,up
8222,301199,20250520,35.72,35.12,down
8223,301199,20250521,35.12,34.74,down
8224,301199,20250529,34.75,34.23,down
8225,301200,20250507,38.32,38.63,up
8226,301200,20250513,38.81,38.79,down
8227,301200,20250514,38.79,38.74,down
8228,301200,20250520,38.93,38.32,down
8229,301200,20250528,36.34,36.86,up
8230,301201,20250508,22.15,21.3,down
8231,301201,20250512,21.37,21.0,down
8232,301201,20250516,21.83,21.55,down
8233,301201,20250519,21.55,21.95,up
8234,301202,20250507,41.58,42.17,up
8235,301202,20250508,42.17,41.03,down
8236,301202,20250513,41.06,42.5,up
8237,301202,20250515,40.92,43.01,up
8238,301202,20250520,43.32,43.78,up
8239,301203,20250509,30.57,30.27,down
8240,301203,20250515,30.16,30.58,up
8241,301205,20250514,72.02,70.18,down
8242,301205,20250520,68.63,67.63,down
8243,301205,20250523,64.99,66.07,up
8244,301206,20250506,26.66,28.02,up
8245,301206,20250513,27.96,27.78,down
8246,301206,20250514,27.78,28.8,up
8247,301206,20250526,29.87,30.7,up
8248,301206,20250529,29.54,29.22,down
8249,301208,20250513,41.25,42.57,up
8250,301208,20250521,39.22,38.66,down
8251,301208,20250523,38.0,38.18,up
8252,301208,20250527,38.09,38.56,up
8253,301209,20250508,107.16,98.13,down
8254,301209,20250513,97.83,96.3,down
8255,301209,20250519,98.05,98.36,up
8256,301209,20250523,124.15,109.18,down
8257,301209,20250529,106.63,112.5,up
8258,301210,20250517,71.98,73.44,up
8259,301210,20250521,72.12,68.75,down
8260,301210,20250528,45.65,45.91,up
8261,301211,20250515,16.94,18.83,up
8262,301211,20250517,18.83,17.86,down
8263,301212,20250509,28.0,27.79,down
8264,301212,20250515,29.39,31.1,up
8265,301213,20250521,44.65,44.61,down
8266,301213,20250531,45.38,46.72,up
8267,301215,20250506,5.66,5.7,up
8268,301215,20250514,5.9,5.88,down
8269,301215,20250526,5.98,5.96,down
8270,301215,20250527,5.96,6.01,up
8271,301215,20250529,6.12,6.03,down
8272,301216,20250510,13.26,13.43,up
8273,301216,20250522,13.81,13.52,down
8274,301216,20250523,13.52,13.63,up
8275,301216,20250528,13.48,13.45,down
8276,301216,20250529,13.45,13.39,down
8277,301217,20250506,10.28,10.3,up
8278,301217,20250513,10.42,10.39,down
8279,301218,20250507,19.68,20.2,up
8280,301218,20250510,19.75,20.29,up
8281,301218,20250515,19.79,20.05,up
8282,301218,20250521,20.17,19.9,down
8283,301218,20250522,19.9,19.46,down
8284,301219,20250513,47.34,48.2,up
8285,301219,20250514,48.2,46.87,down
8286,301219,20250521,47.17,45.85,down
8287,301220,20250512,70.95,70.25,down
8288,301220,20250514,70.65,70.53,down
8289,301220,20250515,70.53,70.79,up
8290,301220,20250519,68.52,70.16,up
8291,301220,20250528,47.96,48.67,up
8292,301221,20250516,50.8,50.61,down
8293,301221,20250530,50.3,49.17,down
8294,301222,20250520,27.06,26.93,down
8295,301222,20250530,26.39,26.52,up
8296,301223,20250506,16.67,16.63,down
8297,301223,20250513,16.85,15.79,down
8298,301223,20250516,15.81,15.82,up
8299,301223,20250529,16.19,16.11,down
8300,301225,20250513,69.77,63.85,down
8301,301226,20250523,26.04,26.23,up
8302,301226,20250527,25.98,25.6,down
8303,301227,20250506,17.55,17.74,up
8304,301227,20250513,17.67,17.42,down
8305,301227,20250516,17.87,18.17,up
8306,301227,20250519,18.17,18.69,up
8307,301227,20250522,17.71,17.71,up
8308,301227,20250526,17.84,17.94,up
8309,301228,20250506,26.0,25.96,down
8310,301228,20250509,24.62,25.03,up
8311,301228,20250516,26.1,25.86,down
8312,301228,20250529,28.33,25.43,down
8313,301229,20250507,25.17,25.93,up
8314,301229,20250508,25.93,25.6,down
8315,301229,20250513,25.35,24.87,down
8316,301229,20250516,25.99,25.69,down
8317,301229,20250522,28.88,27.46,down
8318,301230,20250506,30.88,30.16,down
8319,301230,20250508,30.42,29.54,down
8320,301230,20250515,29.44,29.75,up
8321,301231,20250506,27.61,27.05,down
8322,301231,20250507,27.05,26.84,down
8323,301231,20250508,26.84,25.93,down
8324,301231,20250513,23.84,23.55,down
8325,301231,20250515,23.56,23.22,down
8326,301231,20250519,23.91,24.94,up
8327,301231,20250520,24.94,23.0,down
8328,301231,20250521,23.0,23.28,up
8329,301232,20250507,27.69,28.74,up
8330,301232,20250509,28.99,29.02,up
8331,301232,20250513,28.51,28.15,down
8332,301232,20250516,28.52,28.26,down
8333,301232,20250528,27.6,28.42,up
8334,301233,20250515,50.75,52.3,up
8335,301233,20250521,52.03,51.05,down
8336,301234,20250514,28.7,28.32,down
8337,301234,20250515,28.32,28.4,up
8338,301234,20250521,28.89,28.44,down
8339,301235,20250506,21.88,21.67,down
8340,301235,20250507,21.67,21.49,down
8341,301235,20250508,21.49,22.17,up
8342,301235,20250512,23.39,24.47,up
8343,301235,20250513,24.47,24.28,down
8344,301235,20250514,24.28,24.54,up
8345,301235,20250516,23.8,23.95,up
8346,301235,20250519,23.95,24.21,up
8347,301235,20250520,24.21,24.02,down
8348,301235,20250522,23.68,23.51,down
8349,301235,20250523,23.51,23.83,up
8350,301235,20250527,23.86,23.98,up
8351,301235,20250528,23.98,24.1,up
8352,301235,20250530,23.6,23.7,up
8353,301236,20250506,60.8,60.23,down
8354,301236,20250508,58.94,59.65,up
8355,301236,20250509,59.65,60.39,up
8356,301236,20250516,58.09,56.48,down
8357,301236,20250523,53.32,53.92,up
8358,301236,20250526,53.92,52.84,down
8359,301236,20250530,52.2,53.77,up
8360,301237,20250509,24.68,24.94,up
8361,301237,20250513,24.84,24.73,down
8362,301237,20250520,25.42,25.45,up
8363,301237,20250530,25.16,26.29,up
8364,301238,20250512,17.94,17.59,down
8365,301238,20250517,17.11,17.21,up
8366,301238,20250520,17.62,18.31,up
8367,301238,20250527,17.41,17.25,down
8368,301239,20250512,42.94,43.0,up
8369,301239,20250519,41.29,41.73,up
8370,301239,20250520,41.73,41.39,down
8371,301246,20250516,13.5,13.38,down
8372,301246,20250523,14.25,14.81,up
8373,301248,20250512,22.46,21.93,down
8374,301248,20250530,23.7,23.8,up
8375,301251,20250512,36.71,35.68,down
8376,301251,20250515,34.56,34.56,up
8377,301251,20250521,34.0,33.43,down
8378,301252,20250516,34.98,34.73,down
8379,301252,20250520,35.55,34.93,down
8380,301255,20250509,45.0,49.99,up
8381,301255,20250526,43.37,42.55,down
8382,301256,20250507,12.04,11.71,down
8383,301256,20250519,13.09,12.74,down
8384,301257,20250514,27.5,27.88,up
8385,301257,20250519,27.93,28.54,up
8386,301257,20250520,28.54,29.23,up
8387,301258,20250516,31.51,30.87,down
8388,301259,20250513,40.9,42.2,up
8389,301259,20250515,41.71,43.14,up
8390,301259,20250519,44.87,45.55,up
8391,301259,20250526,47.4,47.98,up
8392,301259,20250530,45.85,48.04,up
8393,301260,20250506,16.38,17.76,up
8394,301260,20250507,17.76,16.57,down
8395,301260,20250512,16.36,16.05,down
8396,301260,20250519,21.57,23.25,up
8397,301260,20250523,20.75,20.73,down
8398,301260,20250529,22.5,21.04,down
8399,301261,20250506,99.69,97.25,down
8400,301261,20250513,92.33,90.61,down
8401,301261,20250516,88.26,85.67,down
8402,301261,20250523,83.87,82.55,down
8403,301262,20250512,23.56,23.45,down
8404,301262,20250529,23.31,22.88,down
8405,301263,20250507,20.88,21.26,up
8406,301263,20250516,23.3,23.23,down
8407,301263,20250521,25.0,26.27,up
8408,301263,20250529,27.83,28.85,up
8409,301263,20250530,28.85,30.73,up
8410,301265,20250501,9.28,9.4,up
8411,301265,20250530,9.58,9.59,up
8412,301266,20250515,31.61,31.95,up
8413,301266,20250519,32.05,32.36,up
8414,301266,20250520,32.36,31.87,down
8415,301266,20250522,31.36,30.93,down
8416,301266,20250523,30.93,31.1,up
8417,301266,20250529,30.84,30.08,down
8418,301267,20250506,19.13,19.06,down
8419,301267,20250520,19.21,19.26,up
8420,301268,20250507,17.51,17.79,up
8421,301268,20250523,16.67,16.93,up
8422,301268,20250529,17.04,16.52,down
8423,301269,20250506,121.5,120.56,down
8424,301269,20250509,120.06,118.14,down
8425,301269,20250513,116.51,116.76,up
8426,301269,20250520,117.02,116.31,down
8427,301269,20250521,116.31,115.61,down
8428,301269,20250523,112.8,115.92,up
8429,301269,20250530,127.07,130.31,up
8430,301270,20250514,37.85,37.6,down
8431,301270,20250521,39.32,38.66,down
8432,301272,20250520,37.44,36.27,down
8433,301272,20250523,35.3,35.7,up
8434,301273,20250510,25.42,25.02,down
8435,301273,20250527,23.74,23.42,down
8436,301275,20250516,56.7,55.96,down
8437,301275,20250526,55.19,53.75,down
8438,301275,20250527,53.75,53.44,down
8439,301275,20250530,53.3,52.99,down
8440,301276,20250513,21.8,21.67,down
8441,301276,20250519,22.02,22.49,up
8442,301276,20250522,22.36,21.95,down
8443,301277,20250507,12.17,12.53,up
8444,301277,20250508,12.53,12.26,down
8445,301277,20250512,12.31,12.13,down
8446,301278,20250507,32.49,33.01,up
8447,301278,20250509,33.14,34.29,up
8448,301278,20250522,32.99,32.25,down
8449,301278,20250526,32.63,32.6,down
8450,301279,20250519,25.86,25.96,up
8451,301279,20250522,25.1,25.18,up
8452,301279,20250523,25.18,25.35,up
8453,301280,20250508,43.49,40.55,down
8454,301280,20250523,38.82,39.93,up
8455,301281,20250507,30.75,31.09,up
8456,301281,20250509,30.83,31.15,up
8457,301281,20250513,30.82,30.56,down
8458,301281,20250526,32.42,31.75,down
8459,301283,20250508,29.63,29.89,up
8460,301283,20250515,31.46,35.16,up
8461,301283,20250522,32.05,31.56,down
8462,301283,20250523,31.56,32.8,up
8463,301283,20250528,33.0,31.92,down
8464,301285,20250506,29.95,30.21,up
8465,301285,20250512,30.07,30.41,up
8466,301285,20250517,29.9,30.14,up
8467,301285,20250531,27.55,27.81,up
8468,301286,20250513,28.97,28.87,down
8469,301286,20250515,28.5,28.6,up
8470,301286,20250528,27.02,27.16,up
8471,301286,20250529,27.16,26.86,down
8472,301287,20250508,33.85,33.68,down
8473,301287,20250513,33.93,34.0,up
8474,301287,20250521,35.52,37.1,up
8475,301288,20250506,10.46,11.28,up
8476,301288,20250516,11.8,12.19,up
8477,301288,20250519,12.19,12.3,up
8478,301289,20250514,48.68,48.48,down
8479,301289,20250520,51.0,50.03,down
8480,301289,20250522,49.05,48.97,down
8481,301290,20250506,22.93,22.98,up
8482,301290,20250509,23.41,23.86,up
8483,301290,20250513,23.99,24.49,up
8484,301291,20250512,43.8,43.72,down
8485,301291,20250516,40.8,41.06,up
8486,301291,20250520,41.41,39.45,down
8487,301292,20250515,14.7,14.82,up
8488,301292,20250516,14.82,15.2,up
8489,301292,20250520,15.21,15.21,up
8490,301293,20250512,43.9,44.42,up
8491,301293,20250516,43.29,44.5,up
8492,301295,20250514,22.55,22.77,up
8493,301295,20250520,23.48,23.28,down
8494,301296,20250508,8.82,8.71,down
8495,301296,20250515,8.76,8.75,down
8496,301296,20250521,9.54,9.43,down
8497,301296,20250522,9.43,9.28,down
8498,301296,20250529,9.46,9.33,down
8499,301297,20250509,38.83,39.09,up
8500,301297,20250520,41.9,40.8,down
8501,301297,20250522,43.1,47.7,up
8502,301297,20250523,47.7,47.46,down
8503,301297,20250530,42.88,43.14,up
8504,301297,20250531,42.88,43.14,up
8505,301298,20250508,17.14,16.69,down
8506,301299,20250512,60.79,60.1,down
8507,301299,20250513,60.1,61.44,up
8508,301299,20250523,56.99,57.88,up
8509,301300,20250506,33.99,33.65,down
8510,301300,20250520,43.0,40.31,down
8511,301300,20250522,38.3,37.95,down
8512,301300,20250523,37.95,37.09,down
8513,301301,20250506,11.7,11.65,down
8514,301301,20250513,11.68,11.68,up
8515,301301,20250528,12.57,12.9,up
8516,301302,20250506,21.16,21.68,up
8517,301302,20250508,24.53,23.27,down
8518,301302,20250514,27.76,25.65,down
8519,301302,20250521,23.95,24.08,up
8520,301303,20250514,13.55,13.42,down
8521,301303,20250519,13.64,14.02,up
8522,301303,20250523,13.54,13.67,up
8523,301303,20250528,13.71,13.93,up
8524,301305,20250509,17.1,17.08,down
8525,301305,20250515,17.91,17.45,down
8526,301305,20250516,17.45,17.59,up
8527,301305,20250530,17.61,17.63,up
8528,301306,20250513,38.14,37.68,down
8529,301306,20250521,36.4,36.21,down
8530,301307,20250513,26.85,26.2,down
8531,301308,20250509,77.56,79.25,up
8532,301308,20250522,74.42,73.14,down
8533,301308,20250529,73.0,71.18,down
8534,301308,20250530,71.18,70.75,down
8535,301309,20250522,25.17,25.4,up
8536,301310,20250506,40.1,39.35,down
8537,301310,20250512,41.01,39.16,down
8538,301310,20250516,42.48,41.95,down
8539,301310,20250521,39.33,38.81,down
8540,301310,20250530,37.11,37.16,up
8541,301311,20250506,16.91,17.14,up
8542,301311,20250512,21.46,20.04,down
8543,301311,20250513,20.04,19.81,down
8544,301311,20250529,19.2,18.44,down
8545,301312,20250519,45.13,45.93,up
8546,301312,20250521,45.05,44.61,down
8547,301313,20250516,22.22,22.68,up
8548,301313,20250519,22.68,22.93,up
8549,301314,20250516,36.76,37.24,up
8550,301314,20250520,37.45,37.0,down
8551,301315,20250508,48.5,46.91,down
8552,301315,20250509,46.91,48.86,up
8553,301315,20250512,48.86,48.09,down
8554,301315,20250515,47.64,47.21,down
8555,301315,20250526,46.65,46.01,down
8556,301315,20250528,45.18,47.0,up
8557,301316,20250506,29.0,34.8,up
8558,301316,20250508,29.0,34.8,up
8559,301316,20250513,29.0,34.8,up
8560,301316,20250515,29.0,34.8,up
8561,301316,20250520,34.8,41.76,up
8562,301316,20250522,50.11,49.01,down
8563,301316,20250523,49.01,50.61,up
8564,301317,20250507,22.74,27.29,up
8565,301317,20250509,32.7,31.8,down
8566,301317,20250514,41.45,38.3,down
8567,301317,20250516,38.83,36.6,down
8568,301317,20250528,32.68,33.28,up
8569,301318,20250509,31.56,31.8,up
8570,301318,20250515,31.13,31.16,up
8571,301318,20250516,31.16,31.31,up
8572,301318,20250519,31.31,30.82,down
8573,301318,20250523,29.79,31.35,up
8574,301319,20250508,37.17,36.55,down
8575,301319,20250512,36.66,36.42,down
8576,301319,20250513,36.42,36.47,up
8577,301319,20250516,37.1,37.42,up
8578,301319,20250522,24.87,25.09,up
8579,301320,20250509,17.07,17.33,up
8580,301320,20250524,21.05,20.95,down
8581,301321,20250506,15.08,15.35,up
8582,301321,20250509,15.12,15.27,up
8583,301321,20250513,15.09,15.04,down
8584,301321,20250515,15.25,15.36,up
8585,301321,20250526,15.06,15.02,down
8586,301321,20250528,15.04,14.84,down
8587,301322,20250507,25.35,26.09,up
8588,301322,20250519,27.15,26.87,down
8589,301322,20250520,26.87,26.62,down
8590,301322,20250521,26.62,26.37,down
8591,301323,20250512,43.22,43.06,down
8592,301323,20250515,42.43,42.92,up
8593,301323,20250522,42.13,41.78,down
8594,301323,20250527,41.75,41.15,down
8595,301325,20250508,54.07,52.62,down
8596,301325,20250523,54.25,54.8,up
8597,301326,20250508,60.38,58.96,down
8598,301326,20250509,58.96,60.45,up
8599,301326,20250514,59.39,58.57,down
8600,301326,20250516,59.95,60.2,up
8601,301326,20250528,63.47,64.83,up
8602,301327,20250517,72.0,71.34,down
8603,301328,20250519,40.47,40.84,up
8604,301328,20250521,40.3,40.32,up
8605,301328,20250529,40.2,38.77,down
8606,301328,20250530,38.77,39.1,up
8607,301329,20250520,19.29,19.0,down
8608,301330,20250512,30.04,29.95,down
8609,301330,20250513,29.95,29.63,down
8610,301330,20250514,29.63,29.5,down
8611,301330,20250515,29.5,29.73,up
8612,301330,20250521,29.77,29.34,down
8613,301330,20250523,28.87,29.2,up
8614,301330,20250526,29.2,28.98,down
8615,301330,20250530,29.55,29.7,up
8616,301331,20250508,25.79,25.91,up
8617,301331,20250509,25.91,26.1,up
8618,301331,20250513,25.73,25.37,down
8619,301331,20250521,26.34,25.89,down
8620,301332,20250516,10.31,10.6,up
8621,301333,20250507,45.54,45.94,up
8622,301333,20250513,45.46,45.67,up
8623,301335,20250507,26.02,25.42,down
8624,301335,20250509,25.08,25.47,up
8625,301335,20250516,30.9,37.08,up
8626,301335,20250520,44.5,40.82,down
8627,301335,20250527,38.75,35.16,down
8628,301335,20250529,35.6,34.9,down
8629,301336,20250516,64.86,60.82,down
8630,301336,20250519,60.82,63.6,up
8631,301336,20250522,61.18,57.59,down
8632,301337,20250508,29.24,30.45,up
8633,301337,20250509,30.45,30.2,down
8634,301337,20250516,29.09,29.66,up
8635,301338,20250522,37.46,37.56,up
8636,301338,20250528,38.53,39.05,up
8637,301338,20250529,39.05,37.1,down
8638,301339,20250506,22.72,22.64,down
8639,301339,20250515,21.8,22.09,up
8640,301339,20250519,21.88,22.01,up
8641,301339,20250521,22.28,22.16,down
8642,301345,20250519,65.93,66.12,up
8643,301345,20250522,64.35,64.19,down
8644,301345,20250523,64.19,64.55,up
8645,301348,20250508,23.74,23.2,down
8646,301348,20250519,23.19,23.51,up
8647,301348,20250527,22.55,22.13,down
8648,301349,20250509,34.47,35.39,up
8649,301353,20250509,30.28,30.53,up
8650,301353,20250521,30.22,29.97,down
8651,301353,20250523,29.85,30.24,up
8652,301353,20250529,30.48,30.13,down
8653,301355,20250506,11.1,11.18,up
8654,301355,20250513,11.09,11.06,down
8655,301355,20250515,11.09,11.09,up
8656,301355,20250522,11.08,11.16,up
8657,301356,20250506,16.18,17.74,up
8658,301356,20250516,16.88,16.98,up
8659,301356,20250520,17.5,17.25,down
8660,301356,20250521,17.25,17.36,up
8661,301356,20250529,17.37,17.15,down
8662,301357,20250506,34.25,37.06,up
8663,301357,20250512,38.6,37.47,down
8664,301357,20250519,36.54,35.76,down
8665,301357,20250526,36.72,38.0,up
8666,301357,20250530,36.72,38.0,up
8667,301358,20250509,29.96,31.16,up
8668,301358,20250513,31.05,30.79,down
8669,301359,20250509,27.68,27.65,down
8670,301359,20250513,27.55,27.59,up
8671,301360,20250509,46.25,47.0,up
8672,301360,20250513,46.78,46.51,down
8673,301360,20250522,45.95,45.1,down
8674,301360,20250527,45.67,45.3,down
8675,301360,20250529,45.87,44.75,down
8676,301360,20250530,44.75,45.1,up
8677,301361,20250519,30.6,31.57,up
8678,301361,20250520,31.57,31.08,down
8679,301361,20250530,29.0,28.84,down
8680,301363,20250506,24.3,24.32,up
8681,301363,20250508,25.0,25.34,up
8682,301363,20250509,25.34,26.16,up
8683,301363,20250514,24.75,24.42,down
8684,301363,20250523,24.11,23.83,down
8685,301363,20250528,23.25,23.84,up
8686,301363,20250530,23.64,23.9,up
8687,301365,20250512,17.98,17.64,down
8688,301365,20250516,17.35,17.48,up
8689,301365,20250528,15.94,16.44,up
8690,301366,20250506,47.61,46.99,down
8691,301366,20250519,46.96,46.93,down
8692,301366,20250520,46.93,45.66,down
8693,301366,20250529,47.72,46.51,down
8694,301367,20250509,80.9,83.38,up
8695,301367,20250513,83.0,81.9,down
8696,301367,20250521,89.99,87.32,down
8697,301368,20250515,68.4,68.19,down
8698,301369,20250506,48.45,49.48,up
8699,301369,20250513,48.7,48.86,up
8700,301369,20250514,48.86,47.86,down
8701,301369,20250519,47.95,48.9,up
8702,301369,20250521,48.27,47.45,down
8703,301369,20250523,46.9,47.3,up
8704,301369,20250527,46.96,47.74,up
8705,301370,20250508,10.25,10.03,down
8706,301370,20250512,10.2,10.28,up
8707,301370,20250513,10.28,10.23,down
8708,301370,20250516,10.27,10.3,up
8709,301370,20250519,10.3,10.42,up
8710,301370,20250523,10.08,10.57,up
8711,301371,20250514,32.43,33.45,up
8712,301371,20250520,35.6,35.91,up
8713,301372,20250519,20.59,21.39,up
8714,301372,20250521,20.93,20.45,down
8715,301373,20250509,29.45,29.67,up
8716,301373,20250522,29.16,29.09,down
8717,301376,20250507,18.51,19.24,up
8718,301376,20250512,19.26,21.21,up
8719,301376,20250513,21.21,22.4,up
8720,301376,20250519,20.16,20.91,up
8721,301376,20250520,20.91,20.53,down
8722,301376,20250526,19.56,19.28,down
8723,301376,20250528,19.19,19.37,up
8724,301377,20250508,28.12,27.54,down
8725,301377,20250515,27.33,27.78,up
8726,301377,20250520,29.03,28.03,down
8727,301377,20250528,27.18,27.26,up
8728,301378,20250508,26.61,26.0,down
8729,301378,20250515,27.02,26.22,down
8730,301379,20250506,29.93,31.06,up
8731,301379,20250522,28.51,27.86,down
8732,301379,20250523,27.86,28.27,up
8733,301379,20250527,27.88,27.84,down
8734,301380,20250506,47.75,48.08,up
8735,301380,20250513,47.82,48.75,up
8736,301380,20250517,48.16,48.1,down
8737,301380,20250521,48.08,47.5,down
8738,301380,20250529,47.95,47.37,down
8739,301381,20250519,21.38,21.67,up
8740,301381,20250530,19.92,20.33,up
8741,301382,20250507,43.76,42.82,down
8742,301382,20250514,41.66,39.4,down
8743,301382,20250516,40.19,39.23,down
8744,301382,20250520,39.41,38.33,down
8745,301383,20250508,39.38,38.28,down
8746,301383,20250515,37.98,38.37,up
8747,301386,20250516,21.26,21.3,up
8748,301386,20250528,21.16,21.46,up
8749,301387,20250526,37.86,37.04,down
8750,301387,20250528,36.7,37.24,up
8751,301388,20250516,23.12,23.23,up
8752,301389,20250521,20.82,20.34,down
8753,301389,20250529,21.11,20.44,down
8754,301390,20250506,33.57,33.71,up
8755,301390,20250508,34.18,33.99,down
8756,301390,20250526,33.62,33.6,down
8757,301391,20250513,36.59,36.4,down
8758,301391,20250521,36.45,35.87,down
8759,301391,20250523,35.69,36.28,up
8760,301392,20250513,121.9,116.3,down
8761,301392,20250515,113.44,116.32,up
8762,301392,20250516,116.32,117.5,up
8763,301392,20250530,100.92,102.97,up
8764,301393,20250509,48.75,48.11,down
8765,301393,20250513,47.66,47.47,down
8766,301393,20250516,49.02,49.24,up
8767,301395,20250506,12.67,12.68,up
8768,301395,20250515,12.75,12.88,up
8769,301396,20250512,85.19,96.0,up
8770,301396,20250514,108.45,98.5,down
8771,301396,20250515,98.5,96.2,down
8772,301396,20250516,96.2,96.0,down
8773,301396,20250520,96.99,88.8,down
8774,301397,20250509,34.89,35.89,up
8775,301397,20250522,34.03,34.39,up
8776,301397,20250528,37.0,36.63,down
8777,301398,20250523,36.26,35.3,down
8778,301398,20250526,35.3,34.48,down
8779,301399,20250514,24.36,24.16,down
8780,301399,20250519,24.45,24.97,up
8781,301399,20250522,24.33,24.18,down
8782,301399,20250530,16.39,16.71,up
8783,301408,20250509,11.78,11.83,up
8784,301408,20250516,11.78,11.77,down
8785,301408,20250522,12.27,12.04,down
8786,301413,20250515,88.6,88.65,up
8787,301413,20250519,86.94,87.44,up
8788,301413,20250520,87.44,84.47,down
8789,301413,20250522,83.16,81.71,down
8790,301418,20250516,32.84,33.09,up
8791,301418,20250521,33.39,32.85,down
8792,301419,20250508,33.05,32.66,down
8793,301419,20250512,32.95,32.35,down
8794,301419,20250515,31.75,32.2,up
8795,301419,20250522,31.67,31.6,down
8796,301421,20250516,58.81,58.51,down
8797,301421,20250529,60.21,57.0,down
8798,301428,20250509,38.6,39.04,up
8799,301428,20250516,38.21,38.23,up
8800,301428,20250520,39.04,37.6,down
8801,301428,20250521,37.6,36.63,down
8802,301428,20250523,35.9,36.37,up
8803,301428,20250529,38.38,36.53,down
8804,301429,20250513,17.28,17.21,down
8805,301429,20250515,17.28,17.78,up
8806,301439,20250512,15.38,15.42,up
8807,301439,20250514,15.27,15.05,down
8808,301439,20250519,15.3,15.47,up
8809,301446,20250516,22.18,22.33,up
8810,301448,20250506,20.78,21.01,up
8811,301448,20250515,23.95,24.2,up
8812,301448,20250520,25.24,25.07,down
8813,301448,20250522,26.26,25.84,down
8814,301448,20250530,24.95,24.69,down
8815,301456,20250506,22.86,23.09,up
8816,301456,20250514,24.76,23.97,down
8817,301458,20250506,31.39,31.19,down
8818,301458,20250523,30.39,30.56,up
8819,301459,20250515,53.25,54.79,up
8820,301459,20250520,70.3,69.51,down
8821,301459,20250521,69.51,67.4,down
8822,301459,20250526,62.66,60.8,down
8823,301459,20250530,41.04,41.3,up
8824,301468,20250506,21.4,21.41,up
8825,301468,20250515,21.89,21.99,up
8826,301468,20250522,21.98,22.7,up
8827,301468,20250523,22.7,23.7,up
8828,301468,20250530,23.14,23.06,down
8829,301469,20250513,24.71,24.75,up
8830,301469,20250519,25.5,26.23,up
8831,301469,20250520,26.23,25.63,down
8832,301469,20250526,25.68,25.7,up
8833,301479,20250520,144.72,141.02,down
8834,301479,20250521,141.02,135.62,down
8835,301486,20250508,61.7,61.89,up
8836,301486,20250509,61.89,61.35,down
8837,301486,20250512,61.35,62.78,up
8838,301486,20250514,63.15,60.26,down
8839,301486,20250520,64.0,62.08,down
8840,301487,20250513,19.26,19.3,up
8841,301487,20250515,18.87,18.81,down
8842,301487,20250519,18.95,19.26,up
8843,301487,20250529,19.61,17.82,down
8844,301488,20250507,63.07,63.0,down
8845,301488,20250513,62.0,62.3,up
8846,301488,20250520,77.75,76.0,down
8847,301488,20250528,72.29,76.24,up
8848,301489,20250512,66.2,67.0,up
8849,301489,20250526,75.93,73.14,down
8850,301489,20250528,73.36,74.96,up
8851,301498,20250507,104.54,105.58,up
8852,301498,20250513,111.46,110.3,down
8853,301498,20250514,110.3,111.94,up
8854,301498,20250522,107.93,107.9,down
8855,301498,20250528,107.24,107.37,up
8856,301499,20250520,25.8,26.62,up
8857,301499,20250529,26.5,25.96,down
8858,301500,20250519,19.75,19.98,up
8859,301500,20250527,19.9,20.09,up
8860,301501,20250507,55.37,57.9,up
8861,301501,20250515,84.0,83.79,down
8862,301501,20250516,83.79,82.66,down
8863,301501,20250519,82.66,84.63,up
8864,301501,20250529,88.0,86.35,down
8865,301501,20250530,86.35,85.78,down
8866,301502,20250508,39.82,37.91,down
8867,301502,20250517,40.09,38.86,down
8868,301503,20250519,37.95,38.24,up
8869,301503,20250528,36.34,37.5,up
8870,301505,20250506,22.51,22.72,up
8871,301505,20250512,23.43,23.36,down
8872,301505,20250515,23.22,23.13,down
8873,301505,20250520,23.74,23.64,down
8874,301507,20250507,13.17,13.22,up
8875,301507,20250508,13.22,13.14,down
8876,301507,20250509,13.14,13.18,up
8877,301507,20250515,13.45,13.56,up
8878,301508,20250513,32.49,32.23,down
8879,301508,20250514,32.23,31.6,down
8880,301509,20250514,36.13,33.7,down
8881,301509,20250515,33.7,33.03,down
8882,301509,20250519,33.05,34.17,up
8883,301509,20250520,34.17,36.33,up
8884,301510,20250507,35.85,33.62,down
8885,301510,20250512,33.95,33.68,down
8886,301510,20250515,32.38,32.82,up
8887,301510,20250523,30.87,31.27,up
8888,301510,20250529,30.59,29.57,down
8889,301510,20250530,29.57,29.42,down
8890,301511,20250509,14.58,14.44,down
8891,301511,20250513,14.35,14.32,down
8892,301511,20250516,14.3,15.41,up
8893,301511,20250521,16.4,15.6,down
8894,301512,20250521,39.68,38.94,down
8895,301512,20250523,38.65,39.63,up
8896,301512,20250527,39.24,38.36,down
8897,301515,20250507,18.75,19.1,up
8898,301515,20250512,19.0,19.35,up
8899,301515,20250522,19.11,19.11,up
8900,301516,20250509,14.99,15.28,up
8901,301516,20250523,15.08,15.86,up
8902,301516,20250529,15.68,15.32,down
8903,301517,20250514,51.09,50.7,down
8904,301517,20250520,51.04,49.6,down
8905,301517,20250526,48.67,49.12,up
8906,301518,20250507,23.74,23.7,down
8907,301518,20250512,22.05,26.46,up
8908,301519,20250506,12.85,12.87,up
8909,301519,20250512,13.05,13.03,down
8910,301519,20250528,13.04,13.37,up
8911,301520,20250507,37.74,38.04,up
8912,301520,20250513,37.63,37.45,down
8913,301525,20250508,89.68,86.33,down
8914,301525,20250523,79.04,78.36,down
8915,301526,20250506,3.82,3.8,down
8916,301526,20250513,3.76,3.78,up
8917,301526,20250516,3.79,3.91,up
8918,301526,20250527,3.72,3.59,down
8919,301528,20250507,46.01,47.26,up
8920,301528,20250509,47.05,47.02,down
8921,301528,20250512,47.02,46.49,down
8922,301528,20250519,47.82,49.73,up
8923,301528,20250521,48.6,48.03,down
8924,301528,20250523,48.02,50.43,up
8925,301528,20250526,50.43,50.2,down
8926,301528,20250528,50.34,50.65,up
8927,301529,20250506,29.85,29.7,down
8928,301529,20250514,30.02,29.97,down
8929,301529,20250523,32.31,33.01,up
8930,301529,20250528,35.85,35.23,down
8931,301533,20250513,32.27,32.2,down
8932,301533,20250522,32.69,32.06,down
8933,301533,20250530,33.96,36.45,up
8934,301535,20250516,21.52,21.35,down
8935,301535,20250520,22.12,22.88,up
8936,301535,20250526,20.8,20.28,down
8937,301536,20250509,58.0,58.83,up
8938,301536,20250514,58.76,57.02,down
8939,301536,20250515,57.02,56.5,down
8940,301536,20250516,56.5,56.05,down
8941,301536,20250519,56.05,56.1,up
8942,301536,20250522,55.13,53.31,down
8943,301538,20250513,71.61,70.6,down
8944,301538,20250515,69.43,70.29,up
8945,301538,20250521,72.53,71.02,down
8946,301539,20250509,19.18,19.36,up
8947,301548,20250507,48.57,48.8,up
8948,301548,20250516,49.69,50.29,up
8949,301548,20250522,47.6,48.45,up
8950,301548,20250523,48.45,51.98,up
8951,301550,20250514,132.87,133.68,up
8952,301550,20250516,139.4,147.8,up
8953,301550,20250523,98.7,100.9,up
8954,301550,20250527,107.28,110.7,up
8955,301551,20250516,47.96,48.63,up
8956,301551,20250521,48.3,49.36,up
8957,301552,20250515,52.89,54.63,up
8958,301552,20250520,55.69,57.13,up
8959,301555,20250521,26.19,25.77,down
8960,301555,20250526,26.06,25.92,down
8961,301556,20250512,88.85,87.98,down
8962,301556,20250514,87.25,86.19,down
8963,301557,20250513,74.38,74.35,down
8964,301557,20250516,75.65,74.02,down
8965,301557,20250523,71.98,72.77,up
8966,301559,20250510,14.86,15.22,up
8967,301560,20250506,40.9,39.86,down
8968,301560,20250530,35.48,35.36,down
8969,301565,20250508,20.75,20.27,down
8970,301565,20250515,20.8,20.93,up
8971,301565,20250522,20.64,20.51,down
8972,301566,20250512,17.33,16.84,down
8973,301566,20250521,16.25,16.15,down
8974,301566,20250523,15.95,16.2,up
8975,301567,20250516,38.8,39.03,up
8976,301567,20250517,38.8,39.03,up
8977,301567,20250523,37.89,37.93,up
8978,301568,20250506,34.53,34.65,up
8979,301568,20250509,34.74,35.64,up
8980,301568,20250519,35.0,35.36,up
8981,301568,20250521,34.86,34.5,down
8982,301571,20250506,44.5,46.92,up
8983,301571,20250515,44.22,44.22,up
8984,301571,20250528,48.43,48.37,down
8985,301577,20250515,53.04,53.52,up
8986,301577,20250520,54.37,53.61,down
8987,301578,20250507,46.01,47.05,up
8988,301578,20250509,46.39,47.28,up
8989,301578,20250523,45.03,45.48,up
8990,301578,20250530,43.65,43.9,up
8991,301580,20250515,53.71,53.95,up
8992,301580,20250521,55.73,55.29,down
8993,301581,20250515,50.34,50.62,up
8994,301581,20250520,50.72,50.37,down
8995,301585,20250508,45.84,44.48,down
8996,301585,20250522,44.45,44.54,up
8997,301586,20250506,47.49,51.16,up
8998,301586,20250515,51.58,51.07,down
8999,301587,20250506,21.13,21.3,up
9000,301587,20250514,21.25,21.24,down
9001,301587,20250519,21.57,21.79,up
9002,301588,20250507,17.5,17.77,up
9003,301588,20250512,18.18,18.76,up
9004,301588,20250514,18.24,18.46,up
9005,301589,20250512,145.32,144.9,down
9006,301589,20250513,144.9,144.71,down
9007,301589,20250516,141.53,141.32,down
9008,301591,20250506,40.82,42.4,up
9009,301591,20250513,41.0,40.13,down
9010,301591,20250516,40.73,41.74,up
9011,301591,20250523,40.84,41.99,up
9012,301591,20250528,43.8,44.32,up
9013,301592,20250507,141.84,142.51,up
9014,301592,20250508,142.51,142.88,up
9015,301592,20250509,142.88,149.01,up
9016,301592,20250515,135.61,135.64,up
9017,301592,20250516,135.64,133.62,down
9018,301592,20250529,130.91,131.7,up
9019,301595,20250530,38.08,38.31,up
9020,301596,20250509,123.98,127.85,up
9021,301596,20250519,129.92,128.09,down
9022,301596,20250521,126.3,125.03,down
9023,301598,20250509,61.6,62.8,up
9024,301598,20250513,62.29,61.73,down
9025,301598,20250516,62.24,61.58,down
9026,301600,20250509,158.7,162.44,up
9027,301600,20250513,160.25,161.55,up
9028,301600,20250516,168.46,166.6,down
9029,301601,20250507,34.45,34.66,up
9030,301601,20250520,34.15,34.38,up
9031,301601,20250523,33.3,32.84,down
9032,301602,20250506,25.12,25.0,down
9033,301602,20250519,24.8,25.65,up
9034,301602,20250520,25.65,25.12,down
9035,301603,20250516,54.12,56.01,up
9036,301603,20250522,52.66,51.8,down
9037,301606,20250508,39.62,39.96,up
9038,301606,20250514,41.55,41.42,down
9039,301606,20250515,41.42,41.13,down
9040,301606,20250520,44.93,44.72,down
9041,301607,20250512,46.62,45.9,down
9042,301607,20250515,45.3,46.67,up
9043,301607,20250529,47.08,49.0,up
9044,301608,20250514,81.34,79.45,down
9045,301608,20250516,81.86,80.84,down
9046,301611,20250512,56.85,56.19,down
9047,301611,20250520,55.51,54.88,down
9048,301613,20250507,71.94,73.23,up
9049,301613,20250513,75.31,75.0,down
9050,301613,20250520,53.4,51.02,down
9051,301616,20250514,45.05,45.89,up
9052,301617,20250513,48.13,47.9,down
9053,301617,20250515,47.62,48.17,up
9054,301617,20250519,47.55,48.01,up
9055,301618,20250512,84.16,83.48,down
9056,301618,20250514,82.38,83.11,up
9057,301618,20250520,81.5,79.75,down
9058,301618,20250523,85.72,86.44,up
9059,301618,20250531,62.2,64.59,up
9060,301622,20250506,69.81,69.65,down
9061,301622,20250515,72.87,71.89,down
9062,301622,20250526,68.24,67.26,down
9063,301622,20250529,67.34,65.48,down
9064,301626,20250515,72.48,76.01,up
9065,301626,20250529,71.39,70.11,down
9066,301628,20250509,79.2,81.08,up
9067,301628,20250513,80.33,80.4,up
9068,301628,20250516,82.82,82.08,down
9069,301628,20250521,80.65,80.0,down
9070,301629,20250508,178.5,171.88,down
9071,301629,20250520,169.2,162.5,down
9072,301629,20250523,157.38,159.86,up
9073,301631,20250507,111.89,112.72,up
9074,301631,20250512,113.45,112.4,down
9075,301631,20250530,110.43,110.42,down
9076,301633,20250516,69.89,69.15,down
9077,301658,20250513,30.8,30.11,down
9078,301658,20250521,30.48,29.02,down
9079,301662,20250501,51.19,52.5,up
9080,301662,20250521,83.3,74.59,down
9081,301665,20250508,28.26,27.57,down
9082,301665,20250519,34.11,32.43,down
9083,301665,20250521,32.14,30.62,down
9084,301665,20250529,30.37,29.26,down
9085,302132,20250508,83.2,79.88,down
9086,302132,20250513,88.74,90.35,up
9087,302132,20250516,86.08,87.2,up
9088,430017,20250513,17.17,16.99,down
9089,430017,20250515,17.59,18.72,up
9090,430017,20250521,18.68,18.15,down
9091,430017,20250528,18.38,19.54,up
9092,430017,20250530,19.25,20.34,up
9093,430047,20250515,16.32,16.81,up
9094,430047,20250522,16.3,16.44,up
9095,430090,20250522,6.37,6.21,down
9096,430090,20250529,6.9,6.71,down
9097,430090,20250530,6.71,6.75,up
9098,430139,20250521,25.58,24.43,down
9099,430198,20250507,12.33,12.55,up
9100,430198,20250515,12.83,12.74,down
9101,430198,20250522,13.41,13.59,up
9102,430300,20250506,17.58,18.17,up
9103,430300,20250514,18.7,18.55,down
9104,430300,20250519,21.75,21.09,down
9105,430418,20250506,42.01,41.34,down
9106,430418,20250520,41.3,41.35,up
9107,430425,20250506,33.18,31.93,down
9108,430425,20250515,37.45,35.24,down
9109,430425,20250519,34.5,34.64,up
9110,430476,20250506,15.73,15.81,up
9111,430476,20250507,15.81,15.75,down
9112,430476,20250508,15.75,16.52,up
9113,430476,20250514,16.2,17.07,up
9114,430476,20250520,19.07,18.68,down
9115,430476,20250523,17.75,17.91,up
9116,430476,20250526,17.91,17.19,down
9117,430478,20250509,29.5,29.33,down
9118,430478,20250521,31.08,31.7,up
9119,430510,20250509,24.14,25.96,up
9120,430510,20250515,24.33,25.57,up
9121,430510,20250526,23.67,23.1,down
9122,430510,20250530,23.21,23.23,up
9123,430556,20250507,11.1,11.35,up
9124,430556,20250516,11.2,11.17,down
9125,430556,20250520,11.81,11.42,down
9126,430564,20250509,23.75,24.49,up
9127,430564,20250513,23.32,27.36,up
9128,430564,20250516,24.85,25.14,up
9129,430564,20250519,25.14,25.33,up
9130,430564,20250522,23.61,23.26,down
9131,430564,20250523,23.26,24.01,up
9132,430685,20250508,14.91,15.2,up
9133,430685,20250513,14.85,15.04,up
9134,430685,20250515,16.48,15.63,down
9135,430685,20250520,16.24,16.4,up
9136,430685,20250521,16.4,15.15,down
9137,430685,20250530,15.17,15.68,up
9138,430718,20250509,17.83,18.07,up
9139,430718,20250516,18.1,18.47,up
9140,600000,20250508,11.63,11.8,up
9141,600000,20250515,12.29,12.1,down
9142,600000,20250528,12.22,12.17,down
9143,600004,20250507,9.13,9.08,down
9144,600004,20250510,9.07,9.17,up
9145,600004,20250516,9.39,9.54,up
9146,600004,20250517,9.39,9.54,up
9147,600004,20250528,9.66,9.67,up
9148,600006,20250509,7.09,7.13,up
9149,600006,20250515,6.94,7.04,up
9150,600006,20250517,7.04,7.12,up
9151,600006,20250521,7.62,7.82,up
9152,600006,20250527,7.74,8.11,up
9153,600006,20250531,8.18,8.06,down
9154,600007,20250520,21.57,21.69,up
9155,600008,20250522,3.16,3.13,down
9156,600008,20250530,3.19,3.19,up
9157,600009,20250508,32.32,32.08,down
9158,600009,20250515,32.6,32.55,down
9159,600010,20250519,1.79,1.79,up
9160,600010,20250523,1.75,1.75,up
9161,600010,20250530,1.74,1.73,down
9162,600011,20250507,7.31,7.32,up
9163,600011,20250516,7.48,7.47,down
9164,600011,20250527,7.43,7.23,down
9165,600011,20250529,7.22,7.23,up
9166,600011,20250530,7.23,7.27,up
9167,600011,20250531,7.23,7.27,up
9168,600012,20250501,17.31,17.01,down
9169,600012,20250516,17.16,17.56,up
9170,600012,20250524,17.73,17.55,down
9171,600012,20250531,18.1,17.62,down
9172,600015,20250506,7.2,7.25,up
9173,600015,20250514,7.69,7.61,down
9174,600015,20250516,7.5,7.47,down
9175,600015,20250523,7.49,7.45,down
9176,600015,20250530,7.53,7.72,up
9177,600016,20250531,4.35,4.48,up
9178,600017,20250507,3.06,3.05,down
9179,600017,20250513,3.2,3.26,up
9180,600017,20250517,3.18,3.44,up
9181,600017,20250527,3.14,3.14,up
9182,600018,20250507,5.58,5.55,down
9183,600018,20250508,5.55,5.63,up
9184,600018,20250524,5.75,5.74,down
9185,600018,20250531,5.84,5.83,down
9186,600019,20250507,6.95,6.88,down
9187,600019,20250508,6.88,6.93,up
9188,600019,20250516,6.96,6.97,up
9189,600019,20250521,6.95,6.86,down
9190,600020,20250501,4.55,4.58,up
9191,600020,20250507,4.61,4.61,up
9192,600020,20250513,4.67,4.66,down
9193,600020,20250517,4.63,4.73,up
9194,600020,20250524,4.81,4.86,up
9195,600021,20250508,9.06,9.15,up
9196,600021,20250516,9.1,9.09,down
9197,600021,20250520,9.18,9.18,up
9198,600021,20250522,9.13,9.04,down
9199,600021,20250523,9.04,9.13,up
9200,600021,20250524,9.04,9.13,up
9201,600021,20250527,9.1,9.06,down
9202,600021,20250530,8.85,8.8,down
9203,600021,20250531,8.85,8.8,down
9204,600022,20250509,1.34,1.33,down
9205,600022,20250513,1.33,1.34,up
9206,600022,20250515,1.33,1.32,down
9207,600022,20250516,1.32,1.35,up
9208,600022,20250517,1.32,1.35,up
9209,600022,20250521,1.34,1.34,up
9210,600023,20250501,5.25,5.31,up
9211,600023,20250508,5.33,5.31,down
9212,600023,20250530,5.35,5.31,down
9213,600025,20250507,9.58,9.62,up
9214,600025,20250513,9.71,9.7,down
9215,600025,20250521,10.05,10.11,up
9216,600025,20250523,9.99,10.03,up
9217,600025,20250524,9.99,10.03,up
9218,600025,20250528,10.04,9.98,down
9219,600026,20250508,10.5,10.42,down
9220,600026,20250513,10.58,11.02,up
9221,600026,20250524,10.1,10.2,up
9222,600027,20250513,5.9,5.89,down
9223,600027,20250517,5.9,5.91,up
9224,600027,20250521,6.0,5.94,down
9225,600027,20250531,5.85,5.86,up
9226,600028,20250501,5.66,5.64,down
9227,600028,20250514,5.83,5.78,down
9228,600028,20250515,5.78,5.66,down
9229,600028,20250517,5.66,5.68,up
9230,600028,20250529,5.73,5.78,up
9231,600029,20250508,5.79,5.75,down
9232,600029,20250516,5.97,5.94,down
9233,600029,20250522,6.11,6.01,down
9234,600029,20250524,6.01,6.22,up
9235,600030,20250507,25.67,25.86,up
9236,600030,20250510,25.55,26.3,up
9237,600030,20250517,26.21,26.11,down
9238,600030,20250530,25.52,25.59,up
9239,600031,20250507,19.69,19.41,down
9240,600031,20250510,19.72,20.0,up
9241,600031,20250523,18.91,18.66,down
9242,600032,20250513,7.68,7.75,up
9243,600032,20250516,7.63,7.65,up
9244,600032,20250527,7.8,8.11,up
9245,600033,20250516,3.62,3.65,up
9246,600035,20250509,4.51,4.46,down
9247,600035,20250524,4.48,4.47,down
9248,600036,20250501,40.74,41.37,up
9249,600036,20250509,43.48,43.8,up
9250,600036,20250516,44.27,43.84,down
9251,600036,20250524,44.05,43.8,down
9252,600036,20250529,43.47,43.43,down
9253,600036,20250531,43.43,43.97,up
9254,600037,20250510,7.11,7.19,up
9255,600037,20250516,7.08,7.2,up
9256,600038,20250510,37.03,37.97,up
9257,600038,20250520,37.21,37.16,down
9258,600039,20250508,9.05,9.28,up
9259,600039,20250510,9.28,9.23,down
9260,600039,20250513,9.27,9.27,up
9261,600039,20250528,9.33,9.26,down
9262,600048,20250508,8.44,8.25,down
9263,600048,20250520,8.26,8.22,down
9264,600048,20250529,8.11,8.13,up
9265,600048,20250531,8.13,8.11,down
9266,600050,20250507,5.48,5.46,down
9267,600050,20250521,5.46,5.43,down
9268,600050,20250523,5.38,5.4,up
9269,600050,20250528,5.33,5.4,up
9270,600050,20250530,5.36,5.33,down
9271,600051,20250510,6.98,6.97,down
9272,600051,20250531,7.16,7.16,up
9273,600052,20250501,4.08,4.16,up
9274,600052,20250507,4.19,4.22,up
9275,600052,20250514,4.16,4.14,down
9276,600052,20250516,4.18,4.27,up
9277,600052,20250517,4.18,4.27,up
9278,600052,20250521,4.41,4.28,down
9279,600052,20250523,4.16,4.17,up
9280,600052,20250527,4.31,4.24,down
9281,600052,20250530,4.19,4.16,down
9282,600053,20250513,14.52,14.93,up
9283,600053,20250517,14.59,16.05,up
9284,600053,20250519,16.05,17.66,up
9285,600053,20250521,16.16,15.08,down
9286,600053,20250524,14.54,14.59,up
9287,600053,20250528,14.35,14.59,up
9288,600054,20250520,11.56,11.52,down
9289,600054,20250531,11.45,11.49,up
9290,600055,20250509,17.3,17.56,up
9291,600055,20250522,18.4,18.41,up
9292,600055,20250531,18.42,18.69,up
9293,600056,20250508,10.23,10.2,down
9294,600056,20250513,10.31,10.33,up
9295,600056,20250516,10.47,10.44,down
9296,600056,20250517,10.47,10.44,down
9297,600056,20250521,10.54,10.39,down
9298,600056,20250524,10.37,10.31,down
9299,600056,20250527,10.42,10.33,down
9300,600056,20250529,10.41,10.49,up
9301,600057,20250507,6.66,6.62,down
9302,600057,20250509,6.76,6.87,up
9303,600057,20250513,6.77,6.94,up
9304,600057,20250515,6.97,6.9,down
9305,600057,20250528,7.07,6.99,down
9306,600058,20250523,7.25,7.38,up
9307,600059,20250507,9.0,9.23,up
9308,600059,20250508,9.23,9.18,down
9309,600059,20250517,9.03,9.21,up
9310,600059,20250523,10.27,10.67,up
9311,600059,20250527,11.46,10.93,down
9312,600060,20250507,23.61,23.76,up
9313,600061,20250501,6.84,6.98,up
9314,600061,20250507,7.02,7.03,up
9315,600061,20250508,7.03,6.98,down
9316,600061,20250509,6.98,7.08,up
9317,600061,20250516,7.01,7.0,down
9318,600061,20250517,7.01,7.0,down
9319,600061,20250520,7.02,7.02,up
9320,600061,20250527,6.96,6.91,down
9321,600061,20250529,6.97,6.97,up
9322,600061,20250530,6.97,7.08,up
9323,600062,20250509,18.82,18.79,down
9324,600062,20250513,18.92,18.94,up
9325,600062,20250517,19.24,19.08,down
9326,600062,20250528,19.05,19.31,up
9327,600063,20250515,4.39,4.39,up
9328,600063,20250523,4.29,4.3,up
9329,600064,20250507,7.33,7.37,up
9330,600064,20250516,7.45,7.52,up
9331,600064,20250531,7.6,7.6,up
9332,600066,20250508,26.28,26.47,up
9333,600066,20250517,24.68,24.37,down
9334,600067,20250507,2.71,2.76,up
9335,600067,20250515,2.79,2.8,up
9336,600067,20250517,2.8,2.89,up
9337,600067,20250530,2.91,2.88,down
9338,600067,20250531,2.91,2.88,down
9339,600071,20250513,20.83,20.63,down
9340,600071,20250515,20.3,20.65,up
9341,600072,20250517,12.14,12.24,up
9342,600072,20250521,12.2,12.07,down
9343,600072,20250529,12.2,12.23,up
9344,600072,20250530,12.23,12.17,down
9345,600072,20250531,12.23,12.17,down
9346,600075,20250510,4.2,4.21,up
9347,600075,20250517,4.27,4.31,up
9348,600076,20250507,2.13,2.16,up
9349,600076,20250516,2.23,2.33,up
9350,600076,20250521,2.32,2.29,down
9351,600078,20250501,5.19,5.39,up
9352,600078,20250517,5.44,5.65,up
9353,600079,20250501,20.87,20.84,down
9354,600079,20250509,20.7,20.49,down
9355,600079,20250513,20.59,20.44,down
9356,600079,20250520,20.53,20.56,up
9357,600079,20250523,20.88,20.81,down
9358,600079,20250529,22.31,22.18,down
9359,600079,20250530,22.18,22.56,up
9360,600080,20250501,6.87,7.0,up
9361,600080,20250516,7.22,7.19,down
9362,600080,20250524,7.5,7.14,down
9363,600082,20250531,3.78,3.94,up
9364,600084,20250517,5.29,5.54,up
9365,600084,20250520,5.54,5.51,down
9366,600085,20250527,37.82,37.73,down
9367,600088,20250508,16.88,16.46,down
9368,600089,20250507,11.7,11.71,up
9369,600089,20250513,11.96,11.98,up
9370,600089,20250517,11.91,11.93,up
9371,600094,20250508,3.24,3.2,down
9372,600094,20250509,3.2,3.21,up
9373,600094,20250513,3.2,3.23,up
9374,600094,20250520,3.17,3.17,up
9375,600094,20250521,3.17,3.11,down
9376,600095,20250501,7.79,8.07,up
9377,600095,20250508,8.16,7.91,down
9378,600095,20250510,7.91,8.15,up
9379,600095,20250517,8.07,8.5,up
9380,600095,20250528,8.01,8.18,up
9381,600096,20250516,23.92,23.96,up
9382,600096,20250523,22.23,22.09,down
9383,600097,20250515,10.17,10.02,down
9384,600097,20250524,9.86,9.96,up
9385,600098,20250523,6.47,6.52,up
9386,600098,20250529,6.63,6.59,down
9387,600098,20250531,6.59,6.54,down
9388,600099,20250508,10.41,10.28,down
9389,600099,20250510,10.28,10.31,up
9390,600099,20250520,11.01,10.78,down
9391,600100,20250516,7.04,7.14,up
9392,600100,20250524,6.9,7.16,up
9393,600100,20250529,7.4,7.19,down
9394,600101,20250516,11.21,11.17,down
9395,600101,20250527,10.96,10.59,down
9396,600103,20250507,2.19,2.21,up
9397,600103,20250510,2.18,2.19,up
9398,600103,20250520,2.22,2.21,down
9399,600103,20250524,2.17,2.19,up
9400,600104,20250506,16.38,16.47,up
9401,600104,20250531,16.21,15.26,down
9402,600105,20250513,7.21,7.3,up
9403,600105,20250517,7.76,7.76,up
9404,600105,20250527,8.25,8.83,up
9405,600106,20250510,5.39,5.42,up
9406,600106,20250516,5.42,5.65,up
9407,600107,20250513,3.48,3.47,down
9408,600107,20250516,3.49,3.6,up
9409,600107,20250522,4.07,3.97,down
9410,600107,20250530,4.0,3.94,down
9411,600108,20250510,2.98,2.92,down
9412,600108,20250520,2.99,2.97,down
9413,600108,20250523,2.87,2.89,up
9414,600108,20250527,2.92,2.89,down
9415,600108,20250531,2.91,2.94,up
9416,600109,20250501,8.12,8.2,up
9417,600109,20250507,8.21,8.23,up
9418,600109,20250508,8.23,8.12,down
9419,600109,20250516,8.37,8.35,down
9420,600109,20250519,8.35,8.36,up
9421,600109,20250523,8.23,8.22,down
9422,600109,20250527,8.23,8.19,down
9423,600109,20250529,8.34,8.33,down
9424,600109,20250530,8.33,8.38,up
9425,600110,20250514,3.49,3.45,down
9426,600110,20250515,3.45,3.49,up
9427,600110,20250517,3.49,3.53,up
9428,600110,20250527,3.42,3.34,down
9429,600111,20250508,24.25,24.38,up
9430,600111,20250520,23.8,23.72,down
9431,600111,20250523,23.21,23.41,up
9432,600111,20250531,23.27,23.65,up
9433,600113,20250515,14.18,14.14,down
9434,600113,20250523,14.09,14.5,up
9435,600113,20250531,14.14,14.14,up
9436,600114,20250509,20.32,20.59,up
9437,600114,20250521,20.54,20.35,down
9438,600114,20250528,19.57,19.57,up
9439,600115,20250509,3.73,3.77,up
9440,600115,20250515,3.77,3.79,up
9441,600115,20250516,3.79,3.77,down
9442,600115,20250529,4.04,4.03,down
9443,600115,20250531,4.03,4.04,up
9444,600117,20250510,2.16,2.2,up
9445,600117,20250523,2.12,2.14,up
9446,600117,20250524,2.12,2.14,up
9447,600118,20250509,26.71,27.73,up
9448,600118,20250528,26.77,27.17,up
9449,600120,20250513,6.08,6.15,up
9450,600120,20250523,5.72,5.73,up
9451,600121,20250515,3.75,3.82,up
9452,600121,20250517,3.82,3.87,up
9453,600123,20250508,6.82,6.77,down
9454,600123,20250515,6.82,6.76,down
9455,600123,20250520,6.73,6.83,up
9456,600125,20250501,5.63,5.71,up
9457,600125,20250510,5.8,5.82,up
9458,600125,20250520,5.83,5.85,up
9459,600125,20250521,5.85,5.79,down
9460,600125,20250531,5.83,5.81,down
9461,600126,20250507,11.53,11.47,down
9462,600126,20250510,10.93,11.07,up
9463,600126,20250515,10.63,10.41,down
9464,600127,20250510,7.01,6.92,down
9465,600128,20250520,10.39,10.3,down
9466,600128,20250529,9.96,9.57,down
9467,600129,20250507,21.3,21.25,down
9468,600129,20250516,21.27,21.18,down
9469,600129,20250528,20.77,20.88,up
9470,600130,20250513,2.99,3.14,up
9471,600130,20250517,3.07,3.22,up
9472,600130,20250522,3.3,3.21,down
9473,600130,20250529,3.56,3.69,up
9474,600131,20250509,18.36,18.49,up
9475,600131,20250516,17.99,18.11,up
9476,600131,20250522,18.2,17.9,down
9477,600131,20250531,18.05,18.18,up
9478,600132,20250530,57.8,58.48,up
9479,600133,20250515,9.11,9.02,down
9480,600133,20250523,9.15,9.32,up
9481,600133,20250528,9.23,9.3,up
9482,600135,20250516,7.3,7.44,up
9483,600135,20250527,7.51,7.32,down
9484,600135,20250528,7.32,7.38,up
9485,600136,20250521,2.13,2.24,up
9486,600137,20250521,22.48,24.73,up
9487,600137,20250522,24.73,22.28,down
9488,600137,20250523,22.28,20.09,down
9489,600137,20250527,19.18,19.9,up
9490,600137,20250528,19.9,19.05,down
9491,600137,20250530,18.09,18.32,up
9492,600137,20250531,18.09,18.32,up
9493,600138,20250515,9.74,9.73,down
9494,600141,20250510,20.41,20.64,up
9495,600141,20250524,20.65,21.04,up
9496,600143,20250508,11.17,11.0,down
9497,600143,20250510,11.0,11.07,up
9498,600143,20250515,10.71,10.97,up
9499,600143,20250521,10.68,10.51,down
9500,600143,20250531,10.26,10.2,down
9501,600148,20250507,18.3,18.72,up
9502,600148,20250509,18.57,19.08,up
9503,600148,20250510,18.57,19.08,up
9504,600148,20250520,22.23,20.98,down
9505,600148,20250523,21.9,21.35,down
9506,600149,20250509,4.73,4.69,down
9507,600149,20250517,4.75,4.94,up
9508,600149,20250523,6.14,5.82,down
9509,600149,20250530,5.09,5.14,up
9510,600150,20250507,30.07,30.14,up
9511,600150,20250509,30.18,33.06,up
9512,600150,20250521,31.8,31.28,down
9513,600150,20250523,31.06,31.06,up
9514,600150,20250527,30.87,30.61,down
9515,600150,20250531,30.67,30.79,up
9516,600151,20250510,6.67,6.89,up
9517,600151,20250529,6.71,6.66,down
9518,600152,20250508,5.87,5.85,down
9519,600152,20250527,5.93,5.96,up
9520,600152,20250528,5.96,6.1,up
9521,600153,20250507,10.48,10.37,down
9522,600153,20250508,10.37,10.31,down
9523,600153,20250517,10.14,10.09,down
9524,600155,20250515,6.67,6.59,down
9525,600155,20250523,6.48,6.49,up
9526,600155,20250527,6.5,6.48,down
9527,600156,20250506,5.8,5.99,up
9528,600156,20250527,6.66,6.75,up
9529,600157,20250506,1.36,1.37,up
9530,600157,20250515,1.36,1.36,up
9531,600157,20250520,1.36,1.38,up
9532,600157,20250529,1.35,1.35,up
9533,600158,20250510,8.06,8.05,down
9534,600158,20250515,7.99,8.01,up
9535,600158,20250521,8.15,8.0,down
9536,600158,20250529,8.1,8.22,up
9537,600159,20250510,2.55,2.56,up
9538,600160,20250507,27.69,26.98,down
9539,600160,20250515,26.65,26.22,down
9540,600160,20250516,26.22,26.15,down
9541,600160,20250529,26.36,26.44,up
9542,600160,20250530,26.44,26.79,up
9543,600161,20250510,19.08,19.16,up
9544,600161,20250528,18.99,19.23,up
9545,600161,20250530,19.13,19.29,up
9546,600162,20250507,1.69,1.7,up
9547,600162,20250513,1.65,1.67,up
9548,600162,20250520,1.68,1.67,down
9549,600162,20250527,1.62,1.6,down
9550,600163,20250507,5.62,5.52,down
9551,600163,20250517,5.4,5.46,up
9552,600163,20250521,5.55,5.39,down
9553,600165,20250508,4.88,5.12,up
9554,600165,20250513,5.12,4.99,down
9555,600165,20250517,5.15,5.13,down
9556,600165,20250520,5.05,5.09,up
9557,600165,20250521,5.09,4.97,down
9558,600165,20250523,5.07,4.82,down
9559,600165,20250529,4.71,4.65,down
9560,600166,20250509,2.64,2.67,up
9561,600166,20250523,2.68,2.67,down
9562,600166,20250527,2.67,2.7,up
9563,600167,20250517,6.05,6.12,up
9564,600167,20250523,5.99,6.05,up
9565,600167,20250524,5.99,6.05,up
9566,600168,20250507,4.59,4.62,up
9567,600168,20250529,4.77,4.73,down
9568,600169,20250507,2.45,2.45,up
9569,600169,20250513,2.45,2.46,up
9570,600169,20250515,2.44,2.46,up
9571,600169,20250520,2.47,2.46,down
9572,600169,20250529,2.51,2.46,down
9573,600170,20250501,2.41,2.43,up
9574,600170,20250513,2.41,2.43,up
9575,600170,20250523,2.36,2.37,up
9576,600170,20250530,2.38,2.38,up
9577,600171,20250515,34.02,33.89,down
9578,600172,20250510,3.88,3.96,up
9579,600172,20250517,3.97,4.1,up
9580,600172,20250521,4.02,3.95,down
9581,600172,20250527,4.36,4.44,up
9582,600173,20250501,6.55,6.41,down
9583,600173,20250510,6.34,6.69,up
9584,600173,20250523,6.07,6.0,down
9585,600176,20250516,12.18,12.16,down
9586,600177,20250510,7.6,7.59,down
9587,600177,20250513,7.55,7.6,up
9588,600177,20250517,7.49,7.5,up
9589,600177,20250529,7.53,7.51,down
9590,600178,20250507,11.79,11.63,down
9591,600178,20250513,11.64,11.57,down
9592,600178,20250516,11.46,12.19,up
9593,600178,20250524,12.21,12.38,up
9594,600178,20250531,12.56,12.61,up
9595,600179,20250501,2.91,2.97,up
9596,600179,20250510,2.96,3.0,up
9597,600179,20250528,2.73,2.78,up
9598,600180,20250510,4.39,4.45,up
9599,600180,20250516,4.49,4.54,up
9600,600180,20250521,4.48,4.4,down
9601,600180,20250528,4.44,4.59,up
9602,600182,20250516,15.41,15.52,up
9603,600182,20250530,15.07,15.2,up
9604,600183,20250516,27.32,26.88,down
9605,600183,20250517,27.32,26.88,down
9606,600183,20250531,26.2,25.83,down
9607,600184,20250513,15.22,14.78,down
9608,600184,20250521,13.7,13.86,up
9609,600184,20250528,13.66,14.04,up
9610,600185,20250501,6.56,6.89,up
9611,600185,20250509,6.5,6.41,down
9612,600185,20250515,6.25,6.66,up
9613,600185,20250520,6.47,6.37,down
9614,600185,20250527,6.28,6.23,down
9615,600186,20250507,6.75,6.72,down
9616,600186,20250509,6.52,6.53,up
9617,600186,20250510,6.52,6.53,up
9618,600186,20250517,6.36,6.38,up
9619,600186,20250523,6.1,6.14,up
9620,600186,20250530,6.16,6.13,down
9621,600187,20250501,3.07,3.22,up
9622,600187,20250510,3.17,3.19,up
9623,600187,20250517,3.12,3.3,up
9624,600187,20250531,3.31,3.34,up
9625,600188,20250501,12.2,12.47,up
9626,600188,20250507,12.48,12.44,down
9627,600188,20250513,12.63,12.96,up
9628,600188,20250516,12.74,12.68,down
9629,600188,20250523,12.9,12.88,down
9630,600188,20250529,12.95,12.87,down
9631,600188,20250531,12.87,12.75,down
9632,600189,20250516,7.09,7.2,up
9633,600189,20250517,7.09,7.2,up
9634,600189,20250520,7.26,7.24,down
9635,600189,20250531,7.92,8.15,up
9636,600190,20250507,0.94,0.89,down
9637,600190,20250509,0.93,0.88,down
9638,600190,20250510,0.93,0.88,down
9639,600190,20250515,0.84,0.88,up
9640,600190,20250516,0.88,0.92,up
9641,600190,20250517,0.88,0.92,up
9642,600190,20250520,0.97,1.02,up
9643,600190,20250521,1.02,0.97,down
9644,600190,20250522,0.97,0.92,down
9645,600190,20250523,0.92,0.87,down
9646,600190,20250524,0.92,0.87,down
9647,600190,20250527,0.83,0.87,up
9648,600190,20250528,0.87,0.91,up
9649,600190,20250529,0.91,0.39,down
9650,600190,20250530,0.91,0.39,down
9651,600191,20250501,7.21,7.43,up
9652,600191,20250508,7.44,7.32,down
9653,600191,20250515,7.7,7.61,down
9654,600192,20250501,6.62,6.93,up
9655,600192,20250510,6.92,6.96,up
9656,600192,20250517,6.84,6.96,up
9657,600192,20250528,8.9,8.66,down
9658,600192,20250529,8.66,9.3,up
9659,600193,20250509,3.61,3.79,up
9660,600193,20250510,3.61,3.79,up
9661,600193,20250513,3.98,4.18,up
9662,600193,20250514,4.18,4.14,down
9663,600193,20250515,4.14,3.93,down
9664,600193,20250520,3.72,3.91,up
9665,600193,20250524,4.1,4.31,up
9666,600193,20250527,4.41,4.63,up
9667,600193,20250528,4.63,4.86,up
9668,600193,20250529,4.86,5.1,up
9669,600193,20250530,5.1,4.94,down
9670,600193,20250531,5.1,4.94,down
9671,600195,20250508,6.86,6.8,down
9672,600195,20250529,7.0,6.97,down
9673,600196,20250501,23.4,23.69,up
9674,600196,20250506,23.69,23.81,up
9675,600196,20250507,23.81,23.83,up
9676,600196,20250510,23.52,23.59,up
9677,600196,20250513,23.94,23.91,down
9678,600196,20250517,24.02,23.83,down
9679,600196,20250523,23.93,23.51,down
9680,600196,20250527,23.63,23.53,down
9681,600196,20250528,23.53,24.11,up
9682,600196,20250530,25.37,25.27,down
9683,600196,20250531,25.37,25.27,down
9684,600197,20250515,14.82,14.75,down
9685,600197,20250531,14.7,14.71,up
9686,600198,20250507,8.25,8.39,up
9687,600198,20250508,8.39,8.26,down
9688,600198,20250516,8.15,8.39,up
9689,600198,20250522,8.82,8.52,down
9690,600198,20250530,8.55,8.44,down
9691,600199,20250522,10.34,10.15,down
9692,600199,20250530,10.13,10.09,down
9693,600200,20250506,3.04,2.89,down
9694,600200,20250509,2.71,2.78,up
9695,600200,20250513,2.64,2.51,down
9696,600200,20250515,2.38,2.31,down
9697,600200,20250516,2.31,2.43,up
9698,600200,20250520,2.55,2.68,up
9699,600200,20250521,2.68,2.81,up
9700,600200,20250522,2.81,2.67,down
9701,600200,20250523,2.67,2.67,up
9702,600200,20250529,2.86,2.72,down
9703,600201,20250507,6.95,7.09,up
9704,600201,20250520,7.31,7.25,down
9705,600201,20250529,7.25,7.25,up
9706,600202,20250510,5.24,5.23,down
9707,600202,20250513,5.22,5.18,down
9708,600202,20250523,5.23,5.75,up
9709,600202,20250531,5.53,5.6,up
9710,600203,20250507,9.61,9.67,up
9711,600203,20250509,9.62,9.9,up
9712,600206,20250523,17.64,17.7,up
9713,600206,20250530,17.13,17.12,down
9714,600207,20250509,4.1,4.15,up
9715,600207,20250517,4.15,4.57,up
9716,600207,20250521,5.13,4.62,down
9717,600207,20250522,4.62,4.27,down
9718,600207,20250530,4.51,4.53,up
9719,600207,20250531,4.51,4.53,up
9720,600208,20250517,2.61,2.63,up
9721,600208,20250524,2.58,2.56,down
9722,600208,20250531,2.57,2.66,up
9723,600210,20250507,6.38,6.41,up
9724,600210,20250515,6.36,6.35,down
9725,600210,20250523,6.53,6.64,up
9726,600210,20250530,6.53,6.49,down
9727,600211,20250517,36.35,36.12,down
9728,600211,20250520,36.45,36.61,up
9729,600212,20250507,8.07,8.08,up
9730,600212,20250513,8.21,8.11,down
9731,600212,20250520,7.83,7.69,down
9732,600212,20250529,7.87,8.66,up
9733,600212,20250531,8.66,8.4,down
9734,600215,20250513,8.92,8.69,down
9735,600215,20250521,8.22,8.05,down
9736,600215,20250528,8.22,8.19,down
9737,600215,20250531,8.02,7.99,down
9738,600216,20250509,13.33,13.43,up
9739,600216,20250513,13.52,13.6,up
9740,600216,20250531,15.09,15.27,up
9741,600217,20250509,4.53,4.53,up
9742,600217,20250513,4.52,4.54,up
9743,600217,20250517,4.45,4.56,up
9744,600217,20250520,4.57,4.58,up
9745,600217,20250523,4.39,4.46,up
9746,600217,20250531,4.5,4.48,down
9747,600218,20250501,8.37,8.58,up
9748,600218,20250517,8.71,8.68,down
9749,600218,20250528,9.15,9.13,down
9750,600219,20250507,3.7,3.69,down
9751,600219,20250513,3.67,3.72,up
9752,600221,20250507,1.36,1.37,up
9753,600221,20250515,1.36,1.35,down
9754,600221,20250516,1.35,1.36,up
9755,600221,20250520,1.36,1.37,up
9756,600221,20250522,1.36,1.34,down
9757,600222,20250516,5.42,5.41,down
9758,600222,20250523,5.37,5.34,down
9759,600226,20250510,2.92,2.89,down
9760,600226,20250517,2.86,2.86,up
9761,600226,20250524,2.86,2.81,down
9762,600227,20250501,2.16,2.23,up
9763,600227,20250510,2.24,2.26,up
9764,600227,20250520,2.37,2.36,down
9765,600228,20250501,3.11,3.1,down
9766,600228,20250507,3.07,3.22,up
9767,600228,20250508,3.22,3.31,up
9768,600228,20250509,3.31,3.48,up
9769,600228,20250513,3.6,3.78,up
9770,600228,20250516,3.81,4.0,up
9771,600228,20250517,3.81,4.0,up
9772,600228,20250529,4.4,4.44,up
9773,600229,20250507,6.75,6.8,up
9774,600229,20250510,6.72,6.72,up
9775,600229,20250517,6.71,6.8,up
9776,600230,20250516,10.47,10.55,up
9777,600230,20250529,10.55,10.19,down
9778,600231,20250507,1.7,1.7,up
9779,600231,20250515,1.69,1.68,down
9780,600231,20250528,1.71,1.72,up
9781,600231,20250531,1.7,1.69,down
9782,600232,20250508,5.72,5.77,up
9783,600232,20250509,5.77,5.72,down
9784,600232,20250521,5.71,5.59,down
9785,600233,20250501,13.08,13.17,up
9786,600233,20250508,13.16,13.16,up
9787,600233,20250510,13.16,13.09,down
9788,600233,20250520,12.91,12.93,up
9789,600233,20250521,12.93,12.97,up
9790,600234,20250515,7.49,7.44,down
9791,600234,20250517,7.44,7.04,down
9792,600235,20250508,5.97,5.94,down
9793,600236,20250515,6.42,6.34,down
9794,600236,20250516,6.34,6.44,up
9795,600237,20250501,6.69,6.8,up
9796,600237,20250506,6.8,6.85,up
9797,600237,20250510,6.81,6.84,up
9798,600238,20250507,4.55,4.78,up
9799,600238,20250510,5.0,5.12,up
9800,600238,20250521,5.73,5.56,down
9801,600238,20250529,5.93,6.16,up
9802,600239,20250507,2.5,2.5,up
9803,600239,20250513,2.47,2.48,up
9804,600239,20250516,2.42,2.47,up
9805,600239,20250517,2.42,2.47,up
9806,600241,20250508,7.36,7.34,down
9807,600241,20250523,7.32,7.42,up
9808,600243,20250508,2.48,2.5,up
9809,600243,20250517,2.8,2.94,up
9810,600243,20250520,2.96,3.11,up
9811,600243,20250528,3.26,3.17,down
9812,600246,20250501,5.54,5.96,up
9813,600246,20250510,6.23,6.13,down
9814,600246,20250524,5.67,5.86,up
9815,600246,20250528,5.75,5.85,up
9816,600246,20250530,5.73,6.11,up
9817,600248,20250513,3.9,3.91,up
9818,600248,20250528,3.78,3.83,up
9819,600250,20250501,8.32,8.44,up
9820,600250,20250508,8.6,8.58,down
9821,600250,20250523,8.61,8.66,up
9822,600250,20250530,8.63,9.49,up
9823,600251,20250515,7.51,7.48,down
9824,600251,20250531,7.47,7.5,up
9825,600252,20250506,2.45,2.5,up
9826,600252,20250507,2.5,2.48,down
9827,600252,20250513,2.45,2.46,up
9828,600252,20250531,2.61,2.63,up
9829,600255,20250517,3.25,3.26,up
9830,600256,20250507,5.83,5.76,down
9831,600256,20250509,5.78,5.88,up
9832,600256,20250510,5.78,5.88,up
9833,600256,20250517,6.03,5.89,down
9834,600256,20250521,5.99,5.95,down
9835,600256,20250527,5.93,5.95,up
9836,600257,20250528,5.03,5.04,up
9837,600258,20250529,14.83,14.64,down
9838,600259,20250508,38.61,38.0,down
9839,600261,20250513,3.22,3.22,up
9840,600261,20250516,3.21,3.25,up
9841,600262,20250508,22.29,21.9,down
9842,600262,20250517,20.74,20.84,up
9843,600262,20250524,20.85,22.72,up
9844,600265,20250513,15.3,15.32,up
9845,600265,20250514,15.32,15.29,down
9846,600265,20250524,16.25,16.53,up
9847,600266,20250513,4.56,4.5,down
9848,600267,20250509,8.8,8.75,down
9849,600267,20250513,8.83,8.87,up
9850,600267,20250517,8.91,8.76,down
9851,600267,20250523,9.14,8.94,down
9852,600268,20250510,7.84,7.86,up
9853,600268,20250523,7.91,8.01,up
9854,600269,20250508,5.23,5.37,up
9855,600269,20250515,5.32,5.27,down
9856,600269,20250524,5.26,5.27,up
9857,600271,20250516,8.52,8.69,up
9858,600271,20250524,8.41,8.55,up
9859,600272,20250508,13.82,13.61,down
9860,600272,20250516,13.52,13.61,up
9861,600272,20250524,13.76,13.79,up
9862,600273,20250501,8.55,8.51,down
9863,600273,20250507,8.55,8.52,down
9864,600273,20250523,8.46,8.37,down
9865,600273,20250530,8.12,8.32,up
9866,600276,20250506,51.0,51.51,up
9867,600276,20250508,51.56,52.81,up
9868,600276,20250509,52.81,50.69,down
9869,600276,20250510,52.81,50.69,down
9870,600276,20250513,51.23,52.9,up
9871,600276,20250515,53.69,53.85,up
9872,600276,20250516,53.85,53.45,down
9873,600276,20250519,53.45,54.45,up
9874,600276,20250522,55.6,54.5,down
9875,600276,20250523,54.5,53.35,down
9876,600276,20250524,54.5,53.35,down
9877,600276,20250527,53.42,54.25,up
9878,600276,20250530,54.74,54.88,up
9879,600276,20250531,54.74,54.88,up
9880,600278,20250513,7.7,8.08,up
9881,600279,20250510,5.41,5.41,up
9882,600279,20250516,5.76,6.04,up
9883,600279,20250523,6.51,6.38,down
9884,600279,20250529,6.24,6.09,down
9885,600280,20250509,3.45,3.46,up
9886,600280,20250513,3.46,3.46,up
9887,600280,20250521,3.51,3.43,down
9888,600281,20250508,4.73,4.31,down
9889,600281,20250516,5.05,5.56,up
9890,600281,20250520,5.9,5.41,down
9891,600281,20250521,5.41,5.21,down
9892,600281,20250528,5.32,5.2,down
9893,600282,20250509,4.34,4.35,up
9894,600282,20250510,4.34,4.35,up
9895,600282,20250513,4.41,4.36,down
9896,600282,20250517,4.27,4.27,up
9897,600282,20250520,4.26,4.27,up
9898,600282,20250528,4.29,4.27,down
9899,600283,20250509,10.61,10.66,up
9900,600284,20250516,7.04,7.17,up
9901,600285,20250517,23.72,23.51,down
9902,600285,20250521,23.31,23.21,down
9903,600287,20250523,4.99,4.99,up
9904,600287,20250529,5.0,5.09,up
9905,600287,20250531,5.09,5.27,up
9906,600288,20250513,9.14,9.08,down
9907,600289,20250509,5.78,5.64,down
9908,600289,20250510,5.78,5.64,down
9909,600289,20250530,5.1,5.03,down
9910,600292,20250515,13.15,12.74,down
9911,600292,20250516,12.74,13.07,up
9912,600293,20250509,3.04,3.07,up
9913,600293,20250517,3.05,3.06,up
9914,600293,20250520,3.0,3.01,up
9915,600293,20250523,2.97,3.0,up
9916,600295,20250509,9.02,9.12,up
9917,600298,20250501,35.24,36.18,up
9918,600298,20250509,36.56,36.59,up
9919,600298,20250513,36.53,36.47,down
9920,600298,20250516,36.3,36.3,up
9921,600298,20250526,36.8,37.89,up
9922,600298,20250527,37.89,38.1,up
9923,600298,20250530,38.1,38.02,down
9924,600299,20250513,9.94,10.01,up
9925,600300,20250507,3.67,3.62,down
9926,600300,20250510,3.57,3.56,down
9927,600300,20250513,3.5,3.54,up
9928,600300,20250523,3.54,3.55,up
9929,600301,20250501,19.15,19.72,up
9930,600301,20250508,20.01,19.35,down
9931,600301,20250510,19.35,19.88,up
9932,600301,20250520,19.35,19.5,up
9933,600301,20250521,19.5,19.08,down
9934,600301,20250528,18.56,18.72,up
9935,600302,20250507,5.57,5.69,up
9936,600302,20250510,5.78,5.74,down
9937,600302,20250513,5.65,5.62,down
9938,600302,20250524,5.6,5.63,up
9939,600303,20250509,4.18,4.47,up
9940,600303,20250510,4.18,4.47,up
9941,600303,20250527,4.09,4.04,down
9942,600305,20250509,7.84,7.82,down
9943,600305,20250513,7.82,7.81,down
9944,600305,20250524,7.69,7.81,up
9945,600307,20250507,1.41,1.4,down
9946,600307,20250516,1.39,1.43,up
9947,600307,20250517,1.39,1.43,up
9948,600307,20250523,1.42,1.42,up
9949,600307,20250529,1.41,1.4,down
9950,600308,20250507,3.51,3.49,down
9951,600308,20250513,3.53,3.56,up
9952,600308,20250521,3.58,3.53,down
9953,600309,20250508,55.45,54.89,down
9954,600309,20250509,54.89,57.48,up
9955,600309,20250512,57.48,56.96,down
9956,600309,20250516,56.83,56.75,down
9957,600309,20250523,56.08,55.41,down
9958,600309,20250526,55.41,54.95,down
9959,600309,20250527,54.95,54.91,down
9960,600310,20250508,4.42,4.44,up
9961,600312,20250507,16.69,16.73,up
9962,600312,20250509,16.67,16.83,up
9963,600312,20250516,16.38,16.53,up
9964,600313,20250520,6.42,6.39,down
9965,600313,20250524,6.21,6.27,up
9966,600315,20250520,26.0,26.34,up
9967,600315,20250529,23.85,23.76,down
9968,600316,20250515,36.5,35.84,down
9969,600316,20250523,34.44,35.19,up
9970,600318,20250510,8.97,9.28,up
9971,600318,20250522,9.11,8.75,down
9972,600318,20250528,8.49,8.72,up
9973,600319,20250513,5.71,5.8,up
9974,600319,20250528,5.83,5.95,up
9975,600319,20250529,5.95,5.84,down
9976,600320,20250507,4.66,4.57,down
9977,600320,20250520,4.47,4.4,down
9978,600320,20250524,4.26,4.33,up
9979,600320,20250529,4.44,4.36,down
9980,600320,20250530,4.36,4.36,up
9981,600322,20250506,2.25,2.3,up
9982,600322,20250516,2.27,2.39,up
9983,600322,20250522,2.41,2.48,up
9984,600322,20250523,2.48,2.43,down
9985,600323,20250501,23.2,23.28,up
9986,600323,20250508,23.23,23.74,up
9987,600323,20250513,24.01,23.82,down
9988,600323,20250521,25.2,24.82,down
9989,600325,20250508,5.18,5.09,down
9990,600325,20250520,5.09,5.08,down
9991,600325,20250530,4.91,4.9,down
9992,600325,20250531,4.91,4.9,down
9993,600326,20250501,6.99,7.02,up
9994,600326,20250507,7.2,7.31,up
9995,600326,20250510,7.06,7.21,up
9996,600326,20250530,7.6,7.89,up
9997,600327,20250509,4.87,4.88,up
9998,600327,20250513,4.87,4.89,up
9999,600327,20250530,4.79,4.88,up
10000,600328,20250507,7.17,7.15,down
10001,600328,20250509,7.12,7.15,up
10002,600328,20250515,7.07,7.11,up
10003,600328,20250520,7.14,7.15,up
10004,600329,20250508,29.85,29.86,up
10005,600329,20250512,29.79,29.88,up
10006,600329,20250516,31.1,31.34,up
10007,600329,20250530,33.98,34.6,up
10008,600330,20250507,6.77,6.83,up
10009,600330,20250509,6.84,6.97,up
10010,600330,20250524,6.64,6.71,up
10011,600331,20250501,6.67,6.65,down
10012,600331,20250508,6.94,6.84,down
10013,600331,20250510,6.84,6.97,up
10014,600331,20250516,7.0,7.06,up
10015,600331,20250523,7.39,7.45,up
10016,600332,20250507,26.62,26.52,down
10017,600332,20250510,26.51,26.63,up
10018,600332,20250513,26.83,26.76,down
10019,600332,20250520,27.06,27.11,up
10020,600332,20250521,27.11,27.04,down
10021,600332,20250523,26.92,26.75,down
10022,600332,20250529,26.91,27.03,up
10023,600332,20250530,27.03,27.27,up
10024,600333,20250517,4.69,4.71,up
10025,600333,20250523,4.61,4.66,up
10026,600333,20250528,4.69,4.73,up
10027,600335,20250528,6.47,6.55,up
10028,600336,20250506,7.0,7.1,up
10029,600336,20250513,7.0,6.98,down
10030,600336,20250519,7.66,7.98,up
10031,600336,20250524,7.17,7.35,up
10032,600337,20250508,2.02,2.02,up
10033,600337,20250517,2.17,2.25,up
10034,600337,20250523,2.11,2.14,up
10035,600337,20250524,2.11,2.14,up
10036,600337,20250529,2.23,2.15,down
10037,600338,20250528,9.81,9.88,up
10038,600338,20250529,9.88,9.75,down
10039,600339,20250515,3.16,3.11,down
10040,600339,20250524,3.09,3.11,up
10041,600340,20250507,2.48,2.53,up
10042,600340,20250517,2.83,3.11,up
10043,600340,20250520,2.96,2.66,down
10044,600340,20250523,2.41,2.34,down
10045,600340,20250524,2.41,2.34,down
10046,600343,20250501,10.92,11.08,up
10047,600343,20250515,11.72,11.87,up
10048,600343,20250521,12.42,11.81,down
10049,600343,20250527,11.76,11.51,down
10050,600343,20250528,11.51,11.87,up
10051,600345,20250515,23.24,24.52,up
10052,600345,20250523,23.25,23.48,up
10053,600345,20250530,23.36,23.46,up
10054,600346,20250501,15.29,15.63,up
10055,600346,20250509,15.65,15.62,down
10056,600346,20250517,15.97,15.78,down
10057,600346,20250520,15.8,15.86,up
10058,600348,20250515,6.73,6.71,down
10059,600348,20250520,6.68,6.84,up
10060,600348,20250527,6.59,6.67,up
10061,600350,20250508,10.8,10.94,up
10062,600350,20250509,10.94,10.81,down
10063,600350,20250513,10.81,10.7,down
10064,600350,20250515,10.86,10.82,down
10065,600350,20250516,10.82,10.87,up
10066,600350,20250517,10.82,10.87,up
10067,600350,20250522,11.17,11.07,down
10068,600350,20250528,11.26,11.26,up
10069,600350,20250529,11.26,11.44,up
10070,600350,20250530,11.44,11.2,down
10071,600351,20250513,6.1,6.11,up
10072,600351,20250515,6.18,6.19,up
10073,600351,20250517,6.19,6.2,up
10074,600351,20250524,6.27,6.25,down
10075,600351,20250530,6.08,6.2,up
10076,600352,20250523,9.92,9.84,down
10077,600352,20250531,9.81,9.94,up
10078,600353,20250507,9.12,9.17,up
10079,600353,20250509,9.09,9.22,up
10080,600353,20250510,9.09,9.22,up
10081,600353,20250516,9.59,9.61,up
10082,600353,20250521,8.97,9.12,up
10083,600353,20250524,9.88,10.52,up
10084,600354,20250510,6.27,6.14,down
10085,600354,20250513,6.16,6.21,up
10086,600355,20250507,2.61,2.48,down
10087,600355,20250523,2.62,2.71,up
10088,600355,20250529,3.0,2.96,down
10089,600355,20250531,2.96,2.87,down
10090,600356,20250510,7.81,7.8,down
10091,600356,20250520,8.2,8.13,down
10092,600356,20250524,8.02,8.11,up
10093,600358,20250515,4.73,4.97,up
10094,600358,20250516,4.73,4.97,up
10095,600358,20250529,4.97,5.22,up
10096,600358,20250531,5.22,5.48,up
10097,600359,20250520,6.98,6.95,down
10098,600360,20250513,6.44,6.45,up
10099,600360,20250520,6.47,6.53,up
10100,600360,20250521,6.53,6.58,up
10101,600360,20250527,6.93,6.76,down
10102,600361,20250507,3.89,3.91,up
10103,600361,20250510,3.86,3.9,up
10104,600361,20250516,3.89,3.95,up
10105,600361,20250520,3.94,3.92,down
10106,600361,20250528,3.87,3.91,up
10107,600362,20250510,21.53,21.92,up
10108,600362,20250516,21.72,21.6,down
10109,600362,20250527,21.28,21.34,up
10110,600363,20250508,58.8,57.93,down
10111,600363,20250510,57.93,61.04,up
10112,600363,20250520,59.37,58.14,down
10113,600363,20250527,61.18,61.33,up
10114,600365,20250523,2.93,3.05,up
10115,600365,20250531,3.37,3.2,down
10116,600366,20250507,8.09,8.07,down
10117,600366,20250508,8.07,8.08,up
10118,600366,20250521,8.15,8.02,down
10119,600366,20250523,7.96,8.02,up
10120,600366,20250531,7.82,7.86,up
10121,600367,20250508,14.11,13.8,down
10122,600367,20250513,13.8,13.89,up
10123,600367,20250524,13.35,13.38,up
10124,600368,20250509,4.53,4.5,down
10125,600369,20250524,4.13,4.11,down
10126,600369,20250530,4.15,4.19,up
10127,600370,20250507,1.84,1.86,up
10128,600370,20250509,1.84,1.88,up
10129,600370,20250516,2.07,2.08,up
10130,600370,20250524,1.9,1.94,up
10131,600370,20250527,1.99,1.96,down
10132,600370,20250531,1.96,1.99,up
10133,600371,20250513,9.22,9.29,up
10134,600371,20250524,9.02,9.17,up
10135,600372,20250506,10.95,11.33,up
10136,600372,20250507,11.33,11.62,up
10137,600372,20250530,11.59,11.64,up
10138,600373,20250507,10.67,10.69,up
10139,600373,20250510,10.57,10.62,up
10140,600373,20250516,10.43,10.46,up
10141,600373,20250523,10.42,10.53,up
10142,600375,20250507,5.71,6.28,up
10143,600375,20250515,6.01,5.99,down
10144,600376,20250501,2.37,2.39,up
10145,600376,20250510,2.4,2.39,down
10146,600376,20250521,2.45,2.39,down
10147,600376,20250522,2.39,2.34,down
10148,600376,20250530,2.41,2.4,down
10149,600377,20250527,15.78,16.01,up
10150,600378,20250515,25.82,25.16,down
10151,600378,20250523,24.38,24.36,down
10152,600378,20250529,23.99,23.96,down
10153,600379,20250509,9.68,9.68,up
10154,600379,20250513,9.6,9.58,down
10155,600379,20250517,9.64,9.79,up
10156,600379,20250523,10.85,10.62,down
10157,600380,20250507,10.69,10.69,up
10158,600380,20250510,10.71,10.69,down
10159,600380,20250513,10.75,10.74,down
10160,600380,20250523,10.89,10.74,down
10161,600380,20250528,10.82,11.02,up
10162,600380,20250530,11.15,11.47,up
10163,600381,20250508,3.59,3.74,up
10164,600381,20250509,3.74,3.73,down
10165,600381,20250513,3.71,3.68,down
10166,600381,20250524,3.83,3.93,up
10167,600381,20250527,3.87,3.8,down
10168,600382,20250501,4.57,4.78,up
10169,600382,20250507,4.89,4.88,down
10170,600382,20250510,4.88,4.86,down
10171,600382,20250513,4.82,4.86,up
10172,600382,20250516,4.84,4.93,up
10173,600382,20250521,5.05,4.96,down
10174,600383,20250509,4.16,4.19,up
10175,600383,20250530,3.85,3.71,down
10176,600388,20250501,11.56,11.71,up
10177,600388,20250508,11.79,11.96,up
10178,600388,20250509,11.96,11.98,up
10179,600388,20250530,11.42,11.44,up
10180,600389,20250501,16.43,17.03,up
10181,600389,20250514,16.74,16.69,down
10182,600389,20250530,19.16,18.55,down
10183,600390,20250501,5.21,5.44,up
10184,600390,20250510,5.35,5.42,up
10185,600390,20250517,5.38,5.4,up
10186,600390,20250524,5.28,5.3,up
10187,600391,20250520,24.34,23.91,down
10188,600391,20250529,25.1,26.5,up
10189,600392,20250508,12.1,11.87,down
10190,600392,20250509,11.87,12.07,up
10191,600392,20250514,12.3,13.12,up
10192,600392,20250515,13.12,12.55,down
10193,600395,20250501,4.54,4.56,up
10194,600395,20250517,4.63,4.67,up
10195,600395,20250523,4.66,4.6,down
10196,600395,20250531,4.59,4.56,down
10197,600396,20250508,3.43,3.76,up
10198,600396,20250509,3.76,3.49,down
10199,600396,20250515,3.33,3.29,down
10200,600396,20250529,3.15,3.09,down
10201,600397,20250501,4.88,5.03,up
10202,600397,20250507,5.14,5.13,down
10203,600397,20250510,5.13,5.12,down
10204,600397,20250513,5.11,5.18,up
10205,600397,20250517,5.64,6.0,up
10206,600397,20250531,5.56,5.33,down
10207,600398,20250513,8.06,7.92,down
10208,600398,20250516,7.8,7.8,up
10209,600399,20250510,5.2,5.43,up
10210,600400,20250506,2.18,2.2,up
10211,600400,20250508,2.22,2.2,down
10212,600400,20250515,2.24,2.34,up
10213,600400,20250521,2.29,2.26,down
10214,600400,20250528,2.2,2.24,up
10215,600403,20250517,3.99,3.93,down
10216,600405,20250501,4.7,4.82,up
10217,600405,20250514,4.77,4.67,down
10218,600405,20250517,4.72,4.9,up
10219,600405,20250520,4.97,4.86,down
10220,600405,20250524,4.86,4.85,down
10221,600406,20250508,22.92,22.89,down
10222,600406,20250516,22.66,22.9,up
10223,600406,20250528,22.04,22.18,up
10224,600408,20250515,1.93,1.93,up
10225,600409,20250509,4.92,4.94,up
10226,600409,20250515,4.97,4.96,down
10227,600409,20250524,4.9,4.89,down
10228,600409,20250529,4.91,4.88,down
10229,600410,20250508,10.71,9.98,down
10230,600410,20250515,10.3,10.79,up
10231,600410,20250523,9.82,9.9,up
10232,600415,20250501,15.33,15.2,down
10233,600415,20250507,15.31,15.17,down
10234,600415,20250530,17.62,18.17,up
10235,600416,20250501,9.9,10.18,up
10236,600416,20250510,10.41,10.84,up
10237,600416,20250515,10.41,10.47,up
10238,600416,20250528,11.11,11.17,up
10239,600418,20250508,35.75,35.73,down
10240,600418,20250510,35.73,35.88,up
10241,600418,20250527,40.42,38.14,down
10242,600419,20250507,9.57,9.72,up
10243,600419,20250508,9.72,9.57,down
10244,600419,20250516,9.61,9.88,up
10245,600420,20250509,10.31,10.33,up
10246,600420,20250529,10.61,10.75,up
10247,600421,20250507,4.99,5.12,up
10248,600421,20250513,5.81,6.1,up
10249,600421,20250515,6.41,6.09,down
10250,600421,20250516,6.09,6.39,up
10251,600421,20250520,6.71,6.99,up
10252,600422,20250513,16.1,15.97,down
10253,600422,20250530,15.94,15.75,down
10254,600423,20250510,3.19,3.2,up
10255,600423,20250517,3.29,3.35,up
10256,600425,20250506,3.76,3.76,up
10257,600425,20250508,3.77,3.75,down
10258,600425,20250517,3.77,3.79,up
10259,600426,20250507,21.01,20.76,down
10260,600426,20250510,20.7,20.85,up
10261,600426,20250513,21.14,21.05,down
10262,600426,20250520,20.45,20.48,up
10263,600426,20250529,21.05,20.82,down
10264,600426,20250530,20.82,20.72,down
10265,600429,20250515,4.52,4.5,down
10266,600433,20250507,3.09,3.12,up
10267,600433,20250520,3.14,3.14,up
10268,600435,20250515,11.36,11.28,down
10269,600435,20250523,11.41,11.31,down
10270,600435,20250530,11.18,11.21,up
10271,600436,20250530,204.05,204.8,up
10272,600436,20250531,204.05,204.8,up
10273,600438,20250501,16.31,16.63,up
10274,600438,20250508,16.9,16.5,down
10275,600438,20250510,16.5,17.06,up
10276,600438,20250513,18.35,17.79,down
10277,600438,20250521,17.18,16.99,down
10278,600438,20250530,16.29,16.19,down
10279,600439,20250516,3.49,3.66,up
10280,600439,20250517,3.49,3.66,up
10281,600439,20250523,3.41,3.75,up
10282,600439,20250524,3.41,3.75,up
10283,600444,20250523,15.17,16.01,up
10284,600444,20250530,16.36,16.29,down
10285,600446,20250501,14.7,15.28,up
10286,600446,20250513,15.19,15.47,up
10287,600446,20250516,15.06,15.55,up
10288,600446,20250520,15.5,15.54,up
10289,600446,20250524,15.37,14.91,down
10290,600446,20250526,14.91,14.78,down
10291,600446,20250531,15.98,16.28,up
10292,600448,20250508,3.58,3.94,up
10293,600448,20250509,3.94,4.1,up
10294,600448,20250510,3.94,4.1,up
10295,600448,20250513,4.51,4.8,up
10296,600448,20250516,5.13,5.27,up
10297,600448,20250520,4.87,4.58,down
10298,600448,20250523,3.91,3.91,up
10299,600449,20250528,13.0,13.96,up
10300,600452,20250510,9.66,9.64,down
10301,600452,20250515,9.54,9.52,down
10302,600452,20250516,9.52,9.48,down
10303,600452,20250522,9.62,10.08,up
10304,600452,20250524,10.08,9.9,down
10305,600455,20250513,25.15,25.2,up
10306,600456,20250501,29.18,29.79,up
10307,600456,20250513,30.32,30.26,down
10308,600456,20250515,29.73,30.15,up
10309,600458,20250515,11.5,11.69,up
10310,600458,20250524,11.43,11.63,up
10311,600458,20250529,11.67,11.44,down
10312,600459,20250509,13.39,13.54,up
10313,600459,20250510,13.39,13.54,up
10314,600459,20250516,13.42,13.41,down
10315,600460,20250501,25.02,25.31,up
10316,600460,20250507,25.15,25.16,up
10317,600460,20250510,24.81,25.27,up
10318,600460,20250523,24.4,24.54,up
10319,600460,20250531,24.02,23.88,down
10320,600461,20250508,9.63,9.6,down
10321,600461,20250513,9.62,9.59,down
10322,600461,20250517,9.5,9.55,up
10323,600461,20250523,9.48,9.5,up
10324,600461,20250524,9.48,9.5,up
10325,600461,20250529,9.53,9.57,up
10326,600463,20250508,10.11,10.24,up
10327,600463,20250510,10.24,9.87,down
10328,600463,20250520,11.85,13.04,up
10329,600463,20250521,13.04,13.06,up
10330,600463,20250523,11.75,10.65,down
10331,600463,20250524,11.75,10.65,down
10332,600467,20250520,2.38,2.34,down
10333,600468,20250513,4.61,4.61,up
10334,600468,20250520,6.09,6.01,down
10335,600468,20250521,6.01,5.41,down
10336,600468,20250528,6.48,6.37,down
10337,600469,20250509,5.51,5.57,up
10338,600469,20250517,5.58,5.68,up
10339,600469,20250528,5.56,5.64,up
10340,600470,20250527,6.05,5.87,down
10341,600470,20250530,5.8,5.94,up
10342,600475,20250507,9.55,9.54,down
10343,600475,20250509,9.66,9.66,up
10344,600475,20250520,10.08,10.06,down
10345,600475,20250521,10.06,10.5,up
10346,600475,20250524,10.2,10.44,up
10347,600476,20250523,16.6,18.26,up
10348,600477,20250516,2.6,2.62,up
10349,600477,20250521,2.62,2.56,down
10350,600477,20250524,2.54,2.57,up
10351,600477,20250529,2.59,2.57,down
10352,600478,20250510,4.88,4.98,up
10353,600478,20250515,4.81,4.83,up
10354,600478,20250520,4.87,4.97,up
10355,600478,20250521,4.97,4.8,down
10356,600478,20250524,4.67,4.74,up
10357,600478,20250527,4.76,4.69,down
10358,600479,20250523,10.39,10.23,down
10359,600479,20250530,10.53,10.69,up
10360,600480,20250513,16.71,16.35,down
10361,600480,20250515,15.56,15.95,up
10362,600480,20250516,15.95,15.55,down
10363,600480,20250521,15.9,15.74,down
10364,600480,20250527,16.68,16.31,down
10365,600480,20250530,15.35,15.23,down
10366,600481,20250501,4.39,4.55,up
10367,600481,20250507,4.58,4.69,up
10368,600481,20250508,4.69,4.57,down
10369,600481,20250509,4.57,4.68,up
10370,600481,20250514,4.75,4.61,down
10371,600481,20250515,4.61,4.6,down
10372,600481,20250523,4.51,4.54,up
10373,600482,20250508,21.78,21.7,down
10374,600482,20250521,22.0,21.77,down
10375,600482,20250523,21.58,21.59,up
10376,600482,20250524,21.58,21.59,up
10377,600482,20250530,21.79,21.8,up
10378,600483,20250506,9.7,9.69,down
10379,600483,20250516,9.71,9.71,up
10380,600486,20250517,51.55,51.36,down
10381,600486,20250523,51.66,51.38,down
10382,600486,20250527,53.56,54.56,up
10383,600487,20250513,15.85,15.87,up
10384,600487,20250521,15.18,15.04,down
10385,600488,20250501,4.05,4.07,up
10386,600488,20250513,4.09,4.08,down
10387,600488,20250517,4.13,4.17,up
10388,600489,20250520,13.55,14.0,up
10389,600489,20250524,13.9,14.42,up
10390,600489,20250528,14.16,13.88,down
10391,600490,20250501,4.81,4.73,down
10392,600490,20250508,4.61,4.61,up
10393,600490,20250516,4.42,4.34,down
10394,600490,20250522,4.39,4.37,down
10395,600491,20250510,4.0,3.97,down
10396,600491,20250517,3.97,3.93,down
10397,600491,20250521,3.89,3.85,down
10398,600491,20250527,3.91,3.8,down
10399,600491,20250530,3.81,3.83,up
10400,600493,20250506,5.51,5.6,up
10401,600493,20250520,5.81,5.91,up
10402,600495,20250515,4.12,4.15,up
10403,600495,20250529,5.11,5.31,up
10404,600496,20250501,3.18,3.23,up
10405,600496,20250507,3.2,3.24,up
10406,600496,20250510,3.22,3.2,down
10407,600496,20250515,3.17,3.18,up
10408,600496,20250516,3.18,3.2,up
10409,600496,20250520,3.22,3.22,up
10410,600496,20250523,3.13,3.12,down
10411,600496,20250527,3.12,3.13,up
10412,600496,20250528,3.13,3.17,up
10413,600497,20250508,5.21,5.19,down
10414,600498,20250512,22.19,21.87,down
10415,600498,20250517,20.89,20.84,down
10416,600498,20250530,20.08,19.95,down
10417,600499,20250520,10.32,10.13,down
10418,600499,20250527,10.02,9.93,down
10419,600499,20250531,10.3,10.16,down
10420,600500,20250517,4.09,4.01,down
10421,600500,20250524,3.82,3.87,up
10422,600501,20250513,19.56,19.28,down
10423,600501,20250520,20.68,20.03,down
10424,600501,20250522,19.75,19.87,up
10425,600501,20250527,20.16,19.95,down
10426,600501,20250528,19.95,20.5,up
10427,600501,20250531,20.01,18.98,down
10428,600502,20250512,4.65,4.68,up
10429,600502,20250517,4.66,4.68,up
10430,600502,20250524,4.61,4.65,up
10431,600502,20250531,4.74,4.73,down
10432,600503,20250501,2.52,2.77,up
10433,600503,20250510,2.7,2.74,up
10434,600503,20250517,2.68,2.79,up
10435,600505,20250507,15.64,15.97,up
10436,600505,20250513,15.48,16.35,up
10437,600505,20250516,15.44,15.15,down
10438,600505,20250521,17.19,17.58,up
10439,600505,20250527,16.49,15.8,down
10440,600506,20250509,19.61,19.69,up
10441,600506,20250510,19.61,19.69,up
10442,600506,20250513,19.5,19.81,up
10443,600506,20250517,19.43,19.72,up
10444,600506,20250520,20.07,19.66,down
10445,600506,20250527,18.94,18.66,down
10446,600506,20250528,18.66,18.8,up
10447,600507,20250501,4.45,4.46,up
10448,600507,20250517,4.35,4.4,up
10449,600507,20250530,4.26,4.17,down
10450,600508,20250523,11.28,11.25,down
10451,600509,20250501,7.0,6.94,down
10452,600509,20250508,6.85,6.96,up
10453,600509,20250516,6.79,6.89,up
10454,600509,20250517,6.79,6.89,up
10455,600509,20250531,6.38,6.32,down
10456,600510,20250501,5.21,5.26,up
10457,600510,20250513,5.02,5.02,up
10458,600512,20250508,2.27,2.25,down
10459,600512,20250510,2.25,2.24,down
10460,600513,20250501,8.99,8.87,down
10461,600513,20250510,9.05,9.11,up
10462,600513,20250527,9.35,9.27,down
10463,600513,20250529,9.53,9.58,up
10464,600515,20250501,3.51,3.6,up
10465,600515,20250507,3.58,3.58,up
10466,600515,20250510,3.54,3.55,up
10467,600515,20250515,3.52,3.53,up
10468,600515,20250516,3.53,3.55,up
10469,600515,20250523,3.46,3.43,down
10470,600515,20250530,3.45,3.41,down
10471,600516,20250510,4.71,4.76,up
10472,600516,20250517,4.77,4.73,down
10473,600516,20250523,4.61,4.65,up
10474,600516,20250524,4.61,4.65,up
10475,600517,20250507,4.95,5.01,up
10476,600517,20250516,4.89,4.92,up
10477,600517,20250517,4.89,4.92,up
10478,600518,20250513,1.98,1.99,up
10479,600518,20250516,1.97,1.98,up
10480,600519,20250508,1578.19,1591.18,up
10481,600519,20250515,1632.01,1614.13,down
10482,600519,20250517,1614.13,1578.98,down
10483,600519,20250520,1586.0,1580.97,down
10484,600520,20250520,30.13,29.24,down
10485,600520,20250522,28.7,28.16,down
10486,600520,20250531,27.39,27.48,up
10487,600521,20250501,14.35,14.35,up
10488,600521,20250516,14.33,14.2,down
10489,600521,20250523,16.74,16.03,down
10490,600521,20250524,16.74,16.03,down
10491,600521,20250526,16.03,16.35,up
10492,600521,20250527,16.35,16.32,down
10493,600521,20250531,17.29,18.61,up
10494,600522,20250507,13.98,14.17,up
10495,600523,20250527,14.55,14.07,down
10496,600525,20250501,3.44,3.27,down
10497,600525,20250508,3.11,3.18,up
10498,600525,20250509,3.18,3.22,up
10499,600525,20250520,3.42,3.54,up
10500,600525,20250522,3.47,3.33,down
10501,600525,20250531,3.38,3.34,down
10502,600526,20250501,4.69,4.78,up
10503,600526,20250530,4.87,4.92,up
10504,600527,20250501,2.02,2.06,up
10505,600527,20250513,2.14,2.23,up
10506,600527,20250515,2.32,2.2,down
10507,600527,20250517,2.2,2.34,up
10508,600527,20250520,2.31,2.24,down
10509,600527,20250523,2.14,2.16,up
10510,600528,20250508,7.5,7.45,down
10511,600529,20250501,22.18,22.09,down
10512,600529,20250513,21.96,21.91,down
10513,600529,20250516,21.61,21.78,up
10514,600529,20250517,21.61,21.78,up
10515,600529,20250527,21.39,21.34,down
10516,600530,20250510,5.31,5.64,up
10517,600530,20250515,7.5,7.2,down
10518,600530,20250516,7.2,7.92,up
10519,600530,20250521,7.62,7.03,down
10520,600530,20250528,8.45,7.98,down
10521,600530,20250530,7.6,8.36,up
10522,600531,20250501,6.88,7.1,up
10523,600531,20250515,6.95,6.95,up
10524,600531,20250516,6.95,6.99,up
10525,600531,20250517,6.95,6.99,up
10526,600531,20250520,6.99,7.11,up
10527,600531,20250524,7.05,7.1,up
10528,600531,20250527,6.93,6.96,up
10529,600533,20250520,2.35,2.36,up
10530,600533,20250530,2.36,2.38,up
10531,600535,20250508,15.36,15.39,up
10532,600535,20250509,15.39,15.23,down
10533,600535,20250515,15.32,16.15,up
10534,600535,20250529,16.0,16.33,up
10535,600536,20250508,46.17,46.35,up
10536,600536,20250513,45.39,45.59,up
10537,600536,20250516,44.51,44.82,up
10538,600536,20250520,44.98,44.54,down
10539,600536,20250527,45.81,44.4,down
10540,600537,20250514,2.96,2.92,down
10541,600537,20250521,2.95,2.87,down
10542,600537,20250527,2.92,2.82,down
10543,600537,20250531,2.8,2.79,down
10544,600538,20250501,5.31,5.56,up
10545,600538,20250506,5.56,5.63,up
10546,600538,20250517,5.83,5.72,down
10547,600539,20250507,11.98,11.94,down
10548,600539,20250508,11.94,12.06,up
10549,600539,20250515,12.03,12.33,up
10550,600539,20250517,12.33,12.31,down
10551,600540,20250513,4.65,4.76,up
10552,600540,20250516,4.71,4.8,up
10553,600540,20250521,4.87,4.75,down
10554,600540,20250523,4.63,4.68,up
10555,600540,20250528,4.67,4.69,up
10556,600543,20250528,5.43,5.45,up
10557,600545,20250508,2.29,2.23,down
10558,600545,20250516,2.25,2.31,up
10559,600546,20250510,9.45,9.52,up
10560,600546,20250521,10.03,9.8,down
10561,600546,20250528,9.72,9.71,down
10562,600546,20250529,9.71,9.73,up
10563,600547,20250507,31.12,30.36,down
10564,600547,20250520,29.35,30.7,up
10565,600547,20250529,29.88,30.0,up
10566,600548,20250516,11.23,11.39,up
10567,600548,20250528,11.36,11.27,down
10568,600548,20250530,11.31,11.03,down
10569,600549,20250510,19.39,19.8,up
10570,600549,20250513,19.62,19.94,up
10571,600549,20250515,20.01,20.56,up
10572,600549,20250516,20.56,20.08,down
10573,600549,20250522,19.44,19.54,up
10574,600549,20250529,19.8,19.4,down
10575,600550,20250509,7.75,7.82,up
10576,600550,20250521,9.7,8.97,down
10577,600550,20250530,8.85,9.39,up
10578,600551,20250510,7.85,7.83,down
10579,600551,20250513,7.82,7.77,down
10580,600551,20250528,8.07,8.88,up
10581,600551,20250531,9.77,8.98,down
10582,600552,20250520,11.61,11.46,down
10583,600552,20250527,10.99,11.01,up
10584,600556,20250521,4.84,4.78,down
10585,600556,20250529,4.96,4.81,down
10586,600557,20250527,12.88,12.87,down
10587,600557,20250531,13.26,13.58,up
10588,600558,20250526,5.57,5.68,up
10589,600558,20250527,5.68,5.8,up
10590,600559,20250510,17.73,17.79,up
10591,600559,20250521,17.37,17.23,down
10592,600561,20250513,5.93,5.93,up
10593,600561,20250515,6.02,6.06,up
10594,600561,20250527,6.36,6.33,down
10595,600561,20250530,6.53,7.18,up
10596,600562,20250507,23.07,24.96,up
10597,600562,20250514,25.03,24.23,down
10598,600563,20250508,107.63,106.81,down
10599,600566,20250508,26.89,26.9,up
10600,600566,20250510,26.9,26.61,down
10601,600566,20250513,26.98,26.72,down
10602,600566,20250517,26.86,27.21,up
10603,600566,20250524,27.15,26.77,down
10604,600566,20250531,27.02,27.7,up
10605,600567,20250522,1.74,1.73,down
10606,600567,20250527,1.73,1.72,down
10607,600568,20250507,1.35,1.36,up
10608,600568,20250510,1.34,1.34,up
10609,600568,20250513,1.41,1.48,up
10610,600568,20250515,1.41,1.4,down
10611,600568,20250523,1.42,1.47,up
10612,600568,20250531,1.59,1.67,up
10613,600569,20250516,1.86,1.92,up
10614,600569,20250524,1.88,1.91,up
10615,600570,20250521,26.49,26.14,down
10616,600570,20250530,26.31,26.71,up
10617,600571,20250507,16.21,16.17,down
10618,600571,20250508,16.17,15.31,down
10619,600571,20250509,15.31,15.81,up
10620,600571,20250530,15.48,15.8,up
10621,600572,20250517,4.45,4.43,down
10622,600572,20250524,4.45,4.41,down
10623,600572,20250528,4.44,4.49,up
10624,600573,20250508,11.6,11.91,up
10625,600575,20250509,3.84,4.04,up
10626,600575,20250524,3.69,3.74,up
10627,600576,20250507,9.61,9.68,up
10628,600576,20250517,9.95,10.29,up
10629,600576,20250523,10.33,10.26,down
10630,600577,20250508,7.25,7.14,down
10631,600577,20250524,7.25,7.5,up
10632,600577,20250529,7.8,7.4,down
10633,600578,20250530,4.36,4.35,down
10634,600579,20250501,7.2,7.37,up
10635,600579,20250517,7.51,7.68,up
10636,600579,20250529,7.71,7.55,down
10637,600580,20250512,26.42,26.13,down
10638,600580,20250520,24.72,25.37,up
10639,600580,20250528,23.19,23.57,up
10640,600581,20250516,3.24,3.32,up
10641,600582,20250523,6.23,6.17,down
10642,600584,20250510,33.69,34.15,up
10643,600584,20250516,33.68,33.46,down
10644,600584,20250528,32.06,32.69,up
10645,600584,20250531,32.16,32.03,down
10646,600585,20250524,23.61,23.1,down
10647,600585,20250530,23.23,22.78,down
10648,600586,20250507,4.74,4.73,down
10649,600586,20250508,4.73,4.76,up
10650,600586,20250510,4.76,4.88,up
10651,600586,20250513,4.94,4.89,down
10652,600587,20250513,15.36,15.36,up
10653,600587,20250527,15.37,15.31,down
10654,600588,20250507,14.51,14.5,down
10655,600588,20250515,13.47,13.33,down
10656,600588,20250527,13.15,12.95,down
10657,600589,20250510,7.6,7.81,up
10658,600589,20250513,8.03,8.14,up
10659,600589,20250514,8.14,7.61,down
10660,600589,20250524,7.15,7.4,up
10661,600589,20250530,6.99,6.81,down
10662,600590,20250507,10.01,10.03,up
10663,600590,20250515,9.08,9.12,up
10664,600590,20250521,8.85,8.84,down
10665,600590,20250523,8.49,8.75,up
10666,600590,20250529,8.7,8.29,down
10667,600592,20250507,27.15,29.0,up
10668,600592,20250508,29.0,27.2,down
10669,600592,20250517,29.02,26.74,down
10670,600592,20250523,25.96,24.88,down
10671,600593,20250508,29.27,28.66,down
10672,600593,20250523,29.51,29.74,up
10673,600593,20250529,29.03,28.67,down
10674,600594,20250501,3.52,3.63,up
10675,600594,20250510,3.71,3.67,down
10676,600594,20250517,3.81,3.81,up
10677,600595,20250508,3.78,3.75,down
10678,600595,20250516,3.88,3.79,down
10679,600595,20250520,3.8,3.84,up
10680,600595,20250522,3.7,3.7,up
10681,600595,20250531,3.63,3.64,up
10682,600596,20250508,7.81,7.71,down
10683,600596,20250509,7.71,7.86,up
10684,600596,20250513,7.91,7.92,up
10685,600596,20250516,8.33,8.15,down
10686,600596,20250524,7.94,7.93,down
10687,600598,20250513,15.02,15.12,up
10688,600598,20250517,14.95,15.17,up
10689,600599,20250509,7.7,7.79,up
10690,600600,20250507,74.57,74.38,down
10691,600600,20250508,74.38,74.17,down
10692,600600,20250521,73.26,72.4,down
10693,600600,20250523,71.97,72.2,up
10694,600600,20250527,73.75,76.0,up
10695,600602,20250501,23.48,24.3,up
10696,600602,20250530,20.06,20.07,up
10697,600603,20250501,7.26,7.25,down
10698,600603,20250507,7.28,7.32,up
10699,600603,20250508,7.32,7.2,down
10700,600603,20250516,7.17,7.33,up
10701,600604,20250508,4.66,4.54,down
10702,600604,20250517,4.38,4.51,up
10703,600604,20250520,4.47,4.51,up
10704,600604,20250529,4.4,4.45,up
10705,600605,20250513,35.8,36.03,up
10706,600605,20250515,35.12,36.12,up
10707,600605,20250529,39.09,38.88,down
10708,600606,20250507,1.78,1.75,down
10709,600606,20250510,1.71,1.73,up
10710,600606,20250522,1.71,1.67,down
10711,600608,20250508,3.36,3.43,up
10712,600608,20250521,3.65,3.62,down
10713,600608,20250529,3.95,3.78,down
10714,600609,20250507,5.8,5.68,down
10715,600609,20250509,5.53,5.61,up
10716,600610,20250509,11.84,11.87,up
10717,600610,20250513,13.06,14.37,up
10718,600610,20250515,13.28,14.61,up
10719,600610,20250516,14.61,16.07,up
10720,600610,20250520,16.64,15.79,down
10721,600610,20250521,15.79,14.21,down
10722,600610,20250523,14.64,16.09,up
10723,600610,20250527,15.72,14.52,down
10724,600611,20250508,6.5,6.34,down
10725,600611,20250513,6.51,6.47,down
10726,600611,20250524,6.4,6.58,up
10727,600611,20250530,6.66,6.63,down
10728,600612,20250506,48.62,50.24,up
10729,600612,20250507,50.24,49.39,down
10730,600613,20250509,6.25,6.22,down
10731,600613,20250510,6.25,6.22,down
10732,600613,20250515,6.2,6.36,up
10733,600613,20250517,6.36,6.38,up
10734,600613,20250520,6.43,6.42,down
10735,600613,20250524,6.36,6.29,down
10736,600613,20250529,6.48,6.48,up
10737,600615,20250510,12.5,13.02,up
10738,600616,20250516,5.61,5.75,up
10739,600616,20250524,5.99,6.27,up
10740,600617,20250508,2.64,2.67,up
10741,600617,20250515,2.63,2.61,down
10742,600617,20250527,2.6,2.6,up
10743,600619,20250515,11.49,11.62,up
10744,600619,20250517,11.62,11.86,up
10745,600619,20250522,11.74,11.52,down
10746,600620,20250530,5.18,5.35,up
10747,600621,20250514,14.6,14.1,down
10748,600621,20250515,14.1,13.89,down
10749,600621,20250517,13.89,13.93,up
10750,600621,20250530,14.03,14.21,up
10751,600622,20250507,2.86,2.86,up
10752,600622,20250517,2.77,2.91,up
10753,600622,20250522,2.78,2.69,down
10754,600622,20250527,2.73,2.7,down
10755,600622,20250529,2.74,2.7,down
10756,600623,20250507,7.08,7.02,down
10757,600623,20250508,7.02,7.13,up
10758,600623,20250513,7.17,7.22,up
10759,600623,20250520,7.27,7.25,down
10760,600623,20250528,7.12,7.14,up
10761,600623,20250531,7.07,7.22,up
10762,600624,20250520,7.04,7.3,up
10763,600624,20250527,7.2,6.97,down
10764,600626,20250508,3.4,3.39,down
10765,600626,20250515,3.44,3.43,down
10766,600626,20250528,3.41,3.49,up
10767,600628,20250501,7.26,7.34,up
10768,600628,20250530,7.33,7.39,up
10769,600629,20250510,8.21,8.23,up
10770,600629,20250527,8.45,8.36,down
10771,600630,20250531,8.32,8.43,up
10772,600633,20250529,13.32,12.89,down
10773,600635,20250507,3.89,3.85,down
10774,600635,20250508,3.85,3.82,down
10775,600635,20250517,3.82,3.89,up
10776,600636,20250508,7.37,7.39,up
10777,600636,20250521,7.83,7.58,down
10778,600636,20250531,8.05,8.0,down
10779,600637,20250516,7.33,7.41,up
10780,600638,20250516,5.29,5.39,up
10781,600638,20250527,5.3,5.3,up
10782,600638,20250528,5.3,5.33,up
10783,600639,20250508,10.61,10.55,down
10784,600639,20250530,10.61,10.62,up
10785,600640,20250508,11.83,11.58,down
10786,600640,20250513,11.71,11.73,up
10787,600640,20250519,11.93,11.95,up
10788,600640,20250531,11.72,11.75,up
10789,600641,20250507,14.57,14.57,up
10790,600641,20250510,14.22,14.35,up
10791,600641,20250513,14.29,14.3,up
10792,600641,20250517,13.91,14.13,up
10793,600642,20250517,8.97,8.95,down
10794,600642,20250529,9.05,8.98,down
10795,600642,20250531,8.98,8.84,down
10796,600643,20250510,4.72,4.77,up
10797,600643,20250515,4.8,4.75,down
10798,600643,20250521,4.81,4.74,down
10799,600643,20250523,4.62,4.64,up
10800,600644,20250513,11.34,12.47,up
10801,600644,20250515,12.97,12.61,down
10802,600644,20250517,12.61,12.66,up
10803,600644,20250520,13.93,15.32,up
10804,600644,20250522,16.2,14.58,down
10805,600644,20250527,16.78,16.18,down
10806,600644,20250528,16.18,15.47,down
10807,600645,20250510,21.99,22.23,up
10808,600645,20250515,22.28,22.69,up
10809,600645,20250521,22.43,22.08,down
10810,600648,20250507,11.36,11.32,down
10811,600648,20250527,11.14,11.08,down
10812,600648,20250528,11.08,11.13,up
10813,600649,20250531,4.22,4.2,down
10814,600651,20250516,4.07,4.1,up
10815,600651,20250530,3.95,4.35,up
10816,600654,20250507,3.12,3.16,up
10817,600654,20250510,3.07,3.1,up
10818,600654,20250515,3.02,3.03,up
10819,600654,20250523,2.93,2.97,up
10820,600655,20250501,5.62,5.63,up
10821,600655,20250507,5.68,5.63,down
10822,600655,20250520,5.73,5.72,down
10823,600655,20250528,5.85,5.71,down
10824,600657,20250509,4.15,4.18,up
10825,600657,20250510,4.15,4.18,up
10826,600657,20250517,4.09,4.21,up
10827,600658,20250508,4.2,4.14,down
10828,600658,20250517,4.14,4.55,up
10829,600658,20250530,4.62,4.64,up
10830,600658,20250531,4.62,4.64,up
10831,600660,20250507,57.56,58.24,up
10832,600661,20250501,10.16,10.46,up
10833,600661,20250508,10.46,10.29,down
10834,600661,20250516,9.93,10.11,up
10835,600661,20250529,10.03,9.9,down
10836,600662,20250508,5.1,5.08,down
10837,600663,20250507,8.9,8.85,down
10838,600663,20250521,9.03,9.0,down
10839,600663,20250527,8.99,9.06,up
10840,600663,20250531,9.24,9.29,up
10841,600664,20250507,3.65,3.64,down
10842,600664,20250516,3.86,3.79,down
10843,600664,20250531,3.83,3.91,up
10844,600665,20250513,3.1,3.1,up
10845,600665,20250516,3.09,3.19,up
10846,600665,20250523,3.13,3.14,up
10847,600665,20250531,3.17,3.16,down
10848,600666,20250508,2.7,2.61,down
10849,600667,20250501,6.32,6.5,up
10850,600667,20250507,6.56,6.59,up
10851,600667,20250513,6.55,6.56,up
10852,600667,20250515,6.47,6.43,down
10853,600667,20250517,6.43,6.49,up
10854,600667,20250520,6.51,6.45,down
10855,600667,20250529,6.4,6.33,down
10856,600668,20250508,13.89,13.79,down
10857,600668,20250515,14.15,14.27,up
10858,600668,20250517,14.27,14.6,up
10859,600668,20250523,14.44,14.26,down
10860,600671,20250517,13.52,13.26,down
10861,600671,20250527,12.45,12.26,down
10862,600671,20250529,12.56,12.88,up
10863,600673,20250501,9.69,10.2,up
10864,600673,20250507,10.06,10.16,up
10865,600673,20250509,10.09,10.1,up
10866,600673,20250513,10.01,10.1,up
10867,600673,20250517,10.03,9.95,down
10868,600673,20250527,9.69,9.56,down
10869,600674,20250510,17.23,17.09,down
10870,600674,20250515,17.27,17.05,down
10871,600674,20250521,17.46,17.52,up
10872,600674,20250523,17.23,17.24,up
10873,600674,20250530,16.85,16.64,down
10874,600675,20250528,2.82,2.83,up
10875,600675,20250530,2.85,2.87,up
10876,600676,20250508,4.32,4.26,down
10877,600676,20250513,4.24,4.32,up
10878,600676,20250516,4.31,4.43,up
10879,600676,20250531,5.3,5.51,up
10880,600678,20250507,8.08,7.88,down
10881,600678,20250510,8.27,8.18,down
10882,600678,20250516,7.81,7.93,up
10883,600678,20250524,7.56,7.74,up
10884,600678,20250530,8.72,8.59,down
10885,600679,20250515,13.61,13.58,down
10886,600679,20250523,13.11,13.39,up
10887,600679,20250530,13.86,13.83,down
10888,600681,20250501,3.39,3.55,up
10889,600681,20250512,3.49,3.5,up
10890,600681,20250514,3.51,3.5,down
10891,600681,20250521,3.58,3.53,down
10892,600682,20250516,6.53,6.67,up
10893,600683,20250508,3.83,3.76,down
10894,600683,20250516,3.77,3.93,up
10895,600683,20250531,3.87,3.9,up
10896,600684,20250501,3.49,3.51,up
10897,600684,20250531,3.7,3.72,up
10898,600685,20250501,23.82,24.06,up
10899,600685,20250507,24.69,24.83,up
10900,600685,20250521,24.52,24.26,down
10901,600685,20250528,24.23,24.42,up
10902,600686,20250501,12.72,13.19,up
10903,600686,20250509,12.92,13.13,up
10904,600686,20250514,12.99,12.79,down
10905,600686,20250517,13.02,12.93,down
10906,600686,20250520,13.03,13.58,up
10907,600686,20250522,12.99,12.7,down
10908,600686,20250531,14.22,13.89,down
10909,600688,20250501,2.89,2.89,up
10910,600688,20250506,2.89,2.93,up
10911,600688,20250507,2.93,2.91,down
10912,600688,20250508,2.91,2.88,down
10913,600688,20250509,2.88,2.87,down
10914,600688,20250510,2.88,2.87,down
10915,600688,20250513,2.89,2.92,up
10916,600688,20250515,2.91,2.88,down
10917,600688,20250517,2.88,2.9,up
10918,600688,20250520,2.88,2.87,down
10919,600688,20250523,2.83,2.83,up
10920,600688,20250524,2.83,2.83,up
10921,600688,20250528,2.83,2.83,up
10922,600688,20250531,2.82,2.8,down
10923,600689,20250507,11.69,11.81,up
10924,600689,20250513,11.68,12.1,up
10925,600689,20250520,12.38,12.24,down
10926,600689,20250530,12.12,12.05,down
10927,600690,20250507,25.18,25.41,up
10928,600690,20250510,25.39,26.13,up
10929,600690,20250523,25.76,25.51,down
10930,600690,20250529,25.4,25.04,down
10931,600691,20250515,2.21,2.21,up
10932,600691,20250531,2.11,2.11,up
10933,600692,20250515,6.73,6.72,down
10934,600693,20250507,6.5,7.15,up
10935,600693,20250515,6.62,6.59,down
10936,600693,20250517,6.59,6.79,up
10937,600694,20250510,25.37,25.36,down
10938,600694,20250517,24.61,24.94,up
10939,600694,20250530,23.59,24.05,up
10940,600696,20250501,5.95,6.25,up
10941,600696,20250514,6.14,6.2,up
10942,600696,20250517,6.06,6.36,up
10943,600696,20250520,6.68,7.01,up
10944,600696,20250522,7.36,7.43,up
10945,600696,20250523,7.43,7.52,up
10946,600696,20250524,7.43,7.52,up
10947,600697,20250513,11.95,12.06,up
10948,600697,20250521,12.39,12.1,down
10949,600698,20250510,6.43,6.59,up
10950,600698,20250517,6.64,7.3,up
10951,600698,20250521,8.83,7.95,down
10952,600699,20250508,16.74,16.46,down
10953,600699,20250513,16.98,17.03,up
10954,600699,20250531,17.77,17.62,down
10955,600702,20250507,57.7,57.87,up
10956,600702,20250516,55.66,54.73,down
10957,600703,20250501,12.29,12.38,up
10958,600703,20250508,12.6,12.38,down
10959,600703,20250510,12.38,12.58,up
10960,600703,20250513,12.52,12.58,up
10961,600703,20250517,12.44,12.63,up
10962,600703,20250520,12.69,12.74,up
10963,600704,20250508,5.21,5.27,up
10964,600704,20250515,5.33,5.28,down
10965,600704,20250516,5.28,5.36,up
10966,600704,20250520,5.37,5.36,down
10967,600704,20250521,5.36,5.32,down
10968,600704,20250522,5.32,5.22,down
10969,600704,20250530,5.23,5.19,down
10970,600706,20250507,9.11,9.26,up
10971,600706,20250508,9.26,9.16,down
10972,600706,20250512,9.17,9.17,up
10973,600706,20250514,8.86,8.83,down
10974,600706,20250523,8.97,9.1,up
10975,600707,20250507,6.83,6.87,up
10976,600707,20250508,6.87,6.64,down
10977,600707,20250513,6.79,6.77,down
10978,600707,20250528,6.15,6.25,up
10979,600708,20250527,3.58,3.49,down
10980,600708,20250530,3.6,3.59,down
10981,600710,20250508,9.68,9.57,down
10982,600710,20250514,9.92,9.64,down
10983,600711,20250510,5.64,5.65,up
10984,600711,20250513,5.54,5.55,up
10985,600711,20250527,5.48,5.42,down
10986,600712,20250528,6.01,5.97,down
10987,600712,20250529,5.97,5.99,up
10988,600713,20250507,5.14,5.17,up
10989,600713,20250510,5.12,5.13,up
10990,600713,20250520,5.18,5.19,up
10991,600713,20250523,5.1,5.04,down
10992,600713,20250529,5.11,5.17,up
10993,600713,20250530,5.17,5.24,up
10994,600714,20250509,10.68,10.92,up
10995,600714,20250517,10.86,10.94,up
10996,600714,20250527,10.44,10.31,down
10997,600714,20250529,10.4,10.12,down
10998,600714,20250531,10.12,10.22,up
10999,600715,20250507,2.44,2.39,down
11000,600715,20250524,2.22,2.27,up
11001,600715,20250531,2.31,2.33,up
11002,600716,20250523,3.44,3.45,up
11003,600717,20250520,4.75,4.74,down
11004,600717,20250528,4.55,4.59,up
11005,600718,20250501,10.03,10.27,up
11006,600718,20250516,9.94,9.97,up
11007,600718,20250520,9.97,9.85,down
11008,600718,20250524,9.62,9.69,up
11009,600718,20250527,9.6,9.61,up
11010,600718,20250531,9.67,9.73,up
11011,600719,20250527,6.82,6.7,down
11012,600720,20250527,7.9,7.91,up
11013,600720,20250531,7.98,7.95,down
11014,600721,20250516,7.22,7.2,down
11015,600722,20250507,5.32,5.35,up
11016,600722,20250530,5.02,5.06,up
11017,600724,20250508,4.68,4.59,down
11018,600724,20250510,4.59,4.5,down
11019,600724,20250520,4.81,4.69,down
11020,600725,20250501,3.09,3.17,up
11021,600725,20250509,3.23,3.2,down
11022,600725,20250513,3.21,3.25,up
11023,600725,20250517,3.21,3.34,up
11024,600726,20250522,2.44,2.39,down
11025,600727,20250501,7.34,7.54,up
11026,600727,20250510,7.5,7.51,up
11027,600728,20250509,5.57,5.62,up
11028,600728,20250512,5.62,5.53,down
11029,600728,20250513,5.53,5.51,down
11030,600728,20250517,5.39,5.44,up
11031,600728,20250527,5.23,5.23,up
11032,600728,20250530,5.28,5.33,up
11033,600729,20250513,30.83,30.97,up
11034,600729,20250516,30.78,31.2,up
11035,600729,20250521,31.63,30.72,down
11036,600729,20250528,29.74,29.65,down
11037,600730,20250509,6.23,6.23,up
11038,600730,20250516,6.13,6.32,up
11039,600731,20250508,6.53,6.41,down
11040,600731,20250514,6.47,6.35,down
11041,600731,20250521,6.45,6.29,down
11042,600731,20250530,6.5,6.7,up
11043,600732,20250507,10.83,10.9,up
11044,600732,20250508,10.9,10.51,down
11045,600732,20250513,11.47,11.44,down
11046,600732,20250515,11.27,11.31,up
11047,600732,20250516,11.31,11.54,up
11048,600732,20250517,11.31,11.54,up
11049,600732,20250521,11.54,11.46,down
11050,600732,20250529,11.23,11.08,down
11051,600732,20250530,11.08,10.78,down
11052,600733,20250506,7.55,7.57,up
11053,600733,20250510,7.46,7.66,up
11054,600733,20250522,7.45,7.58,up
11055,600733,20250531,7.23,7.15,down
11056,600734,20250507,4.15,4.19,up
11057,600734,20250509,4.07,4.11,up
11058,600734,20250517,4.0,4.15,up
11059,600735,20250507,6.04,5.91,down
11060,600735,20250510,6.17,6.29,up
11061,600735,20250516,8.0,7.9,down
11062,600735,20250517,8.0,7.9,down
11063,600735,20250520,7.69,7.77,up
11064,600735,20250522,8.17,8.06,down
11065,600736,20250510,5.46,5.5,up
11066,600736,20250517,5.48,5.55,up
11067,600737,20250515,9.27,9.25,down
11068,600738,20250513,4.89,4.92,up
11069,600738,20250522,5.29,5.21,down
11070,600739,20250501,10.0,10.21,up
11071,600739,20250507,10.3,10.32,up
11072,600739,20250516,10.81,10.81,up
11073,600739,20250523,10.55,10.62,up
11074,600739,20250524,10.55,10.62,up
11075,600739,20250531,10.58,10.64,up
11076,600740,20250507,3.58,3.56,down
11077,600740,20250515,3.61,3.59,down
11078,600740,20250517,3.59,3.63,up
11079,600741,20250508,18.12,18.13,up
11080,600741,20250531,18.1,17.93,down
11081,600742,20250509,9.69,9.82,up
11082,600742,20250513,9.92,9.86,down
11083,600742,20250521,10.1,10.02,down
11084,600743,20250513,1.83,1.85,up
11085,600743,20250515,1.83,1.81,down
11086,600743,20250516,1.81,1.99,up
11087,600743,20250523,1.87,1.89,up
11088,600743,20250527,1.92,1.9,down
11089,600743,20250530,2.16,2.19,up
11090,600744,20250516,4.97,4.89,down
11091,600745,20250507,34.55,34.32,down
11092,600745,20250508,34.32,34.13,down
11093,600745,20250510,34.13,34.61,up
11094,600745,20250515,34.16,34.22,up
11095,600745,20250517,34.22,34.0,down
11096,600745,20250520,35.13,34.63,down
11097,600745,20250523,35.08,34.59,down
11098,600745,20250524,35.08,34.59,down
11099,600745,20250528,33.77,34.64,up
11100,600745,20250531,33.96,32.96,down
11101,600746,20250507,8.61,8.62,up
11102,600746,20250513,8.41,8.63,up
11103,600746,20250517,8.44,8.46,up
11104,600746,20250524,8.01,8.16,up
11105,600748,20250517,3.11,3.23,up
11106,600749,20250527,11.18,11.19,up
11107,600749,20250531,11.19,11.38,up
11108,600750,20250510,22.75,22.57,down
11109,600750,20250517,23.1,22.98,down
11110,600750,20250527,22.84,22.87,up
11111,600751,20250508,2.83,2.79,down
11112,600751,20250515,2.94,2.93,down
11113,600751,20250517,2.93,3.0,up
11114,600751,20250523,2.85,2.94,up
11115,600751,20250524,2.85,2.94,up
11116,600753,20250507,5.13,5.28,up
11117,600753,20250509,5.54,5.82,up
11118,600753,20250510,5.54,5.82,up
11119,600753,20250513,6.11,5.98,down
11120,600753,20250516,5.88,6.16,up
11121,600753,20250524,5.89,6.18,up
11122,600753,20250526,6.18,6.49,up
11123,600753,20250529,6.71,6.62,down
11124,600753,20250531,6.62,6.95,up
11125,600755,20250501,6.27,6.32,up
11126,600755,20250510,6.28,6.4,up
11127,600755,20250516,6.31,6.37,up
11128,600755,20250527,6.24,6.25,up
11129,600756,20250524,13.98,15.38,up
11130,600757,20250509,9.86,9.68,down
11131,600757,20250523,9.38,9.4,up
11132,600757,20250524,9.38,9.4,up
11133,600759,20250509,2.1,2.11,up
11134,600759,20250510,2.1,2.11,up
11135,600759,20250516,2.1,2.13,up
11136,600759,20250521,2.16,2.18,up
11137,600759,20250524,2.13,2.23,up
11138,600759,20250530,2.19,2.23,up
11139,600760,20250513,47.81,47.38,down
11140,600760,20250524,48.01,48.33,up
11141,600760,20250530,48.03,49.38,up
11142,600761,20250515,16.6,16.56,down
11143,600761,20250531,16.41,16.58,up
11144,600763,20250510,40.63,40.94,up
11145,600763,20250515,41.21,40.62,down
11146,600763,20250517,40.62,40.58,down
11147,600763,20250530,41.32,42.43,up
11148,600764,20250508,29.27,28.74,down
11149,600764,20250513,28.56,28.15,down
11150,600764,20250521,28.09,27.74,down
11151,600764,20250524,28.69,28.08,down
11152,600765,20250508,17.1,16.44,down
11153,600768,20250507,10.54,10.65,up
11154,600768,20250523,10.49,10.48,down
11155,600768,20250530,10.51,10.66,up
11156,600769,20250517,10.67,10.98,up
11157,600770,20250514,4.51,4.96,up
11158,600770,20250515,4.96,5.15,up
11159,600770,20250516,5.15,5.67,up
11160,600770,20250521,6.86,7.53,up
11161,600770,20250522,7.53,6.78,down
11162,600770,20250523,6.78,6.11,down
11163,600770,20250524,6.78,6.11,down
11164,600770,20250527,6.0,5.88,down
11165,600770,20250531,5.46,5.5,up
11166,600771,20250515,20.68,21.02,up
11167,600773,20250517,8.82,9.09,up
11168,600773,20250523,8.97,8.98,up
11169,600774,20250501,8.98,9.88,up
11170,600774,20250507,10.01,9.01,down
11171,600774,20250513,8.6,8.59,down
11172,600774,20250521,8.46,8.31,down
11173,600774,20250529,8.59,8.48,down
11174,600774,20250530,8.48,8.72,up
11175,600775,20250523,9.55,9.9,up
11176,600775,20250530,10.04,10.05,up
11177,600776,20250508,10.85,10.73,down
11178,600778,20250510,6.33,6.38,up
11179,600778,20250517,6.38,6.52,up
11180,600778,20250521,6.66,6.38,down
11181,600778,20250528,6.35,6.44,up
11182,600778,20250530,6.33,6.38,up
11183,600779,20250524,44.68,44.86,up
11184,600779,20250529,44.99,44.44,down
11185,600780,20250515,5.95,5.96,up
11186,600780,20250517,5.96,5.99,up
11187,600782,20250509,4.0,3.99,down
11188,600782,20250515,3.97,3.93,down
11189,600782,20250521,3.96,3.91,down
11190,600782,20250527,3.79,3.76,down
11191,600783,20250521,12.23,12.17,down
11192,600783,20250529,12.0,11.96,down
11193,600784,20250522,6.11,6.05,down
11194,600784,20250528,6.12,6.13,up
11195,600785,20250520,12.54,12.45,down
11196,600787,20250507,6.02,6.01,down
11197,600787,20250508,6.01,5.93,down
11198,600787,20250510,5.93,6.01,up
11199,600787,20250515,5.99,5.83,down
11200,600787,20250516,5.83,5.81,down
11201,600787,20250517,5.83,5.81,down
11202,600787,20250521,5.81,5.72,down
11203,600787,20250527,5.75,5.64,down
11204,600789,20250509,10.13,10.16,up
11205,600789,20250513,10.39,10.37,down
11206,600789,20250515,10.54,10.92,up
11207,600789,20250523,10.8,10.49,down
11208,600789,20250530,10.84,11.08,up
11209,600790,20250507,3.65,3.64,down
11210,600790,20250509,3.6,3.63,up
11211,600790,20250517,3.73,3.74,up
11212,600790,20250528,3.96,3.95,down
11213,600791,20250516,4.23,4.52,up
11214,600791,20250521,4.57,4.47,down
11215,600792,20250513,3.2,3.23,up
11216,600792,20250527,3.28,3.27,down
11217,600793,20250521,30.49,33.54,up
11218,600793,20250522,33.54,33.78,up
11219,600793,20250523,33.78,37.16,up
11220,600793,20250529,31.51,29.77,down
11221,600793,20250530,29.77,30.59,up
11222,600794,20250509,4.06,4.06,up
11223,600794,20250517,4.47,4.47,up
11224,600796,20250507,5.63,5.66,up
11225,600796,20250510,5.62,5.65,up
11226,600796,20250515,5.65,5.66,up
11227,600796,20250527,5.83,5.78,down
11228,600796,20250529,5.8,5.71,down
11229,600796,20250531,5.71,5.7,down
11230,600797,20250507,10.96,10.87,down
11231,600797,20250508,10.87,10.53,down
11232,600797,20250515,10.33,10.29,down
11233,600797,20250516,10.29,10.15,down
11234,600797,20250529,9.73,9.42,down
11235,600798,20250513,3.36,3.7,up
11236,600798,20250515,4.07,4.48,up
11237,600798,20250516,4.48,4.93,up
11238,600798,20250517,4.48,4.93,up
11239,600798,20250520,4.53,4.4,down
11240,600798,20250523,3.82,3.75,down
11241,600800,20250501,3.09,3.4,up
11242,600800,20250509,3.64,3.6,down
11243,600800,20250516,3.59,3.8,up
11244,600800,20250523,3.65,3.84,up
11245,600801,20250528,12.28,12.32,up
11246,600802,20250507,4.35,4.38,up
11247,600803,20250516,19.43,19.46,up
11248,600803,20250517,19.43,19.46,up
11249,600803,20250523,19.2,18.83,down
11250,600803,20250529,18.98,18.96,down
11251,600805,20250513,4.59,4.63,up
11252,600805,20250517,4.83,5.02,up
11253,600805,20250527,4.85,5.34,up
11254,600805,20250530,5.25,5.33,up
11255,600807,20250509,2.76,2.77,up
11256,600807,20250522,3.04,3.0,down
11257,600807,20250530,3.07,3.08,up
11258,600807,20250531,3.07,3.08,up
11259,600808,20250507,3.07,3.03,down
11260,600808,20250521,3.05,3.24,up
11261,600809,20250515,209.5,205.0,down
11262,600809,20250520,198.5,196.56,down
11263,600809,20250530,184.3,181.1,down
11264,600810,20250517,9.02,9.52,up
11265,600810,20250521,9.09,9.22,up
11266,600810,20250524,8.85,8.87,up
11267,600810,20250528,9.13,9.51,up
11268,600812,20250508,6.06,6.01,down
11269,600812,20250513,5.95,5.95,up
11270,600812,20250515,5.95,6.08,up
11271,600812,20250516,6.08,6.03,down
11272,600812,20250520,6.08,6.09,up
11273,600812,20250522,5.98,6.04,up
11274,600814,20250515,7.98,8.08,up
11275,600814,20250523,7.91,7.94,up
11276,600815,20250508,2.69,2.67,down
11277,600815,20250509,2.67,2.68,up
11278,600815,20250515,2.66,2.69,up
11279,600815,20250528,2.78,2.86,up
11280,600816,20250507,2.79,2.79,up
11281,600816,20250517,2.71,2.74,up
11282,600817,20250501,11.25,11.37,up
11283,600817,20250507,11.82,11.42,down
11284,600817,20250517,11.31,11.36,up
11285,600818,20250507,10.79,11.1,up
11286,600818,20250515,10.74,10.86,up
11287,600818,20250530,10.84,10.84,up
11288,600819,20250508,5.34,5.31,down
11289,600819,20250510,5.31,5.28,down
11290,600820,20250517,5.98,6.08,up
11291,600820,20250520,6.02,6.04,up
11292,600820,20250521,6.04,5.99,down
11293,600820,20250523,6.02,5.97,down
11294,600821,20250510,5.53,5.52,down
11295,600821,20250514,5.62,5.55,down
11296,600821,20250528,5.42,5.51,up
11297,600821,20250531,5.48,5.46,down
11298,600822,20250507,10.91,10.89,down
11299,600822,20250520,11.24,11.09,down
11300,600825,20250508,6.68,6.67,down
11301,600825,20250516,6.68,6.98,up
11302,600826,20250524,7.71,7.69,down
11303,600829,20250507,7.29,7.37,up
11304,600829,20250515,7.18,7.26,up
11305,600831,20250508,2.82,2.79,down
11306,600831,20250509,2.79,2.85,up
11307,600831,20250513,2.81,2.84,up
11308,600831,20250517,2.92,3.01,up
11309,600833,20250515,12.06,12.26,up
11310,600833,20250528,13.9,13.73,down
11311,600834,20250507,8.18,8.16,down
11312,600834,20250515,8.12,8.09,down
11313,600834,20250522,8.2,8.03,down
11314,600835,20250507,22.88,23.46,up
11315,600838,20250508,8.58,8.4,down
11316,600838,20250522,8.52,8.2,down
11317,600838,20250527,8.19,8.19,up
11318,600839,20250501,10.5,11.24,up
11319,600839,20250507,11.08,10.96,down
11320,600839,20250509,10.98,11.04,up
11321,600839,20250515,10.53,10.52,down
11322,600839,20250524,10.03,10.13,up
11323,600839,20250527,9.99,9.89,down
11324,600841,20250501,5.35,5.61,up
11325,600841,20250510,5.57,5.64,up
11326,600841,20250517,5.62,5.74,up
11327,600841,20250524,6.09,5.89,down
11328,600843,20250508,12.0,11.71,down
11329,600843,20250521,11.97,11.58,down
11330,600844,20250513,3.21,3.26,up
11331,600845,20250515,26.93,26.51,down
11332,600845,20250529,25.78,25.08,down
11333,600847,20250501,9.26,9.78,up
11334,600847,20250510,10.03,10.03,up
11335,600847,20250523,10.13,10.15,up
11336,600847,20250529,10.27,10.07,down
11337,600848,20250509,9.08,9.07,down
11338,600848,20250531,9.01,9.01,up
11339,600850,20250507,24.4,24.84,up
11340,600850,20250508,24.84,24.42,down
11341,600850,20250516,23.71,23.89,up
11342,600851,20250508,6.55,6.46,down
11343,600851,20250528,6.57,6.84,up
11344,600853,20250509,3.76,3.72,down
11345,600853,20250516,3.7,3.7,up
11346,600853,20250529,3.56,3.55,down
11347,600854,20250513,4.79,4.88,up
11348,600854,20250523,4.85,4.86,up
11349,600855,20250507,12.07,13.28,up
11350,600855,20250509,14.19,14.7,up
11351,600855,20250521,12.43,12.54,up
11352,600857,20250508,9.93,10.14,up
11353,600857,20250509,10.14,10.04,down
11354,600858,20250513,5.51,5.48,down
11355,600858,20250522,5.36,5.26,down
11356,600859,20250501,13.91,14.01,up
11357,600859,20250507,14.0,14.14,up
11358,600859,20250508,14.14,13.84,down
11359,600859,20250513,13.88,13.95,up
11360,600859,20250516,14.25,14.13,down
11361,600859,20250517,14.25,14.13,down
11362,600859,20250520,14.19,14.42,up
11363,600859,20250529,14.11,14.0,down
11364,600860,20250507,12.93,13.01,up
11365,600860,20250524,12.1,12.34,up
11366,600860,20250528,11.96,12.15,up
11367,600861,20250509,20.77,20.78,up
11368,600861,20250520,21.03,21.04,up
11369,600862,20250506,23.17,23.81,up
11370,600862,20250508,24.09,23.7,down
11371,600862,20250509,23.7,24.52,up
11372,600862,20250517,23.24,23.57,up
11373,600863,20250507,4.01,4.01,up
11374,600863,20250517,4.03,4.04,up
11375,600864,20250510,5.78,5.88,up
11376,600864,20250530,5.69,5.74,up
11377,600865,20250501,8.89,9.13,up
11378,600865,20250513,9.12,9.27,up
11379,600865,20250529,9.36,9.2,down
11380,600865,20250530,9.2,9.3,up
11381,600865,20250531,9.2,9.3,up
11382,600866,20250508,7.44,7.32,down
11383,600866,20250510,7.32,7.4,up
11384,600866,20250516,7.31,7.36,up
11385,600866,20250527,7.36,7.38,up
11386,600867,20250509,7.4,7.4,up
11387,600867,20250513,7.49,7.52,up
11388,600867,20250520,7.72,7.67,down
11389,600867,20250523,7.72,7.66,down
11390,600867,20250529,7.81,7.81,up
11391,600867,20250530,7.81,7.88,up
11392,600868,20250501,2.91,3.02,up
11393,600868,20250509,2.99,2.97,down
11394,600868,20250516,2.93,2.93,up
11395,600868,20250521,2.96,2.9,down
11396,600869,20250501,4.79,4.81,up
11397,600869,20250507,4.89,4.92,up
11398,600869,20250517,4.89,4.99,up
11399,600869,20250523,4.71,4.78,up
11400,600869,20250529,5.24,5.05,down
11401,600871,20250507,1.87,1.87,up
11402,600871,20250523,1.85,1.85,up
11403,600872,20250508,19.46,19.2,down
11404,600872,20250520,19.65,19.57,down
11405,600872,20250529,19.0,18.67,down
11406,600872,20250530,18.67,18.79,up
11407,600873,20250507,10.98,10.89,down
11408,600873,20250513,10.96,10.99,up
11409,600873,20250519,11.16,11.13,down
11410,600874,20250507,5.72,5.72,up
11411,600874,20250515,5.84,5.79,down
11412,600874,20250528,5.88,5.89,up
11413,600876,20250527,9.57,9.73,up
11414,600876,20250530,9.68,9.72,up
11415,600879,20250509,8.79,9.12,up
11416,600879,20250517,9.04,9.19,up
11417,600879,20250524,8.81,8.89,up
11418,600879,20250528,8.79,8.93,up
11419,600880,20250513,4.48,4.51,up
11420,600880,20250521,4.59,4.58,down
11421,600881,20250510,1.62,1.62,up
11422,600881,20250517,1.63,1.79,up
11423,600881,20250520,1.97,1.95,down
11424,600881,20250521,1.95,1.84,down
11425,600881,20250527,1.78,1.74,down
11426,600881,20250530,1.74,1.73,down
11427,600882,20250520,27.18,27.25,up
11428,600882,20250527,28.84,28.67,down
11429,600882,20250529,28.84,28.88,up
11430,600882,20250530,28.88,31.65,up
11431,600882,20250531,28.88,31.65,up
11432,600883,20250508,7.53,7.51,down
11433,600883,20250516,7.82,7.83,up
11434,600884,20250507,7.28,7.32,up
11435,600884,20250510,7.2,7.4,up
11436,600884,20250517,7.63,7.69,up
11437,600884,20250520,7.68,7.56,down
11438,600884,20250523,7.44,7.65,up
11439,600884,20250527,7.56,7.5,down
11440,600884,20250529,7.64,7.64,up
11441,600885,20250527,32.99,33.27,up
11442,600886,20250529,15.73,15.66,down
11443,600887,20250501,29.76,29.7,down
11444,600887,20250513,29.75,29.95,up
11445,600887,20250517,29.99,29.94,down
11446,600887,20250520,30.6,30.4,down
11447,600887,20250521,30.4,30.56,up
11448,600887,20250522,30.56,30.6,up
11449,600887,20250523,30.6,30.78,up
11450,600887,20250524,30.6,30.78,up
11451,600887,20250529,30.41,30.3,down
11452,600887,20250530,30.3,30.57,up
11453,600888,20250510,6.82,6.85,up
11454,600888,20250517,6.86,6.89,up
11455,600888,20250523,6.79,6.8,up
11456,600888,20250527,6.76,6.78,up
11457,600888,20250528,6.78,6.82,up
11458,600888,20250530,6.77,6.75,down
11459,600889,20250508,18.37,17.64,down
11460,600889,20250513,17.47,17.43,down
11461,600889,20250516,16.68,17.51,up
11462,600889,20250522,16.31,16.19,down
11463,600889,20250528,16.81,16.31,down
11464,600889,20250529,16.31,15.62,down
11465,600889,20250530,15.62,15.49,down
11466,600892,20250507,2.64,2.62,down
11467,600892,20250513,2.72,2.78,up
11468,600892,20250521,3.13,3.04,down
11469,600893,20250510,34.2,35.9,up
11470,600893,20250513,34.76,34.47,down
11471,600893,20250517,33.79,34.11,up
11472,600893,20250530,35.46,35.48,up
11473,600894,20250508,10.66,10.68,up
11474,600894,20250517,10.61,10.58,down
11475,600894,20250527,10.32,10.32,up
11476,600895,20250520,25.57,25.45,down
11477,600895,20250523,25.25,25.52,up
11478,600897,20250508,14.26,14.17,down
11479,600897,20250513,14.54,14.52,down
11480,600897,20250521,14.63,14.51,down
11481,600900,20250501,29.5,29.18,down
11482,600900,20250515,30.35,30.1,down
11483,600900,20250523,30.49,30.34,down
11484,600901,20250509,5.5,5.48,down
11485,600901,20250516,5.72,5.75,up
11486,600901,20250520,5.74,5.81,up
11487,600901,20250528,5.88,5.89,up
11488,600901,20250531,5.97,5.95,down
11489,600903,20250520,7.03,7.05,up
11490,600903,20250527,6.94,6.88,down
11491,600903,20250529,6.9,6.84,down
11492,600905,20250513,4.3,4.31,up
11493,600906,20250516,6.5,6.55,up
11494,600908,20250517,5.76,5.77,up
11495,600909,20250507,5.59,5.58,down
11496,600909,20250524,5.45,5.44,down
11497,600916,20250501,8.23,8.32,up
11498,600916,20250516,8.26,8.28,up
11499,600916,20250517,8.26,8.28,up
11500,600916,20250522,8.32,8.25,down
11501,600916,20250529,8.5,8.44,down
11502,600917,20250501,5.46,5.52,up
11503,600917,20250516,5.63,5.69,up
11504,600918,20250513,6.18,6.32,up
11505,600918,20250523,6.07,6.08,up
11506,600918,20250528,6.07,6.1,up
11507,600918,20250529,6.1,6.09,down
11508,600918,20250530,6.09,6.17,up
11509,600919,20250508,10.41,10.6,up
11510,600919,20250510,10.6,10.62,up
11511,600919,20250524,10.98,10.81,down
11512,600925,20250506,5.03,5.08,up
11513,600925,20250509,5.07,5.08,up
11514,600925,20250515,5.09,5.05,down
11515,600925,20250516,5.05,5.09,up
11516,600926,20250510,15.26,15.07,down
11517,600926,20250513,15.26,15.31,up
11518,600926,20250520,15.17,15.41,up
11519,600926,20250527,16.02,16.42,up
11520,600927,20250508,12.25,12.14,down
11521,600927,20250510,12.14,12.34,up
11522,600927,20250515,12.68,12.59,down
11523,600927,20250521,12.46,12.39,down
11524,600927,20250531,12.41,12.78,up
11525,600928,20250509,3.66,3.64,down
11526,600928,20250515,3.77,3.71,down
11527,600928,20250517,3.71,3.69,down
11528,600928,20250522,3.81,3.75,down
11529,600928,20250531,3.78,3.9,up
11530,600929,20250509,5.07,5.09,up
11531,600929,20250510,5.07,5.09,up
11532,600929,20250520,5.17,5.17,up
11533,600929,20250529,5.04,5.02,down
11534,600933,20250510,17.12,17.35,up
11535,600933,20250513,17.34,16.94,down
11536,600933,20250516,16.69,16.53,down
11537,600933,20250517,16.69,16.53,down
11538,600933,20250527,15.84,15.7,down
11539,600933,20250530,15.45,15.17,down
11540,600935,20250510,2.3,2.32,up
11541,600935,20250523,2.3,2.3,up
11542,600935,20250530,2.32,2.32,up
11543,600936,20250515,3.76,3.98,up
11544,600936,20250520,3.99,3.99,up
11545,600936,20250530,3.87,3.73,down
11546,600938,20250513,25.16,25.72,up
11547,600938,20250516,25.09,25.09,up
11548,600941,20250508,113.41,113.99,up
11549,600941,20250523,114.2,114.6,up
11550,600941,20250530,116.83,117.68,up
11551,600955,20250508,13.27,13.48,up
11552,600955,20250513,13.53,13.59,up
11553,600955,20250517,13.59,13.55,down
11554,600955,20250527,13.29,13.16,down
11555,600956,20250508,7.64,7.76,up
11556,600956,20250510,7.76,7.89,up
11557,600958,20250507,9.34,9.38,up
11558,600958,20250508,9.38,9.29,down
11559,600958,20250509,9.29,9.54,up
11560,600958,20250510,9.29,9.54,up
11561,600958,20250513,9.42,9.67,up
11562,600958,20250515,9.46,9.4,down
11563,600958,20250517,9.4,9.41,up
11564,600958,20250523,9.27,9.25,down
11565,600958,20250524,9.27,9.25,down
11566,600958,20250527,9.26,9.2,down
11567,600958,20250528,9.2,9.32,up
11568,600958,20250529,9.32,9.33,up
11569,600958,20250531,9.33,9.5,up
11570,600959,20250528,3.29,3.34,up
11571,600960,20250510,4.07,4.09,up
11572,600960,20250513,4.11,4.12,up
11573,600960,20250517,4.17,4.18,up
11574,600960,20250531,4.59,5.05,up
11575,600961,20250501,10.02,10.19,up
11576,600961,20250510,10.18,10.08,down
11577,600962,20250528,15.01,15.14,up
11578,600963,20250508,4.53,4.48,down
11579,600965,20250524,5.0,5.07,up
11580,600965,20250527,5.14,5.08,down
11581,600965,20250530,5.05,5.13,up
11582,600966,20250530,4.41,4.43,up
11583,600967,20250509,12.33,12.52,up
11584,600967,20250517,11.53,11.69,up
11585,600968,20250520,3.91,3.89,down
11586,600969,20250513,7.62,7.6,down
11587,600969,20250517,7.39,7.74,up
11588,600969,20250523,7.36,7.46,up
11589,600969,20250524,7.36,7.46,up
11590,600970,20250515,9.39,9.29,down
11591,600970,20250530,9.02,9.03,up
11592,600971,20250516,6.97,7.03,up
11593,600973,20250515,4.74,4.78,up
11594,600975,20250510,6.06,6.09,up
11595,600975,20250516,6.01,6.06,up
11596,600976,20250510,42.09,42.39,up
11597,600977,20250510,10.15,10.21,up
11598,600977,20250521,10.3,10.24,down
11599,600979,20250513,5.81,5.73,down
11600,600979,20250515,5.63,5.58,down
11601,600979,20250521,5.82,5.57,down
11602,600979,20250523,5.45,5.47,up
11603,600979,20250531,5.19,5.2,up
11604,600981,20250513,2.68,2.74,up
11605,600981,20250521,2.71,2.67,down
11606,600982,20250501,4.67,4.78,up
11607,600982,20250509,4.93,4.9,down
11608,600982,20250514,4.97,5.2,up
11609,600982,20250521,5.16,4.95,down
11610,600983,20250524,10.11,10.15,up
11611,600984,20250507,3.38,3.42,up
11612,600984,20250508,3.42,3.35,down
11613,600984,20250515,3.28,3.28,up
11614,600986,20250508,8.65,8.3,down
11615,600986,20250509,8.3,8.37,up
11616,600986,20250515,8.16,8.18,up
11617,600986,20250516,8.18,8.16,down
11618,600986,20250529,8.91,8.57,down
11619,600987,20250517,7.17,7.21,up
11620,600987,20250527,7.05,7.24,up
11621,600988,20250506,27.24,27.44,up
11622,600988,20250528,26.91,26.54,down
11623,600989,20250507,15.79,15.61,down
11624,600989,20250510,15.65,15.8,up
11625,600989,20250515,15.99,16.3,up
11626,600989,20250516,16.3,16.3,up
11627,600989,20250520,16.7,16.7,up
11628,600990,20250516,20.9,21.71,up
11629,600990,20250521,20.66,22.73,up
11630,600990,20250522,22.73,23.65,up
11631,600990,20250529,29.1,26.99,down
11632,600990,20250530,26.99,28.89,up
11633,600993,20250529,28.71,29.0,up
11634,600993,20250530,29.0,29.68,up
11635,600995,20250501,9.75,9.81,up
11636,600995,20250513,9.78,9.76,down
11637,600995,20250516,9.68,9.77,up
11638,600995,20250530,10.13,9.98,down
11639,600996,20250501,8.56,8.94,up
11640,600996,20250507,8.83,8.88,up
11641,600996,20250517,8.65,8.84,up
11642,600996,20250520,8.81,8.69,down
11643,600997,20250508,6.08,6.06,down
11644,600997,20250509,6.06,6.08,up
11645,600997,20250516,6.13,6.06,down
11646,600997,20250523,5.88,5.8,down
11647,600998,20250508,5.2,5.19,down
11648,600998,20250515,5.19,5.16,down
11649,600998,20250517,5.16,5.17,up
11650,600998,20250523,5.15,5.15,up
11651,600998,20250524,5.15,5.15,up
11652,600999,20250507,16.72,16.75,up
11653,600999,20250509,16.55,16.92,up
11654,600999,20250513,16.84,17.26,up
11655,600999,20250520,16.65,16.64,down
11656,600999,20250527,16.25,16.2,down
11657,601000,20250508,4.09,4.1,up
11658,601000,20250524,4.12,4.18,up
11659,601001,20250515,11.85,11.73,down
11660,601001,20250528,12.38,12.31,down
11661,601002,20250528,4.95,4.99,up
11662,601003,20250513,3.45,3.49,up
11663,601003,20250521,3.54,3.56,up
11664,601003,20250527,3.59,3.51,down
11665,601005,20250515,1.3,1.29,down
11666,601005,20250527,1.28,1.27,down
11667,601005,20250528,1.27,1.28,up
11668,601006,20250508,6.64,6.66,up
11669,601006,20250513,6.73,6.72,down
11670,601006,20250515,6.71,6.68,down
11671,601006,20250522,6.7,6.63,down
11672,601007,20250523,7.1,7.13,up
11673,601007,20250529,7.25,7.16,down
11674,601008,20250515,6.77,7.45,up
11675,601008,20250516,7.45,8.2,up
11676,601008,20250517,7.45,8.2,up
11677,601008,20250520,7.38,7.52,up
11678,601008,20250529,6.94,6.85,down
11679,601008,20250530,6.85,7.18,up
11680,601009,20250509,10.67,10.63,down
11681,601009,20250517,10.64,10.61,down
11682,601009,20250521,10.76,10.89,up
11683,601009,20250531,11.46,11.46,up
11684,601010,20250501,2.93,2.97,up
11685,601010,20250521,2.93,2.86,down
11686,601010,20250530,2.83,2.85,up
11687,601011,20250510,2.48,2.51,up
11688,601011,20250513,2.51,2.52,up
11689,601011,20250517,2.48,2.55,up
11690,601011,20250520,2.55,2.56,up
11691,601012,20250507,15.1,15.27,up
11692,601012,20250509,14.92,15.39,up
11693,601012,20250513,15.63,15.53,down
11694,601012,20250517,15.15,15.09,down
11695,601012,20250527,14.44,14.35,down
11696,601012,20250531,14.38,14.35,down
11697,601015,20250501,2.9,2.98,up
11698,601015,20250509,2.99,3.0,up
11699,601015,20250513,3.02,3.05,up
11700,601015,20250516,3.1,3.15,up
11701,601016,20250507,2.91,2.93,up
11702,601016,20250508,2.93,2.94,up
11703,601016,20250515,2.92,2.9,down
11704,601016,20250524,2.88,2.9,up
11705,601016,20250529,2.93,2.93,up
11706,601016,20250530,2.93,2.92,down
11707,601018,20250508,3.62,3.63,up
11708,601018,20250509,3.63,3.71,up
11709,601019,20250508,10.02,10.26,up
11710,601019,20250516,10.82,10.87,up
11711,601019,20250531,9.98,10.14,up
11712,601020,20250501,17.7,18.86,up
11713,601020,20250513,18.5,18.37,down
11714,601020,20250515,17.68,17.53,down
11715,601020,20250517,17.53,17.47,down
11716,601020,20250521,17.63,17.21,down
11717,601020,20250529,16.6,16.39,down
11718,601021,20250508,55.09,54.44,down
11719,601021,20250516,56.83,56.85,up
11720,601022,20250508,8.02,7.97,down
11721,601022,20250509,7.97,8.35,up
11722,601022,20250515,11.12,12.23,up
11723,601022,20250516,12.23,12.83,up
11724,601022,20250517,12.23,12.83,up
11725,601022,20250523,9.45,9.61,up
11726,601033,20250520,15.84,16.03,up
11727,601038,20250510,13.31,13.38,up
11728,601038,20250529,13.63,13.23,down
11729,601058,20250507,12.78,12.88,up
11730,601058,20250510,12.56,13.03,up
11731,601058,20250515,12.7,12.84,up
11732,601058,20250524,12.75,12.63,down
11733,601058,20250527,12.48,12.49,up
11734,601059,20250509,15.07,15.37,up
11735,601059,20250527,14.47,14.35,down
11736,601059,20250530,14.38,14.48,up
11737,601061,20250516,7.69,7.69,up
11738,601061,20250524,7.96,7.91,down
11739,601061,20250528,7.65,7.6,down
11740,601061,20250530,7.54,7.57,up
11741,601065,20250510,8.41,8.39,down
11742,601065,20250515,8.45,8.41,down
11743,601065,20250516,8.41,8.47,up
11744,601065,20250522,8.27,8.27,up
11745,601065,20250531,8.31,8.32,up
11746,601066,20250507,23.7,23.73,up
11747,601066,20250530,22.98,23.12,up
11748,601068,20250527,4.39,4.36,down
11749,601068,20250531,4.41,4.45,up
11750,601069,20250508,16.84,16.69,down
11751,601069,20250516,16.32,16.4,up
11752,601069,20250520,16.4,18.04,up
11753,601077,20250507,6.83,7.03,up
11754,601077,20250522,7.66,7.56,down
11755,601077,20250523,7.56,7.37,down
11756,601077,20250529,7.11,7.25,up
11757,601083,20250516,13.02,12.98,down
11758,601086,20250517,13.66,14.13,up
11759,601086,20250528,14.34,15.77,up
11760,601086,20250529,15.77,14.19,down
11761,601088,20250516,39.46,39.18,down
11762,601088,20250521,40.1,40.4,up
11763,601088,20250524,39.7,39.63,down
11764,601089,20250508,16.11,16.03,down
11765,601089,20250528,16.1,16.33,up
11766,601089,20250529,16.33,16.51,up
11767,601089,20250530,16.51,16.89,up
11768,601089,20250531,16.51,16.89,up
11769,601096,20250506,4.19,4.21,up
11770,601096,20250510,4.24,4.24,up
11771,601096,20250529,4.25,4.22,down
11772,601096,20250530,4.22,4.19,down
11773,601098,20250521,14.46,14.1,down
11774,601098,20250523,13.89,13.94,up
11775,601098,20250530,13.89,14.15,up
11776,601099,20250513,3.67,3.79,up
11777,601099,20250516,3.66,3.68,up
11778,601099,20250517,3.66,3.68,up
11779,601099,20250524,3.58,3.59,up
11780,601100,20250509,76.1,76.76,up
11781,601100,20250524,69.79,69.25,down
11782,601101,20250508,7.16,7.18,up
11783,601101,20250517,7.24,7.27,up
11784,601101,20250524,7.47,7.36,down
11785,601106,20250509,2.66,2.73,up
11786,601106,20250510,2.66,2.73,up
11787,601106,20250513,2.7,2.71,up
11788,601106,20250517,2.68,2.72,up
11789,601106,20250523,2.65,2.72,up
11790,601106,20250527,2.7,2.76,up
11791,601107,20250515,5.87,5.78,down
11792,601107,20250523,6.13,6.14,up
11793,601107,20250530,6.39,6.37,down
11794,601108,20250501,7.29,7.38,up
11795,601108,20250507,7.42,7.42,up
11796,601108,20250520,7.41,7.42,up
11797,601108,20250530,7.37,7.4,up
11798,601111,20250507,7.34,7.38,up
11799,601111,20250508,7.38,7.3,down
11800,601111,20250516,7.61,7.58,down
11801,601111,20250529,8.03,8.02,down
11802,601113,20250513,4.23,4.25,up
11803,601113,20250520,4.17,4.14,down
11804,601116,20250513,10.93,11.14,up
11805,601116,20250521,11.22,10.9,down
11806,601116,20250527,10.84,10.85,up
11807,601117,20250516,7.88,7.9,up
11808,601117,20250523,7.7,7.79,up
11809,601117,20250529,7.71,7.72,up
11810,601118,20250507,4.67,4.67,up
11811,601118,20250510,4.62,4.67,up
11812,601118,20250516,4.65,4.7,up
11813,601118,20250521,4.68,4.63,down
11814,601118,20250528,4.56,4.6,up
11815,601121,20250510,5.93,5.91,down
11816,601121,20250513,5.89,5.89,up
11817,601121,20250516,5.85,5.92,up
11818,601121,20250520,5.99,5.96,down
11819,601121,20250527,5.94,5.92,down
11820,601121,20250531,5.89,5.9,up
11821,601126,20250507,16.82,17.03,up
11822,601126,20250509,16.95,17.06,up
11823,601126,20250516,16.9,16.99,up
11824,601126,20250528,15.91,15.92,up
11825,601127,20250507,130.0,128.68,down
11826,601128,20250522,7.9,7.8,down
11827,601128,20250528,7.92,7.91,down
11828,601128,20250529,7.91,7.92,up
11829,601128,20250530,7.92,8.0,up
11830,601133,20250508,11.42,11.08,down
11831,601133,20250513,11.16,11.13,down
11832,601133,20250519,11.04,11.2,up
11833,601133,20250529,11.28,11.32,up
11834,601136,20250517,19.41,19.38,down
11835,601137,20250509,18.07,18.6,up
11836,601137,20250515,18.05,18.08,up
11837,601137,20250524,17.75,17.82,up
11838,601137,20250527,17.55,17.61,up
11839,601137,20250529,17.87,17.56,down
11840,601138,20250501,18.06,18.81,up
11841,601138,20250510,18.69,19.27,up
11842,601138,20250517,19.22,19.05,down
11843,601138,20250530,18.93,18.79,down
11844,601139,20250501,6.38,6.44,up
11845,601139,20250524,6.42,6.4,down
11846,601155,20250501,13.54,13.29,down
11847,601155,20250514,12.87,12.58,down
11848,601155,20250517,12.7,12.98,up
11849,601155,20250527,12.36,12.2,down
11850,601155,20250529,12.41,12.6,up
11851,601156,20250501,12.15,12.6,up
11852,601156,20250508,12.83,12.82,down
11853,601156,20250510,12.82,13.34,up
11854,601156,20250531,13.13,13.1,down
11855,601158,20250507,4.88,4.83,down
11856,601158,20250522,4.92,4.86,down
11857,601158,20250527,4.91,4.96,up
11858,601162,20250506,4.05,4.06,up
11859,601162,20250510,3.98,4.1,up
11860,601162,20250516,4.02,4.03,up
11861,601166,20250507,21.04,21.53,up
11862,601166,20250508,21.53,22.1,up
11863,601166,20250509,22.1,22.28,up
11864,601166,20250510,22.1,22.28,up
11865,601166,20250524,22.81,22.62,down
11866,601166,20250527,22.76,22.54,down
11867,601166,20250529,22.65,22.64,down
11868,601166,20250530,22.64,23.71,up
11869,601168,20250508,15.53,15.6,up
11870,601168,20250509,15.6,15.92,up
11871,601169,20250515,6.27,6.18,down
11872,601169,20250517,6.18,6.2,up
11873,601169,20250521,6.26,6.33,up
11874,601169,20250522,6.33,6.28,down
11875,601169,20250531,6.3,6.45,up
11876,601177,20250508,20.87,20.01,down
11877,601177,20250516,20.24,19.82,down
11878,601177,20250524,18.15,18.36,up
11879,601179,20250510,6.31,6.36,up
11880,601179,20250513,6.42,6.4,down
11881,601179,20250517,6.28,6.31,up
11882,601186,20250530,7.91,7.94,up
11883,601186,20250531,7.91,7.94,up
11884,601187,20250508,5.82,5.83,up
11885,601187,20250513,5.99,6.16,up
11886,601187,20250523,6.18,6.17,down
11887,601187,20250529,6.44,6.48,up
11888,601188,20250501,3.86,4.06,up
11889,601188,20250513,3.6,3.64,up
11890,601188,20250521,3.59,3.51,down
11891,601188,20250529,3.52,3.48,down
11892,601198,20250508,10.62,10.42,down
11893,601199,20250516,5.35,5.39,up
11894,601208,20250501,8.99,9.27,up
11895,601208,20250508,9.56,9.67,up
11896,601208,20250510,9.67,9.69,up
11897,601208,20250516,9.66,9.75,up
11898,601211,20250507,17.37,17.39,up
11899,601211,20250509,17.35,17.62,up
11900,601211,20250510,17.35,17.62,up
11901,601211,20250516,17.78,17.65,down
11902,601211,20250517,17.78,17.65,down
11903,601211,20250520,17.65,17.59,down
11904,601211,20250522,17.64,17.46,down
11905,601211,20250523,17.46,17.38,down
11906,601211,20250524,17.46,17.38,down
11907,601211,20250527,17.33,17.23,down
11908,601211,20250528,17.23,17.34,up
11909,601211,20250529,17.34,17.18,down
11910,601211,20250530,17.18,17.86,up
11911,601211,20250531,17.18,17.86,up
11912,601212,20250509,2.79,2.8,up
11913,601212,20250513,2.79,2.81,up
11914,601212,20250520,2.81,2.85,up
11915,601216,20250508,5.61,5.56,down
11916,601216,20250510,5.56,5.56,up
11917,601216,20250517,5.52,5.47,down
11918,601216,20250530,5.32,5.34,up
11919,601218,20250509,3.65,3.63,down
11920,601222,20250501,5.54,5.55,up
11921,601222,20250516,5.6,5.61,up
11922,601222,20250517,5.6,5.61,up
11923,601222,20250529,5.62,5.57,down
11924,601222,20250531,5.57,5.59,up
11925,601225,20250508,19.46,19.57,up
11926,601225,20250517,20.08,20.2,up
11927,601225,20250531,20.87,20.46,down
11928,601226,20250517,6.24,6.27,up
11929,601228,20250508,3.21,3.22,up
11930,601229,20250501,10.38,10.34,down
11931,601229,20250517,11.01,11.06,up
11932,601229,20250530,10.58,11.02,up
11933,601231,20250501,13.83,14.0,up
11934,601231,20250507,13.96,14.2,up
11935,601231,20250510,14.01,14.55,up
11936,601231,20250513,14.45,14.36,down
11937,601231,20250524,13.52,13.67,up
11938,601231,20250530,13.52,13.48,down
11939,601233,20250507,10.96,10.88,down
11940,601233,20250521,11.02,10.96,down
11941,601236,20250501,7.38,7.53,up
11942,601236,20250509,7.54,7.58,up
11943,601236,20250510,7.54,7.58,up
11944,601236,20250513,7.59,8.35,up
11945,601236,20250516,8.47,8.39,down
11946,601236,20250527,8.13,8.17,up
11947,601238,20250508,8.08,8.01,down
11948,601238,20250510,8.01,8.05,up
11949,601238,20250524,8.05,7.85,down
11950,601288,20250508,5.44,5.51,up
11951,601288,20250509,5.51,5.52,up
11952,601288,20250529,5.51,5.53,up
11953,601288,20250530,5.53,5.57,up
11954,601288,20250531,5.53,5.57,up
11955,601298,20250507,8.86,8.95,up
11956,601298,20250509,8.96,9.04,up
11957,601311,20250507,8.53,8.55,up
11958,601311,20250509,8.55,8.67,up
11959,601311,20250517,8.62,8.68,up
11960,601311,20250523,8.46,8.46,up
11961,601311,20250528,8.39,8.47,up
11962,601318,20250501,50.71,50.8,up
11963,601318,20250514,54.69,54.25,down
11964,601318,20250520,53.68,53.85,up
11965,601319,20250507,7.35,7.36,up
11966,601326,20250507,3.21,3.21,up
11967,601326,20250530,3.26,3.24,down
11968,601328,20250507,7.48,7.46,down
11969,601328,20250508,7.46,7.51,up
11970,601328,20250510,7.51,7.6,up
11971,601328,20250522,7.77,7.67,down
11972,601328,20250524,7.67,7.63,down
11973,601328,20250527,7.63,7.58,down
11974,601330,20250507,7.2,7.21,up
11975,601330,20250509,7.14,7.15,up
11976,601330,20250517,7.02,7.16,up
11977,601330,20250527,7.24,7.45,up
11978,601333,20250527,3.01,3.02,up
11979,601333,20250530,3.04,3.04,up
11980,601336,20250507,49.33,50.04,up
11981,601336,20250515,51.85,51.33,down
11982,601336,20250523,50.21,50.29,up
11983,601336,20250529,50.53,50.3,down
11984,601339,20250510,5.06,5.06,up
11985,601339,20250523,5.03,5.0,down
11986,601360,20250501,10.23,10.87,up
11987,601360,20250510,10.46,10.57,up
11988,601360,20250517,10.27,10.25,down
11989,601360,20250521,10.23,10.24,up
11990,601360,20250524,9.99,10.08,up
11991,601366,20250507,4.67,4.7,up
11992,601366,20250509,4.63,4.65,up
11993,601366,20250517,4.67,4.74,up
11994,601366,20250527,4.62,4.68,up
11995,601368,20250529,4.81,4.79,down
11996,601368,20250530,4.79,4.8,up
11997,601369,20250510,8.64,8.77,up
11998,601369,20250521,8.73,8.6,down
11999,601377,20250501,5.78,5.83,up
12000,601377,20250509,5.83,5.96,up
12001,601377,20250523,5.72,5.71,down
12002,601377,20250531,5.75,5.83,up
12003,601388,20250509,2.48,2.5,up
12004,601388,20250517,2.48,2.54,up
12005,601388,20250520,2.53,2.59,up
12006,601390,20250509,5.57,5.62,up
12007,601390,20250516,5.65,5.64,down
12008,601398,20250501,7.01,6.98,down
12009,601398,20250507,7.11,7.11,up
12010,601398,20250522,7.12,7.08,down
12011,601398,20250523,7.08,7.05,down
12012,601398,20250531,7.07,7.11,up
12013,601399,20250510,2.92,2.97,up
12014,601399,20250517,2.96,3.01,up
12015,601399,20250527,3.07,3.1,up
12016,601456,20250508,9.98,9.83,down
12017,601456,20250516,9.94,9.99,up
12018,601500,20250521,4.77,4.68,down
12019,601512,20250507,7.36,7.59,up
12020,601512,20250513,7.4,7.4,up
12021,601515,20250507,4.02,4.05,up
12022,601518,20250508,2.74,2.74,up
12023,601519,20250507,9.0,9.0,up
12024,601519,20250509,8.82,9.04,up
12025,601519,20250510,8.82,9.04,up
12026,601519,20250528,8.81,9.08,up
12027,601555,20250517,7.98,7.97,down
12028,601555,20250520,7.99,7.99,up
12029,601555,20250529,7.95,7.97,up
12030,601555,20250530,7.97,8.01,up
12031,601566,20250510,9.07,9.14,up
12032,601566,20250517,9.01,9.06,up
12033,601566,20250528,9.1,9.08,down
12034,601566,20250530,8.93,9.2,up
12035,601567,20250516,24.95,24.72,down
12036,601567,20250517,24.95,24.72,down
12037,601567,20250522,23.97,23.83,down
12038,601567,20250529,22.7,22.0,down
12039,601568,20250509,4.22,4.22,up
12040,601568,20250513,4.22,4.25,up
12041,601568,20250528,4.19,4.2,up
12042,601568,20250529,4.2,4.18,down
12043,601577,20250507,9.14,9.28,up
12044,601577,20250513,9.58,9.62,up
12045,601577,20250522,9.77,9.65,down
12046,601579,20250526,21.33,23.46,up
12047,601579,20250528,25.81,26.45,up
12048,601579,20250529,26.45,25.1,down
12049,601588,20250507,1.72,1.72,up
12050,601588,20250516,1.7,1.74,up
12051,601598,20250501,4.69,4.72,up
12052,601598,20250507,4.74,4.74,up
12053,601598,20250508,4.74,4.76,up
12054,601598,20250513,4.95,5.14,up
12055,601598,20250515,4.99,4.87,down
12056,601598,20250527,4.9,4.96,up
12057,601599,20250509,3.56,3.57,up
12058,601599,20250520,3.71,3.66,down
12059,601600,20250509,6.42,6.59,up
12060,601600,20250520,6.63,6.79,up
12061,601600,20250527,6.49,6.52,up
12062,601600,20250529,6.6,6.54,down
12063,601601,20250501,29.85,30.42,up
12064,601601,20250507,31.3,31.79,up
12065,601601,20250513,32.01,34.73,up
12066,601601,20250515,34.04,33.43,down
12067,601601,20250522,34.36,33.51,down
12068,601601,20250527,33.69,34.2,up
12069,601606,20250515,13.26,13.35,up
12070,601606,20250517,13.35,13.54,up
12071,601606,20250523,13.55,13.79,up
12072,601607,20250510,18.17,18.22,up
12073,601607,20250513,18.36,18.36,up
12074,601607,20250515,18.26,18.3,up
12075,601607,20250531,18.42,18.6,up
12076,601608,20250507,4.63,4.66,up
12077,601608,20250510,4.55,4.68,up
12078,601608,20250516,4.58,4.57,down
12079,601608,20250531,4.39,4.4,up
12080,601609,20250507,6.68,6.66,down
12081,601609,20250509,6.63,6.67,up
12082,601609,20250510,6.63,6.67,up
12083,601609,20250513,6.67,6.66,down
12084,601609,20250515,6.61,6.64,up
12085,601609,20250516,6.64,6.58,down
12086,601609,20250517,6.64,6.58,down
12087,601609,20250520,6.54,6.53,down
12088,601609,20250527,6.45,6.45,up
12089,601609,20250529,6.45,6.42,down
12090,601611,20250517,8.92,9.02,up
12091,601611,20250529,9.3,9.08,down
12092,601615,20250509,10.47,10.67,up
12093,601615,20250522,10.31,10.08,down
12094,601616,20250520,3.85,3.79,down
12095,601616,20250527,3.73,3.73,up
12096,601616,20250528,3.73,3.78,up
12097,601618,20250516,2.96,2.97,up
12098,601618,20250517,2.96,2.97,up
12099,601618,20250529,2.93,2.93,up
12100,601619,20250515,3.72,3.73,up
12101,601619,20250516,3.73,3.73,up
12102,601619,20250522,3.63,3.58,down
12103,601619,20250524,3.58,3.59,up
12104,601628,20250527,38.55,38.51,down
12105,601633,20250501,22.58,23.03,up
12106,601633,20250506,23.03,23.28,up
12107,601633,20250507,23.28,23.39,up
12108,601633,20250510,23.28,23.51,up
12109,601633,20250528,22.92,22.89,down
12110,601636,20250510,5.46,5.48,up
12111,601636,20250515,5.4,5.39,down
12112,601636,20250516,5.39,5.4,up
12113,601636,20250517,5.39,5.4,up
12114,601636,20250531,5.23,5.23,up
12115,601658,20250510,5.26,5.25,down
12116,601658,20250524,5.36,5.31,down
12117,601658,20250529,5.28,5.33,up
12118,601658,20250531,5.33,5.41,up
12119,601665,20250513,6.53,6.61,up
12120,601665,20250517,6.54,6.5,down
12121,601665,20250524,6.55,6.44,down
12122,601665,20250530,6.64,6.7,up
12123,601666,20250501,8.22,8.32,up
12124,601666,20250507,8.33,8.31,down
12125,601666,20250516,8.28,8.3,up
12126,601666,20250521,8.47,8.43,down
12127,601666,20250523,8.43,8.34,down
12128,601666,20250528,8.38,8.51,up
12129,601666,20250529,8.51,8.4,down
12130,601668,20250515,5.79,5.75,down
12131,601668,20250517,5.75,5.72,down
12132,601668,20250524,5.71,5.69,down
12133,601668,20250530,5.68,5.69,up
12134,601669,20250509,4.78,4.83,up
12135,601669,20250516,4.82,4.82,up
12136,601669,20250523,4.71,4.72,up
12137,601669,20250530,4.72,4.73,up
12138,601677,20250507,12.15,12.15,up
12139,601677,20250512,12.31,12.39,up
12140,601677,20250517,12.11,12.2,up
12141,601677,20250526,12.18,12.09,down
12142,601677,20250531,12.21,12.17,down
12143,601678,20250501,4.08,4.18,up
12144,601678,20250513,4.24,4.32,up
12145,601678,20250516,4.34,4.36,up
12146,601678,20250519,4.36,4.3,down
12147,601678,20250523,4.22,4.21,down
12148,601678,20250527,4.21,4.19,down
12149,601686,20250501,5.7,5.94,up
12150,601686,20250507,5.85,5.83,down
12151,601686,20250509,5.88,5.82,down
12152,601686,20250516,5.83,5.89,up
12153,601686,20250520,5.83,5.8,down
12154,601686,20250527,5.79,5.75,down
12155,601686,20250528,5.75,5.77,up
12156,601686,20250530,5.77,5.68,down
12157,601686,20250531,5.77,5.68,down
12158,601688,20250508,16.44,16.36,down
12159,601688,20250509,16.36,16.76,up
12160,601688,20250515,17.18,16.93,down
12161,601688,20250517,16.93,17.03,up
12162,601688,20250521,16.94,16.88,down
12163,601689,20250501,52.25,53.41,up
12164,601689,20250513,53.28,53.36,up
12165,601689,20250515,51.44,52.62,up
12166,601689,20250527,49.08,48.94,down
12167,601696,20250513,10.03,10.29,up
12168,601696,20250520,10.01,9.99,down
12169,601698,20250517,19.27,19.43,up
12170,601698,20250523,18.98,19.1,up
12171,601698,20250527,19.48,19.18,down
12172,601698,20250528,19.18,19.56,up
12173,601699,20250530,10.74,10.69,down
12174,601700,20250501,4.14,4.23,up
12175,601700,20250509,4.29,4.41,up
12176,601700,20250517,4.29,4.37,up
12177,601700,20250521,4.33,4.33,up
12178,601700,20250530,4.31,4.34,up
12179,601702,20250501,17.06,17.13,up
12180,601702,20250513,17.23,17.2,down
12181,601702,20250528,16.0,16.34,up
12182,601717,20250508,15.38,15.47,up
12183,601717,20250516,15.47,15.6,up
12184,601717,20250529,16.54,16.55,up
12185,601717,20250530,16.55,16.47,down
12186,601718,20250507,2.71,2.69,down
12187,601718,20250531,2.72,2.73,up
12188,601727,20250509,7.36,7.46,up
12189,601727,20250528,7.62,7.63,up
12190,601727,20250529,7.63,7.44,down
12191,601727,20250531,7.44,7.47,up
12192,601728,20250507,7.91,7.81,down
12193,601728,20250510,7.81,7.8,down
12194,601728,20250517,7.82,7.77,down
12195,601728,20250522,7.9,7.92,up
12196,601766,20250507,7.15,7.24,up
12197,601766,20250513,7.32,7.36,up
12198,601766,20250516,7.28,7.31,up
12199,601766,20250523,7.28,7.23,down
12200,601766,20250531,7.2,7.21,up
12201,601777,20250507,9.0,9.23,up
12202,601777,20250510,9.01,8.93,down
12203,601777,20250524,8.39,8.41,up
12204,601777,20250531,8.28,8.27,down
12205,601778,20250509,2.69,2.68,down
12206,601778,20250510,2.69,2.68,down
12207,601778,20250517,2.67,2.69,up
12208,601778,20250524,2.61,2.62,up
12209,601778,20250531,2.61,2.61,up
12210,601788,20250507,16.4,16.49,up
12211,601788,20250509,16.27,16.59,up
12212,601788,20250531,16.27,16.8,up
12213,601789,20250509,5.43,5.45,up
12214,601789,20250520,5.56,5.74,up
12215,601789,20250521,5.74,5.66,down
12216,601798,20250516,7.21,7.72,up
12217,601799,20250513,134.7,137.82,up
12218,601799,20250520,139.8,140.32,up
12219,601800,20250517,9.01,8.98,down
12220,601800,20250531,8.79,8.85,up
12221,601801,20250509,6.88,6.88,up
12222,601801,20250510,6.88,6.88,up
12223,601801,20250516,6.74,6.77,up
12224,601808,20250515,13.45,13.35,down
12225,601808,20250523,13.28,13.3,up
12226,601811,20250507,15.42,15.54,up
12227,601811,20250510,15.41,15.24,down
12228,601811,20250521,15.44,15.32,down
12229,601811,20250528,15.36,15.38,up
12230,601811,20250529,15.38,15.57,up
12231,601816,20250508,5.94,5.96,up
12232,601818,20250508,3.87,3.9,up
12233,601818,20250510,3.9,3.9,up
12234,601818,20250515,4.0,3.96,down
12235,601818,20250516,3.96,3.96,up
12236,601818,20250523,4.0,3.96,down
12237,601818,20250524,4.0,3.96,down
12238,601818,20250530,3.97,4.03,up
12239,601825,20250524,9.04,8.85,down
12240,601827,20250507,8.26,8.22,down
12241,601827,20250523,8.23,8.24,up
12242,601828,20250507,2.99,3.01,up
12243,601828,20250510,2.93,2.94,up
12244,601828,20250514,2.91,2.86,down
12245,601828,20250517,2.85,2.91,up
12246,601828,20250524,2.8,2.81,up
12247,601828,20250529,2.9,2.87,down
12248,601828,20250530,2.87,2.88,up
12249,601828,20250531,2.87,2.88,up
12250,601857,20250531,8.29,8.3,up
12251,601858,20250507,18.85,19.15,up
12252,601858,20250522,18.82,18.45,down
12253,601860,20250510,2.78,2.78,up
12254,601860,20250521,2.84,2.87,up
12255,601860,20250523,2.84,2.83,down
12256,601860,20250529,2.86,2.9,up
12257,601865,20250508,15.5,15.14,down
12258,601865,20250513,16.02,15.7,down
12259,601865,20250523,14.92,14.94,up
12260,601865,20250524,14.92,14.94,up
12261,601865,20250530,14.37,14.46,up
12262,601866,20250501,2.24,2.27,up
12263,601866,20250506,2.27,2.3,up
12264,601866,20250507,2.3,2.29,down
12265,601866,20250508,2.29,2.29,up
12266,601866,20250509,2.29,2.33,up
12267,601866,20250510,2.29,2.33,up
12268,601866,20250513,2.37,2.61,up
12269,601866,20250515,2.87,2.68,down
12270,601866,20250516,2.68,2.71,up
12271,601866,20250517,2.68,2.71,up
12272,601866,20250520,2.54,2.5,down
12273,601866,20250521,2.5,2.52,up
12274,601866,20250522,2.52,2.46,down
12275,601866,20250523,2.46,2.51,up
12276,601866,20250524,2.46,2.51,up
12277,601866,20250527,2.53,2.58,up
12278,601866,20250528,2.58,2.54,down
12279,601866,20250529,2.54,2.52,down
12280,601866,20250530,2.52,2.5,down
12281,601866,20250531,2.52,2.5,down
12282,601868,20250515,2.24,2.23,down
12283,601868,20250523,2.21,2.23,up
12284,601868,20250529,2.23,2.23,up
12285,601868,20250531,2.23,2.22,down
12286,601869,20250501,32.86,34.55,up
12287,601869,20250508,36.52,35.5,down
12288,601869,20250509,35.5,35.68,up
12289,601869,20250510,35.5,35.68,up
12290,601872,20250507,6.19,6.03,down
12291,601872,20250513,6.14,6.35,up
12292,601872,20250522,6.1,6.02,down
12293,601872,20250528,6.12,6.13,up
12294,601877,20250508,22.9,22.92,up
12295,601877,20250517,22.84,22.7,down
12296,601877,20250524,22.29,22.14,down
12297,601878,20250510,10.58,10.79,up
12298,601878,20250516,10.76,10.74,down
12299,601878,20250523,10.49,10.51,up
12300,601880,20250507,1.49,1.48,down
12301,601880,20250510,1.47,1.48,up
12302,601880,20250515,1.52,1.51,down
12303,601880,20250517,1.51,1.55,up
12304,601881,20250507,15.99,16.2,up
12305,601881,20250513,16.31,16.88,up
12306,601881,20250516,16.48,16.58,up
12307,601881,20250520,16.59,16.45,down
12308,601881,20250527,15.8,15.75,down
12309,601881,20250530,15.81,15.88,up
12310,601886,20250517,5.6,5.61,up
12311,601888,20250507,63.4,63.27,down
12312,601888,20250528,61.23,61.63,up
12313,601888,20250529,61.63,60.59,down
12314,601888,20250530,60.59,60.92,up
12315,601890,20250508,9.29,9.1,down
12316,601890,20250517,8.83,8.84,up
12317,601890,20250523,8.46,8.54,up
12318,601898,20250516,10.53,10.5,down
12319,601899,20250501,17.46,17.76,up
12320,601899,20250507,18.05,17.76,down
12321,601899,20250509,17.65,17.71,up
12322,601899,20250513,17.76,17.9,up
12323,601899,20250520,17.46,18.49,up
12324,601899,20250524,18.59,18.56,down
12325,601899,20250527,17.88,17.98,up
12326,601900,20250530,15.79,16.11,up
12327,601901,20250510,7.68,7.73,up
12328,601901,20250531,7.61,7.63,up
12329,601908,20250507,2.88,2.84,down
12330,601908,20250508,2.84,2.97,up
12331,601908,20250516,3.99,3.85,down
12332,601908,20250517,3.99,3.85,down
12333,601916,20250501,2.99,2.98,down
12334,601916,20250508,3.02,3.06,up
12335,601916,20250513,3.08,3.14,up
12336,601916,20250516,3.1,3.09,down
12337,601916,20250521,3.13,3.15,up
12338,601916,20250530,3.22,3.28,up
12339,601918,20250520,6.71,6.93,up
12340,601919,20250506,14.56,14.8,up
12341,601919,20250507,14.8,14.67,down
12342,601919,20250508,14.67,14.91,up
12343,601919,20250509,14.91,15.25,up
12344,601919,20250510,14.91,15.25,up
12345,601919,20250513,15.67,16.37,up
12346,601919,20250517,16.05,16.26,up
12347,601919,20250520,16.35,16.62,up
12348,601919,20250521,16.62,16.71,up
12349,601919,20250522,16.71,16.56,down
12350,601919,20250523,16.56,16.52,down
12351,601919,20250524,16.56,16.52,down
12352,601919,20250527,16.1,16.27,up
12353,601919,20250528,16.27,16.38,up
12354,601919,20250529,16.38,16.39,up
12355,601919,20250530,16.39,16.22,down
12356,601921,20250501,7.94,8.03,up
12357,601921,20250516,8.04,8.18,up
12358,601921,20250530,8.16,8.29,up
12359,601928,20250507,11.63,11.6,down
12360,601928,20250515,11.63,11.7,up
12361,601929,20250520,1.92,1.89,down
12362,601933,20250515,5.12,5.22,up
12363,601933,20250521,5.29,5.15,down
12364,601939,20250509,9.24,9.17,down
12365,601939,20250521,9.17,9.17,up
12366,601939,20250524,9.08,9.04,down
12367,601939,20250531,9.03,9.06,up
12368,601949,20250507,6.45,6.51,up
12369,601949,20250528,6.37,6.47,up
12370,601952,20250508,9.85,9.86,up
12371,601952,20250515,9.84,9.69,down
12372,601952,20250523,9.66,9.72,up
12373,601956,20250501,6.73,6.33,down
12374,601956,20250510,6.7,6.61,down
12375,601956,20250523,7.18,7.19,up
12376,601956,20250527,7.91,7.41,down
12377,601958,20250513,10.07,10.09,up
12378,601963,20250507,10.52,10.76,up
12379,601963,20250508,10.76,11.0,up
12380,601963,20250521,11.53,11.69,up
12381,601963,20250528,11.3,11.12,down
12382,601963,20250531,11.19,11.36,up
12383,601965,20250510,18.59,18.62,up
12384,601965,20250517,18.51,18.21,down
12385,601965,20250527,17.88,18.0,up
12386,601966,20250507,14.8,14.85,up
12387,601966,20250508,14.85,14.76,down
12388,601966,20250509,14.76,15.09,up
12389,601966,20250513,15.12,15.02,down
12390,601966,20250516,14.75,14.65,down
12391,601966,20250527,14.64,14.64,up
12392,601968,20250508,4.77,4.79,up
12393,601968,20250515,4.81,4.81,up
12394,601969,20250501,6.99,7.08,up
12395,601969,20250507,7.1,7.09,down
12396,601969,20250510,7.03,7.12,up
12397,601969,20250515,7.18,7.23,up
12398,601969,20250517,7.23,7.18,down
12399,601969,20250524,6.91,6.93,up
12400,601969,20250530,6.86,6.82,down
12401,601985,20250507,9.33,9.38,up
12402,601985,20250508,9.38,9.37,down
12403,601985,20250509,9.37,9.4,up
12404,601985,20250510,9.37,9.4,up
12405,601985,20250515,9.54,9.43,down
12406,601985,20250521,9.58,9.57,down
12407,601985,20250529,9.59,9.58,down
12408,601985,20250530,9.58,9.5,down
12409,601988,20250507,5.62,5.6,down
12410,601988,20250510,5.65,5.63,down
12411,601988,20250524,5.57,5.51,down
12412,601988,20250527,5.56,5.53,down
12413,601989,20250509,4.33,4.66,up
12414,601989,20250521,4.42,4.36,down
12415,601989,20250529,4.38,4.42,up
12416,601990,20250517,7.85,7.86,up
12417,601990,20250528,7.7,7.77,up
12418,601991,20250508,3.2,3.3,up
12419,601991,20250517,3.22,3.27,up
12420,601991,20250531,3.19,3.22,up
12421,601992,20250501,1.53,1.56,up
12422,601992,20250517,1.56,1.58,up
12423,601992,20250524,1.54,1.54,up
12424,601995,20250507,33.67,33.9,up
12425,601995,20250517,33.76,33.79,up
12426,601996,20250510,2.06,2.09,up
12427,601996,20250517,2.09,2.15,up
12428,601996,20250520,2.18,2.16,down
12429,601996,20250524,2.09,2.11,up
12430,601997,20250509,5.94,5.93,down
12431,601997,20250520,5.96,6.02,up
12432,601997,20250530,6.1,6.23,up
12433,601998,20250507,7.23,7.3,up
12434,601998,20250509,7.47,7.45,down
12435,601998,20250516,7.53,7.51,down
12436,601998,20250520,7.51,7.6,up
12437,601998,20250521,7.6,7.89,up
12438,603001,20250513,5.91,5.89,down
12439,603001,20250520,6.34,6.26,down
12440,603001,20250531,6.24,6.45,up
12441,603002,20250508,5.87,5.73,down
12442,603002,20250515,5.68,5.75,up
12443,603002,20250527,5.66,5.58,down
12444,603004,20250508,20.67,20.2,down
12445,603004,20250513,20.65,20.49,down
12446,603004,20250520,20.95,20.62,down
12447,603004,20250528,23.16,22.96,down
12448,603004,20250529,22.96,21.61,down
12449,603005,20250507,29.32,29.34,up
12450,603005,20250517,27.55,27.65,up
12451,603005,20250523,26.68,27.04,up
12452,603006,20250510,11.57,11.66,up
12453,603006,20250520,12.31,12.24,down
12454,603006,20250529,14.93,13.91,down
12455,603006,20250530,13.91,13.92,up
12456,603007,20250507,4.78,5.02,up
12457,603007,20250510,5.27,5.53,up
12458,603007,20250513,5.25,5.0,down
12459,603007,20250515,4.9,4.95,up
12460,603007,20250517,4.95,5.2,up
12461,603007,20250520,5.18,5.29,up
12462,603007,20250521,5.29,5.17,down
12463,603007,20250523,5.43,5.7,up
12464,603007,20250528,6.23,5.96,down
12465,603007,20250529,5.96,6.19,up
12466,603008,20250501,15.3,15.39,up
12467,603008,20250513,16.22,16.06,down
12468,603008,20250524,17.5,17.32,down
12469,603008,20250527,17.32,17.13,down
12470,603008,20250530,17.22,17.63,up
12471,603009,20250501,45.66,45.45,down
12472,603010,20250509,9.73,9.85,up
12473,603010,20250531,9.87,9.89,up
12474,603011,20250510,10.87,11.24,up
12475,603011,20250521,12.21,12.72,up
12476,603011,20250527,16.19,17.81,up
12477,603011,20250530,20.4,19.22,down
12478,603012,20250513,5.64,5.63,down
12479,603012,20250517,5.63,5.67,up
12480,603012,20250526,5.49,5.53,up
12481,603012,20250527,5.53,5.56,up
12482,603013,20250508,17.18,16.88,down
12483,603013,20250515,16.97,17.72,up
12484,603013,20250528,18.35,18.51,up
12485,603014,20250528,36.11,36.82,up
12486,603015,20250501,12.07,12.95,up
12487,603015,20250513,12.84,12.85,up
12488,603015,20250517,13.15,13.27,up
12489,603015,20250527,13.28,13.63,up
12490,603016,20250516,28.78,31.66,up
12491,603017,20250506,8.35,8.41,up
12492,603017,20250514,8.48,8.45,down
12493,603017,20250517,8.53,8.7,up
12494,603018,20250510,7.58,7.66,up
12495,603018,20250521,7.53,7.37,down
12496,603019,20250513,64.4,64.79,up
12497,603019,20250519,63.14,63.28,up
12498,603019,20250520,63.28,62.96,down
12499,603019,20250526,61.9,68.09,up
12500,603019,20250531,61.9,68.09,up
12501,603020,20250507,8.35,8.37,up
12502,603020,20250515,8.39,8.38,down
12503,603020,20250517,8.38,8.48,up
12504,603020,20250524,8.85,8.94,up
12505,603020,20250528,8.96,8.94,down
12506,603021,20250507,3.22,3.3,up
12507,603021,20250513,3.47,3.4,down
12508,603021,20250516,3.46,3.63,up
12509,603022,20250513,8.55,8.52,down
12510,603022,20250520,9.01,8.89,down
12511,603022,20250527,8.9,8.88,down
12512,603023,20250508,3.67,3.68,up
12513,603023,20250515,3.63,3.62,down
12514,603023,20250521,3.65,3.62,down
12515,603023,20250530,3.68,4.05,up
12516,603023,20250531,3.68,4.05,up
12517,603025,20250508,13.45,13.33,down
12518,603025,20250515,13.28,13.31,up
12519,603025,20250516,13.31,13.36,up
12520,603025,20250522,13.27,12.8,down
12521,603026,20250507,34.73,34.8,up
12522,603026,20250513,35.02,35.06,up
12523,603028,20250501,6.5,7.15,up
12524,603028,20250516,7.42,7.59,up
12525,603028,20250521,7.14,7.03,down
12526,603028,20250530,7.09,7.13,up
12527,603029,20250501,17.95,18.38,up
12528,603029,20250513,18.1,18.69,up
12529,603029,20250528,18.62,18.45,down
12530,603030,20250501,2.64,2.9,up
12531,603030,20250507,3.19,2.87,down
12532,603030,20250508,2.87,2.8,down
12533,603030,20250517,2.62,2.69,up
12534,603031,20250501,26.48,26.64,up
12535,603031,20250516,26.83,27.4,up
12536,603031,20250522,26.88,26.48,down
12537,603031,20250527,26.41,26.27,down
12538,603032,20250510,13.69,13.89,up
12539,603032,20250516,13.72,13.86,up
12540,603032,20250517,13.72,13.86,up
12541,603032,20250520,14.02,14.08,up
12542,603032,20250523,13.64,13.77,up
12543,603032,20250530,13.4,13.37,down
12544,603033,20250507,11.11,11.4,up
12545,603033,20250508,11.4,11.2,down
12546,603033,20250515,11.18,11.2,up
12547,603033,20250523,10.97,10.99,up
12548,603033,20250527,11.06,10.88,down
12549,603035,20250507,13.25,13.45,up
12550,603035,20250513,13.41,13.39,down
12551,603035,20250529,13.76,13.52,down
12552,603036,20250509,15.1,15.14,up
12553,603036,20250513,15.39,15.12,down
12554,603036,20250515,14.85,14.87,up
12555,603036,20250517,14.87,15.68,up
12556,603037,20250530,16.9,17.0,up
12557,603038,20250513,15.1,15.03,down
12558,603038,20250516,14.71,15.19,up
12559,603038,20250528,13.91,14.16,up
12560,603039,20250520,62.36,61.97,down
12561,603039,20250530,59.09,58.43,down
12562,603040,20250506,38.16,40.98,up
12563,603040,20250515,42.73,47.0,up
12564,603040,20250521,42.09,42.63,up
12565,603041,20250509,11.25,11.31,up
12566,603041,20250517,11.3,11.36,up
12567,603041,20250527,12.38,12.11,down
12568,603042,20250517,14.08,14.28,up
12569,603042,20250523,13.45,14.01,up
12570,603042,20250524,13.45,14.01,up
12571,603043,20250528,16.1,16.04,down
12572,603043,20250531,16.11,16.2,up
12573,603045,20250509,15.42,15.71,up
12574,603045,20250517,15.26,15.16,down
12575,603048,20250509,17.72,18.08,up
12576,603048,20250523,18.71,18.73,up
12577,603048,20250530,18.32,18.27,down
12578,603050,20250515,16.12,16.44,up
12579,603051,20250507,25.82,25.89,up
12580,603051,20250524,25.26,25.75,up
12581,603052,20250501,34.83,35.67,up
12582,603052,20250510,37.16,38.45,up
12583,603052,20250521,36.55,36.35,down
12584,603053,20250510,9.75,9.7,down
12585,603053,20250528,9.7,9.64,down
12586,603055,20250507,9.85,9.86,up
12587,603055,20250508,9.86,9.89,up
12588,603055,20250510,9.89,9.95,up
12589,603055,20250529,9.79,9.65,down
12590,603055,20250531,9.65,9.64,down
12591,603056,20250508,13.26,13.14,down
12592,603056,20250510,13.14,13.17,up
12593,603056,20250513,13.21,13.29,up
12594,603056,20250515,13.21,13.15,down
12595,603056,20250517,13.15,13.18,up
12596,603056,20250529,18.91,20.8,up
12597,603056,20250531,20.8,22.88,up
12598,603057,20250501,22.37,22.07,down
12599,603057,20250509,22.55,22.22,down
12600,603057,20250516,21.92,21.8,down
12601,603057,20250523,20.75,20.87,up
12602,603057,20250531,20.4,21.29,up
12603,603058,20250507,7.99,8.04,up
12604,603058,20250509,7.92,7.99,up
12605,603058,20250513,7.9,7.93,up
12606,603058,20250517,7.95,8.04,up
12607,603058,20250527,8.03,7.97,down
12608,603058,20250528,7.97,8.1,up
12609,603058,20250529,8.1,7.94,down
12610,603059,20250517,23.2,24.9,up
12611,603059,20250523,24.47,24.73,up
12612,603059,20250527,25.66,25.8,up
12613,603059,20250528,25.8,25.23,down
12614,603060,20250513,6.39,6.39,up
12615,603060,20250515,6.36,6.35,down
12616,603060,20250524,6.29,6.4,up
12617,603060,20250530,6.33,6.34,up
12618,603061,20250509,81.88,81.57,down
12619,603061,20250527,74.0,74.0,up
12620,603061,20250530,74.8,75.31,up
12621,603062,20250508,49.25,48.79,down
12622,603062,20250516,46.57,47.5,up
12623,603062,20250520,48.18,47.54,down
12624,603063,20250507,31.67,31.55,down
12625,603063,20250508,31.55,30.97,down
12626,603063,20250513,31.55,31.47,down
12627,603063,20250515,30.09,29.76,down
12628,603063,20250517,29.76,29.7,down
12629,603063,20250520,32.12,32.2,up
12630,603063,20250528,29.75,29.76,up
12631,603065,20250508,8.38,8.1,down
12632,603065,20250513,8.34,8.63,up
12633,603065,20250520,8.4,8.35,down
12634,603065,20250528,9.36,10.3,up
12635,603066,20250509,11.15,11.38,up
12636,603066,20250517,11.46,11.49,up
12637,603066,20250528,11.87,13.06,up
12638,603067,20250513,21.72,21.4,down
12639,603067,20250520,21.83,22.01,up
12640,603069,20250501,17.94,18.13,up
12641,603069,20250517,18.41,18.57,up
12642,603069,20250520,18.65,18.65,up
12643,603069,20250524,18.17,18.18,up
12644,603069,20250530,18.84,18.84,up
12645,603070,20250501,12.29,12.78,up
12646,603070,20250508,13.06,12.81,down
12647,603070,20250520,13.12,13.24,up
12648,603070,20250528,12.72,12.94,up
12649,603071,20250513,12.64,12.66,up
12650,603071,20250517,12.62,12.68,up
12651,603071,20250529,12.81,12.78,down
12652,603072,20250501,48.21,53.03,up
12653,603072,20250507,53.99,56.07,up
12654,603072,20250508,56.07,53.73,down
12655,603072,20250509,53.73,54.21,up
12656,603072,20250513,52.03,54.3,up
12657,603072,20250515,54.75,56.31,up
12658,603072,20250516,56.31,54.71,down
12659,603072,20250524,50.31,51.18,up
12660,603072,20250528,49.41,50.54,up
12661,603072,20250530,47.74,50.64,up
12662,603073,20250508,16.27,16.21,down
12663,603073,20250517,16.25,16.3,up
12664,603073,20250520,16.57,16.31,down
12665,603073,20250522,16.09,16.08,down
12666,603073,20250523,16.08,16.11,up
12667,603075,20250510,20.45,20.83,up
12668,603075,20250531,19.31,19.26,down
12669,603076,20250516,24.5,25.21,up
12670,603076,20250523,24.14,26.55,up
12671,603076,20250529,32.9,30.0,down
12672,603076,20250530,30.0,33.0,up
12673,603077,20250527,1.79,1.77,down
12674,603077,20250531,1.75,1.76,up
12675,603078,20250513,19.4,19.4,up
12676,603079,20250520,16.73,16.51,down
12677,603079,20250523,16.0,16.05,up
12678,603079,20250527,16.39,15.9,down
12679,603080,20250508,17.16,17.2,up
12680,603080,20250516,17.32,17.2,down
12681,603080,20250517,17.32,17.2,down
12682,603080,20250523,16.93,16.95,up
12683,603080,20250524,16.93,16.95,up
12684,603080,20250527,17.0,17.11,up
12685,603080,20250531,16.51,16.67,up
12686,603081,20250507,11.33,11.37,up
12687,603081,20250527,10.64,10.58,down
12688,603082,20250508,40.14,39.3,down
12689,603082,20250514,39.55,39.1,down
12690,603082,20250515,39.1,39.4,up
12691,603082,20250524,38.46,39.67,up
12692,603083,20250514,39.92,39.18,down
12693,603083,20250529,37.42,36.48,down
12694,603085,20250513,11.64,11.51,down
12695,603085,20250515,11.4,11.52,up
12696,603085,20250520,11.7,11.52,down
12697,603086,20250509,9.4,9.17,down
12698,603086,20250516,9.42,9.21,down
12699,603086,20250517,9.42,9.21,down
12700,603086,20250521,8.75,8.76,up
12701,603087,20250506,48.74,48.46,down
12702,603087,20250507,48.46,51.24,up
12703,603087,20250517,50.95,50.9,down
12704,603087,20250521,50.96,50.1,down
12705,603087,20250531,54.5,57.23,up
12706,603088,20250501,9.48,10.02,up
12707,603088,20250506,10.02,10.1,up
12708,603088,20250513,10.0,9.92,down
12709,603089,20250510,11.32,11.26,down
12710,603089,20250520,12.19,12.34,up
12711,603089,20250527,11.65,12.08,up
12712,603089,20250529,13.29,12.35,down
12713,603089,20250531,12.35,12.48,up
12714,603090,20250509,24.47,24.53,up
12715,603091,20250508,44.65,44.57,down
12716,603091,20250509,44.57,45.01,up
12717,603091,20250513,44.59,46.7,up
12718,603091,20250515,46.87,46.03,down
12719,603091,20250520,49.68,49.27,down
12720,603093,20250507,12.76,12.64,down
12721,603093,20250516,12.8,12.98,up
12722,603095,20250507,23.24,23.66,up
12723,603095,20250519,23.24,23.48,up
12724,603095,20250520,23.48,23.52,up
12725,603095,20250530,23.36,22.85,down
12726,603096,20250517,17.75,17.85,up
12727,603096,20250528,17.95,18.12,up
12728,603097,20250507,22.09,22.09,up
12729,603097,20250508,22.09,22.03,down
12730,603097,20250522,22.55,22.24,down
12731,603097,20250529,22.94,22.98,up
12732,603099,20250501,32.31,32.71,up
12733,603099,20250513,32.13,32.01,down
12734,603099,20250515,31.71,31.92,up
12735,603099,20250520,32.66,32.42,down
12736,603099,20250522,31.91,31.78,down
12737,603099,20250530,32.65,33.17,up
12738,603099,20250531,32.65,33.17,up
12739,603100,20250516,20.92,20.77,down
12740,603100,20250528,20.62,20.84,up
12741,603100,20250531,20.5,20.33,down
12742,603101,20250507,7.91,7.9,down
12743,603101,20250515,7.77,7.78,up
12744,603101,20250530,8.37,8.48,up
12745,603102,20250507,41.88,40.89,down
12746,603102,20250520,49.42,48.74,down
12747,603105,20250501,8.09,8.26,up
12748,603105,20250507,8.31,8.39,up
12749,603105,20250516,8.35,8.39,up
12750,603105,20250520,8.41,8.36,down
12751,603105,20250526,8.22,8.23,up
12752,603106,20250507,8.39,8.33,down
12753,603106,20250515,8.19,8.06,down
12754,603106,20250520,8.31,8.54,up
12755,603106,20250527,8.29,8.23,down
12756,603107,20250509,15.87,16.08,up
12757,603107,20250516,15.99,15.91,down
12758,603107,20250517,15.99,15.91,down
12759,603107,20250528,15.53,15.76,up
12760,603108,20250507,18.84,18.91,up
12761,603108,20250516,18.28,17.78,down
12762,603108,20250523,17.7,17.6,down
12763,603108,20250528,17.41,17.69,up
12764,603109,20250507,22.55,24.81,up
12765,603110,20250507,18.9,18.4,down
12766,603110,20250508,18.4,17.77,down
12767,603110,20250513,17.93,17.71,down
12768,603110,20250515,17.01,17.29,up
12769,603110,20250520,17.28,16.99,down
12770,603110,20250521,16.99,16.67,down
12771,603110,20250528,15.92,16.12,up
12772,603110,20250531,15.71,15.88,up
12773,603111,20250515,6.45,6.45,up
12774,603112,20250501,14.44,15.59,up
12775,603112,20250507,15.17,16.69,up
12776,603112,20250508,16.69,16.22,down
12777,603112,20250509,16.22,17.14,up
12778,603112,20250510,16.22,17.14,up
12779,603112,20250513,17.01,16.94,down
12780,603112,20250515,17.16,18.24,up
12781,603112,20250516,18.24,18.04,down
12782,603112,20250517,18.24,18.04,down
12783,603112,20250522,16.99,17.17,up
12784,603112,20250523,17.17,16.87,down
12785,603112,20250524,17.17,16.87,down
12786,603112,20250527,16.5,16.51,up
12787,603112,20250528,16.51,16.85,up
12788,603112,20250529,16.85,16.69,down
12789,603112,20250530,16.69,16.54,down
12790,603113,20250501,6.22,6.32,up
12791,603113,20250507,6.31,6.24,down
12792,603113,20250510,6.36,6.4,up
12793,603113,20250514,6.48,6.53,up
12794,603113,20250515,6.53,6.51,down
12795,603113,20250516,6.51,6.52,up
12796,603113,20250526,6.46,6.54,up
12797,603115,20250510,13.89,14.04,up
12798,603115,20250517,14.32,14.36,up
12799,603116,20250510,5.64,5.61,down
12800,603116,20250520,5.78,5.76,down
12801,603117,20250515,6.42,6.42,up
12802,603117,20250517,6.42,6.61,up
12803,603117,20250520,6.7,6.54,down
12804,603117,20250523,6.14,6.38,up
12805,603117,20250528,6.18,6.21,up
12806,603117,20250529,6.21,6.11,down
12807,603117,20250531,6.11,6.14,up
12808,603118,20250508,9.8,9.65,down
12809,603118,20250521,9.78,9.61,down
12810,603119,20250508,47.6,43.61,down
12811,603119,20250513,45.42,45.97,up
12812,603119,20250521,45.02,44.2,down
12813,603120,20250522,39.4,40.79,up
12814,603121,20250510,24.18,25.21,up
12815,603121,20250516,24.38,23.7,down
12816,603121,20250531,23.28,22.96,down
12817,603122,20250513,6.68,6.67,down
12818,603123,20250527,9.42,9.3,down
12819,603123,20250531,11.25,12.38,up
12820,603124,20250524,42.21,42.54,up
12821,603124,20250527,41.61,41.15,down
12822,603124,20250530,40.94,40.94,up
12823,603125,20250501,20.98,21.64,up
12824,603125,20250508,21.9,21.49,down
12825,603125,20250509,21.49,22.27,up
12826,603125,20250516,22.22,22.13,down
12827,603125,20250520,22.02,21.65,down
12828,603125,20250527,15.29,14.82,down
12829,603126,20250508,6.2,6.21,up
12830,603126,20250521,6.32,6.21,down
12831,603126,20250524,6.06,6.19,up
12832,603127,20250508,16.35,16.13,down
12833,603127,20250513,16.22,16.07,down
12834,603127,20250523,17.3,16.93,down
12835,603127,20250527,17.04,16.52,down
12836,603129,20250508,170.04,168.91,down
12837,603129,20250520,186.02,182.86,down
12838,603130,20250501,24.7,27.17,up
12839,603130,20250507,28.66,27.91,down
12840,603130,20250514,27.8,27.52,down
12841,603130,20250524,28.46,25.81,down
12842,603131,20250508,17.63,17.74,up
12843,603131,20250517,17.11,17.1,down
12844,603131,20250528,16.68,17.09,up
12845,603131,20250530,17.14,17.18,up
12846,603132,20250520,11.45,11.41,down
12847,603132,20250528,11.51,11.55,up
12848,603132,20250529,11.55,11.54,down
12849,603132,20250531,11.54,11.54,up
12850,603135,20250507,9.39,9.55,up
12851,603135,20250509,9.47,9.56,up
12852,603135,20250516,9.47,10.42,up
12853,603135,20250521,10.39,10.75,up
12854,603136,20250509,11.61,11.62,up
12855,603136,20250510,11.61,11.62,up
12856,603136,20250517,11.62,11.85,up
12857,603136,20250519,11.85,11.87,up
12858,603136,20250520,11.87,11.84,down
12859,603136,20250526,11.63,11.64,up
12860,603136,20250529,11.78,11.4,down
12861,603137,20250517,13.3,13.45,up
12862,603138,20250501,13.58,14.0,up
12863,603138,20250510,14.1,14.34,up
12864,603138,20250520,14.05,13.75,down
12865,603139,20250508,19.77,19.46,down
12866,603139,20250513,19.48,19.49,up
12867,603139,20250520,20.15,20.15,up
12868,603139,20250521,20.15,20.13,down
12869,603150,20250507,31.44,32.19,up
12870,603150,20250508,32.19,31.71,down
12871,603150,20250513,32.77,31.51,down
12872,603150,20250516,31.79,32.44,up
12873,603150,20250517,31.79,32.44,up
12874,603150,20250523,34.35,35.04,up
12875,603150,20250530,36.47,34.88,down
12876,603151,20250507,14.72,14.63,down
12877,603151,20250513,14.72,14.45,down
12878,603151,20250515,14.64,14.93,up
12879,603151,20250527,15.12,14.99,down
12880,603151,20250530,15.0,15.56,up
12881,603153,20250524,16.73,16.89,up
12882,603155,20250501,13.02,13.34,up
12883,603155,20250528,13.6,13.84,up
12884,603156,20250509,24.67,24.37,down
12885,603156,20250517,23.82,24.32,up
12886,603156,20250528,24.94,24.76,down
12887,603158,20250507,8.49,8.64,up
12888,603158,20250516,8.69,8.65,down
12889,603158,20250523,8.43,8.44,up
12890,603159,20250531,14.86,15.0,up
12891,603160,20250510,71.75,72.12,up
12892,603160,20250524,67.93,68.59,up
12893,603161,20250507,11.75,12.03,up
12894,603161,20250508,12.03,11.93,down
12895,603161,20250513,11.94,11.94,up
12896,603161,20250516,12.33,12.31,down
12897,603161,20250517,12.33,12.31,down
12898,603161,20250521,12.51,12.26,down
12899,603161,20250522,12.26,12.4,up
12900,603161,20250527,12.24,12.2,down
12901,603162,20250501,7.82,7.91,up
12902,603162,20250510,7.9,8.09,up
12903,603162,20250514,9.34,8.8,down
12904,603162,20250515,8.8,8.53,down
12905,603162,20250521,8.47,8.46,down
12906,603162,20250522,8.46,8.28,down
12907,603162,20250524,8.28,8.32,up
12908,603162,20250527,8.38,8.29,down
12909,603163,20250515,27.37,27.64,up
12910,603163,20250530,27.91,27.52,down
12911,603165,20250507,12.01,12.04,up
12912,603165,20250509,11.99,12.08,up
12913,603165,20250510,11.99,12.08,up
12914,603165,20250517,11.6,11.71,up
12915,603165,20250527,11.09,10.9,down
12916,603165,20250531,10.83,10.99,up
12917,603166,20250506,18.07,17.7,down
12918,603166,20250507,17.7,17.31,down
12919,603166,20250508,17.31,16.61,down
12920,603166,20250529,15.22,14.55,down
12921,603167,20250523,8.98,8.9,down
12922,603167,20250531,9.33,9.42,up
12923,603168,20250510,7.16,7.12,down
12924,603169,20250501,6.63,7.29,up
12925,603169,20250508,7.48,7.29,down
12926,603169,20250515,7.91,8.09,up
12927,603169,20250516,8.09,8.67,up
12928,603170,20250510,13.36,13.19,down
12929,603170,20250513,13.15,13.14,down
12930,603170,20250520,14.04,14.0,down
12931,603170,20250527,13.78,14.26,up
12932,603171,20250501,46.55,47.16,up
12933,603171,20250510,43.43,44.11,up
12934,603171,20250523,41.47,40.65,down
12935,603172,20250513,15.14,14.99,down
12936,603172,20250520,15.43,15.32,down
12937,603172,20250524,15.02,15.15,up
12938,603173,20250509,32.0,31.53,down
12939,603173,20250515,33.05,32.92,down
12940,603176,20250508,4.92,4.86,down
12941,603176,20250521,4.91,4.81,down
12942,603176,20250530,4.99,4.94,down
12943,603177,20250508,8.32,8.29,down
12944,603177,20250521,8.47,8.29,down
12945,603178,20250520,19.62,19.81,up
12946,603178,20250529,20.03,19.31,down
12947,603178,20250531,19.31,19.45,up
12948,603179,20250513,44.23,45.1,up
12949,603179,20250516,46.0,46.43,up
12950,603179,20250528,43.15,44.79,up
12951,603180,20250507,18.46,18.6,up
12952,603180,20250508,18.6,18.45,down
12953,603180,20250510,18.45,18.48,up
12954,603180,20250513,18.43,18.25,down
12955,603180,20250522,18.49,18.35,down
12956,603180,20250523,18.35,18.57,up
12957,603180,20250530,18.72,18.91,up
12958,603181,20250509,12.18,12.64,up
12959,603181,20250516,12.38,12.72,up
12960,603182,20250501,12.76,12.97,up
12961,603182,20250516,12.94,13.12,up
12962,603183,20250510,4.05,4.05,up
12963,603183,20250521,4.12,4.02,down
12964,603185,20250508,14.5,14.15,down
12965,603185,20250513,15.19,14.92,down
12966,603185,20250521,14.36,14.18,down
12967,603186,20250517,26.65,26.5,down
12968,603186,20250531,25.37,25.14,down
12969,603187,20250501,10.97,11.0,up
12970,603187,20250530,11.7,11.79,up
12971,603188,20250509,4.06,4.07,up
12972,603188,20250513,4.15,4.1,down
12973,603188,20250517,4.14,4.33,up
12974,603188,20250521,4.23,4.13,down
12975,603188,20250528,4.04,4.08,up
12976,603189,20250508,20.35,18.48,down
12977,603189,20250527,17.7,17.42,down
12978,603190,20250520,22.96,23.2,up
12979,603190,20250524,23.17,22.86,down
12980,603190,20250528,22.84,22.98,up
12981,603190,20250531,22.5,22.37,down
12982,603191,20250508,12.17,12.01,down
12983,603191,20250510,12.01,12.28,up
12984,603191,20250517,12.18,12.17,down
12985,603192,20250508,17.29,17.02,down
12986,603192,20250517,17.37,17.5,up
12987,603192,20250523,23.55,25.91,up
12988,603192,20250524,23.55,25.91,up
12989,603192,20250527,28.5,26.3,down
12990,603192,20250528,26.3,23.67,down
12991,603192,20250529,23.67,21.42,down
12992,603192,20250531,21.42,21.41,down
12993,603193,20250507,37.16,36.93,down
12994,603193,20250508,36.93,38.69,up
12995,603193,20250516,42.62,42.28,down
12996,603193,20250523,39.93,39.67,down
12997,603193,20250526,39.67,39.6,down
12998,603194,20250506,34.37,34.77,up
12999,603194,20250507,34.77,35.14,up
13000,603194,20250513,34.87,34.76,down
13001,603194,20250520,34.1,33.8,down
13002,603194,20250529,37.49,41.24,up
13003,603194,20250531,41.24,39.8,down
13004,603195,20250501,71.22,71.54,up
13005,603195,20250508,72.13,72.69,up
13006,603195,20250513,72.39,72.53,up
13007,603195,20250516,72.7,72.14,down
13008,603195,20250523,73.2,71.93,down
13009,603195,20250531,70.8,72.03,up
13010,603196,20250501,14.66,15.0,up
13011,603196,20250516,14.75,15.08,up
13012,603196,20250520,15.77,15.39,down
13013,603197,20250507,39.62,39.7,up
13014,603197,20250510,38.68,39.75,up
13015,603197,20250513,39.51,39.14,down
13016,603197,20250515,38.21,39.99,up
13017,603197,20250522,40.21,40.06,down
13018,603197,20250523,40.06,39.4,down
13019,603197,20250527,38.38,38.2,down
13020,603197,20250529,39.05,37.8,down
13021,603197,20250530,37.8,37.35,down
13022,603197,20250531,37.8,37.35,down
13023,603198,20250516,44.35,43.14,down
13024,603198,20250527,42.07,42.08,up
13025,603198,20250529,41.98,40.4,down
13026,603199,20250513,37.21,36.81,down
13027,603199,20250521,38.12,37.59,down
13028,603199,20250524,36.7,37.29,up
13029,603199,20250531,36.83,36.99,up
13030,603200,20250510,36.89,38.99,up
13031,603200,20250517,37.1,36.71,down
13032,603200,20250523,37.13,37.1,down
13033,603200,20250527,37.73,36.6,down
13034,603200,20250529,35.85,34.88,down
13035,603201,20250510,17.69,17.82,up
13036,603201,20250513,17.72,17.53,down
13037,603201,20250520,18.18,17.93,down
13038,603201,20250521,17.93,17.65,down
13039,603201,20250531,17.73,17.85,up
13040,603202,20250529,103.7,100.55,down
13041,603203,20250515,23.7,24.06,up
13042,603203,20250521,23.93,23.83,down
13043,603205,20250501,38.3,39.2,up
13044,603205,20250507,39.09,39.39,up
13045,603205,20250514,39.08,39.98,up
13046,603205,20250528,38.02,38.61,up
13047,603206,20250508,17.49,17.13,down
13048,603206,20250509,17.13,17.42,up
13049,603206,20250529,16.63,16.72,up
13050,603206,20250530,16.72,16.58,down
13051,603207,20250516,28.16,28.11,down
13052,603207,20250523,28.93,29.25,up
13053,603208,20250507,14.42,14.6,up
13054,603208,20250513,14.57,14.5,down
13055,603208,20250515,14.42,14.44,up
13056,603208,20250531,15.28,15.15,down
13057,603209,20250501,14.16,14.42,up
13058,603209,20250509,14.18,14.52,up
13059,603209,20250516,14.77,14.91,up
13060,603210,20250508,21.14,21.15,up
13061,603210,20250527,20.77,20.38,down
13062,603211,20250520,17.84,17.84,up
13063,603211,20250529,18.39,17.71,down
13064,603212,20250514,9.84,9.68,down
13065,603212,20250521,9.76,9.45,down
13066,603212,20250529,9.5,9.36,down
13067,603213,20250510,9.38,9.46,up
13068,603213,20250515,9.7,10.06,up
13069,603213,20250520,9.86,9.85,down
13070,603213,20250521,9.85,10.23,up
13071,603214,20250508,21.41,20.78,down
13072,603214,20250516,21.1,21.24,up
13073,603214,20250527,19.91,19.67,down
13074,603214,20250529,19.65,19.82,up
13075,603214,20250530,19.82,20.0,up
13076,603214,20250531,19.82,20.0,up
13077,603215,20250507,16.28,16.76,up
13078,603215,20250509,16.4,16.8,up
13079,603215,20250510,16.4,16.8,up
13080,603215,20250516,16.8,16.45,down
13081,603215,20250523,16.88,16.94,up
13082,603215,20250529,17.27,16.55,down
13083,603216,20250507,12.11,11.98,down
13084,603216,20250520,13.19,12.86,down
13085,603216,20250527,12.97,13.14,up
13086,603216,20250528,13.14,13.35,up
13087,603217,20250510,17.18,17.2,up
13088,603217,20250513,17.28,17.21,down
13089,603217,20250517,17.49,17.31,down
13090,603218,20250509,12.37,12.32,down
13091,603219,20250507,15.61,15.85,up
13092,603219,20250509,15.68,16.0,up
13093,603219,20250515,15.57,15.62,up
13094,603219,20250520,15.52,15.23,down
13095,603219,20250524,14.83,15.05,up
13096,603220,20250507,23.66,24.14,up
13097,603220,20250509,23.26,23.66,up
13098,603220,20250515,23.36,23.2,down
13099,603220,20250521,22.7,22.4,down
13100,603220,20250523,21.89,22.26,up
13101,603221,20250507,10.73,10.87,up
13102,603221,20250513,10.97,10.94,down
13103,603221,20250516,10.95,10.94,down
13104,603221,20250521,10.99,10.95,down
13105,603221,20250523,10.78,11.01,up
13106,603222,20250501,5.84,5.99,up
13107,603222,20250515,6.03,6.08,up
13108,603222,20250523,5.97,5.93,down
13109,603222,20250530,6.18,6.26,up
13110,603223,20250509,8.8,8.68,down
13111,603225,20250507,10.96,10.91,down
13112,603225,20250520,11.17,11.2,up
13113,603225,20250529,11.04,10.88,down
13114,603226,20250507,7.35,7.44,up
13115,603226,20250508,7.44,7.4,down
13116,603226,20250523,7.98,7.72,down
13117,603226,20250531,8.22,9.04,up
13118,603227,20250509,9.7,9.75,up
13119,603227,20250516,9.19,9.37,up
13120,603227,20250528,9.15,9.2,up
13121,603228,20250508,30.45,29.42,down
13122,603228,20250510,29.42,30.6,up
13123,603228,20250521,30.63,29.04,down
13124,603228,20250522,29.04,28.61,down
13125,603228,20250524,28.61,29.23,up
13126,603228,20250527,29.04,29.52,up
13127,603228,20250528,29.52,30.91,up
13128,603229,20250507,7.98,8.0,up
13129,603229,20250510,7.97,7.98,up
13130,603229,20250521,8.37,8.36,down
13131,603230,20250509,13.18,13.16,down
13132,603231,20250509,16.74,16.68,down
13133,603231,20250510,16.74,16.68,down
13134,603231,20250516,16.94,17.24,up
13135,603231,20250531,16.61,16.83,up
13136,603232,20250510,13.26,13.73,up
13137,603232,20250516,13.24,13.38,up
13138,603232,20250517,13.24,13.38,up
13139,603232,20250523,14.4,14.29,down
13140,603232,20250524,14.4,14.29,down
13141,603233,20250513,18.21,17.85,down
13142,603233,20250521,17.92,17.96,up
13143,603233,20250529,17.3,17.4,up
13144,603235,20250507,27.25,27.27,up
13145,603235,20250508,27.27,26.83,down
13146,603235,20250523,26.73,26.79,up
13147,603236,20250510,75.33,77.39,up
13148,603236,20250520,74.92,73.29,down
13149,603236,20250528,71.03,72.22,up
13150,603236,20250531,70.85,71.63,up
13151,603237,20250509,21.37,21.04,down
13152,603237,20250516,19.75,21.08,up
13153,603237,20250528,20.25,20.11,down
13154,603237,20250529,20.11,18.55,down
13155,603238,20250517,15.88,16.48,up
13156,603238,20250527,17.19,17.21,up
13157,603239,20250509,13.57,14.14,up
13158,603239,20250513,14.8,15.18,up
13159,603239,20250516,15.49,14.83,down
13160,603255,20250507,24.67,24.77,up
13161,603255,20250510,24.65,25.06,up
13162,603255,20250515,25.58,25.31,down
13163,603255,20250517,25.31,25.52,up
13164,603255,20250520,25.4,25.52,up
13165,603255,20250522,26.38,25.07,down
13166,603256,20250529,10.74,11.17,up
13167,603257,20250520,52.11,52.12,up
13168,603257,20250530,48.1,50.12,up
13169,603258,20250509,20.88,20.97,up
13170,603258,20250517,20.07,20.12,up
13171,603259,20250507,58.25,58.98,up
13172,603259,20250515,61.39,61.36,down
13173,603259,20250519,61.05,62.66,up
13174,603259,20250522,62.79,62.05,down
13175,603259,20250523,62.05,61.67,down
13176,603259,20250524,62.05,61.67,down
13177,603259,20250527,62.2,61.65,down
13178,603259,20250528,61.65,64.7,up
13179,603259,20250529,64.7,63.51,down
13180,603259,20250530,63.51,64.47,up
13181,603259,20250531,63.51,64.47,up
13182,603260,20250516,51.24,50.79,down
13183,603261,20250508,16.87,17.71,up
13184,603261,20250509,17.71,18.6,up
13185,603261,20250513,18.61,19.54,up
13186,603261,20250515,19.14,18.32,down
13187,603261,20250528,18.06,18.96,up
13188,603266,20250527,18.44,18.12,down
13189,603267,20250510,51.1,56.21,up
13190,603267,20250512,56.21,52.53,down
13191,603267,20250529,46.72,46.45,down
13192,603268,20250507,39.76,38.81,down
13193,603268,20250509,39.04,39.05,up
13194,603268,20250517,42.84,43.15,up
13195,603268,20250520,42.3,41.28,down
13196,603268,20250523,39.9,40.66,up
13197,603268,20250527,40.74,39.84,down
13198,603269,20250509,11.92,11.97,up
13199,603269,20250513,12.05,12.12,up
13200,603269,20250521,12.17,12.13,down
13201,603269,20250528,12.8,12.85,up
13202,603270,20250510,27.25,27.62,up
13203,603270,20250513,27.3,26.89,down
13204,603270,20250517,27.08,26.98,down
13205,603270,20250520,27.08,26.3,down
13206,603270,20250521,26.3,26.31,up
13207,603270,20250523,27.13,27.35,up
13208,603270,20250529,27.01,26.17,down
13209,603271,20250508,38.21,37.15,down
13210,603271,20250510,37.15,37.85,up
13211,603271,20250512,37.85,37.35,down
13212,603271,20250516,36.63,36.37,down
13213,603272,20250507,17.06,17.36,up
13214,603272,20250508,17.36,17.48,up
13215,603272,20250510,17.48,17.41,down
13216,603272,20250513,17.29,17.2,down
13217,603272,20250515,17.23,17.34,up
13218,603272,20250523,17.06,17.05,down
13219,603273,20250520,17.43,17.9,up
13220,603273,20250528,18.19,18.25,up
13221,603275,20250507,38.2,38.99,up
13222,603275,20250516,37.4,37.16,down
13223,603275,20250521,40.36,39.44,down
13224,603276,20250510,13.25,13.37,up
13225,603276,20250517,13.86,13.81,down
13226,603276,20250521,14.52,14.59,up
13227,603276,20250529,15.59,15.1,down
13228,603276,20250530,15.1,14.91,down
13229,603277,20250513,24.39,23.99,down
13230,603277,20250520,23.59,23.77,up
13231,603277,20250530,23.75,23.75,up
13232,603278,20250510,10.19,10.43,up
13233,603278,20250527,9.3,9.31,up
13234,603278,20250529,9.39,9.06,down
13235,603279,20250522,16.44,16.45,up
13236,603279,20250528,16.08,16.08,up
13237,603280,20250501,24.52,25.85,up
13238,603280,20250508,25.35,25.06,down
13239,603280,20250509,25.06,26.22,up
13240,603280,20250516,25.18,25.32,up
13241,603281,20250507,23.59,23.61,up
13242,603281,20250508,23.61,23.47,down
13243,603281,20250517,23.33,23.76,up
13244,603281,20250529,23.51,23.37,down
13245,603281,20250530,23.37,23.26,down
13246,603282,20250513,16.05,15.9,down
13247,603282,20250516,16.21,16.38,up
13248,603282,20250527,16.44,16.32,down
13249,603283,20250509,44.2,46.24,up
13250,603283,20250513,46.4,45.89,down
13251,603283,20250521,43.61,43.05,down
13252,603285,20250509,23.14,23.06,down
13253,603285,20250517,23.5,23.3,down
13254,603285,20250529,24.05,23.41,down
13255,603286,20250507,35.05,35.4,up
13256,603286,20250510,33.67,37.04,up
13257,603286,20250517,38.18,34.54,down
13258,603286,20250524,33.28,32.4,down
13259,603286,20250530,30.67,31.01,up
13260,603286,20250531,30.67,31.01,up
13261,603288,20250501,41.92,41.78,down
13262,603288,20250510,42.4,42.54,up
13263,603288,20250517,42.58,42.91,up
13264,603288,20250524,44.37,44.78,up
13265,603288,20250529,44.63,44.42,down
13266,603289,20250508,9.23,9.24,up
13267,603289,20250513,9.22,9.12,down
13268,603289,20250517,9.14,9.24,up
13269,603289,20250521,9.2,9.13,down
13270,603289,20250523,9.11,9.23,up
13271,603289,20250529,9.51,9.27,down
13272,603290,20250508,85.08,82.97,down
13273,603290,20250510,82.97,84.33,up
13274,603290,20250520,82.88,82.89,up
13275,603290,20250529,81.66,80.2,down
13276,603290,20250531,80.2,79.81,down
13277,603291,20250507,11.03,11.28,up
13278,603291,20250510,11.55,12.71,up
13279,603291,20250516,12.55,12.1,down
13280,603291,20250521,11.84,11.89,up
13281,603291,20250529,12.19,12.16,down
13282,603296,20250507,70.32,71.99,up
13283,603296,20250515,70.43,73.96,up
13284,603296,20250529,68.18,66.31,down
13285,603296,20250530,66.31,66.76,up
13286,603297,20250513,89.3,87.93,down
13287,603297,20250521,85.2,84.31,down
13288,603298,20250507,19.32,19.41,up
13289,603298,20250508,19.41,19.49,up
13290,603298,20250509,19.49,20.0,up
13291,603299,20250510,9.7,9.69,down
13292,603299,20250520,9.79,9.77,down
13293,603299,20250523,9.72,9.72,up
13294,603300,20250501,11.25,12.38,up
13295,603300,20250508,12.06,11.47,down
13296,603300,20250513,11.71,12.0,up
13297,603300,20250528,9.97,10.1,up
13298,603300,20250529,10.1,9.71,down
13299,603301,20250510,19.42,19.54,up
13300,603301,20250520,20.55,20.59,up
13301,603301,20250530,20.83,20.93,up
13302,603303,20250508,12.23,12.1,down
13303,603303,20250513,12.21,12.19,down
13304,603303,20250521,12.56,12.42,down
13305,603303,20250528,11.78,11.93,up
13306,603305,20250507,13.2,13.47,up
13307,603305,20250516,13.35,13.06,down
13308,603305,20250531,12.22,12.31,up
13309,603306,20250506,36.56,37.53,up
13310,603306,20250507,37.53,37.27,down
13311,603306,20250510,36.56,37.1,up
13312,603306,20250513,36.75,36.99,up
13313,603306,20250520,41.65,40.15,down
13314,603306,20250528,41.65,40.15,down
13315,603307,20250509,36.16,36.5,up
13316,603307,20250510,36.16,36.5,up
13317,603307,20250517,36.37,36.5,up
13318,603308,20250515,20.63,21.05,up
13319,603308,20250529,21.03,20.83,down
13320,603308,20250530,20.83,20.67,down
13321,603309,20250507,11.75,11.82,up
13322,603309,20250508,11.82,11.83,up
13323,603309,20250516,12.15,12.18,up
13324,603309,20250522,12.18,12.28,up
13325,603309,20250523,12.28,12.27,down
13326,603309,20250530,12.07,12.26,up
13327,603309,20250531,12.07,12.26,up
13328,603310,20250516,18.42,18.36,down
13329,603310,20250522,18.03,17.98,down
13330,603310,20250527,18.81,18.56,down
13331,603311,20250501,10.06,10.28,up
13332,603311,20250513,10.61,10.46,down
13333,603311,20250522,10.49,10.46,down
13334,603311,20250530,10.55,10.59,up
13335,603312,20250507,40.0,40.2,up
13336,603312,20250529,36.66,36.06,down
13337,603312,20250530,36.06,36.01,down
13338,603313,20250507,7.84,7.93,up
13339,603313,20250510,7.81,8.0,up
13340,603313,20250517,8.03,8.22,up
13341,603315,20250517,13.2,13.19,down
13342,603315,20250520,13.36,12.97,down
13343,603315,20250524,12.43,12.84,up
13344,603316,20250507,6.41,6.47,up
13345,603316,20250521,6.83,6.75,down
13346,603317,20250508,11.44,11.52,up
13347,603317,20250509,11.52,11.52,up
13348,603317,20250510,11.52,11.52,up
13349,603317,20250523,11.58,11.79,up
13350,603317,20250524,11.58,11.79,up
13351,603317,20250528,11.86,11.67,down
13352,603318,20250517,6.62,6.78,up
13353,603318,20250520,6.76,6.72,down
13354,603318,20250528,6.43,6.46,up
13355,603318,20250529,6.46,6.35,down
13356,603319,20250517,37.3,35.85,down
13357,603320,20250509,17.4,17.5,up
13358,603320,20250520,17.37,17.16,down
13359,603321,20250520,7.71,8.48,up
13360,603322,20250501,32.23,34.49,up
13361,603322,20250508,34.5,33.79,down
13362,603322,20250523,35.2,34.87,down
13363,603323,20250509,5.38,5.4,up
13364,603323,20250515,5.53,5.51,down
13365,603323,20250523,5.71,5.77,up
13366,603324,20250513,24.46,24.3,down
13367,603324,20250515,23.84,23.93,up
13368,603324,20250520,24.58,24.49,down
13369,603324,20250529,24.63,24.1,down
13370,603325,20250513,92.2,91.7,down
13371,603325,20250524,89.19,90.29,up
13372,603325,20250531,88.95,89.06,up
13373,603326,20250506,8.91,8.94,up
13374,603326,20250512,8.52,8.73,up
13375,603326,20250517,8.76,9.64,up
13376,603326,20250529,9.22,9.37,up
13377,603327,20250509,11.59,11.82,up
13378,603327,20250513,11.88,11.83,down
13379,603327,20250517,11.72,11.63,down
13380,603328,20250523,8.74,8.73,down
13381,603328,20250530,8.7,8.66,down
13382,603329,20250508,14.99,14.73,down
13383,603329,20250510,14.73,14.7,down
13384,603329,20250516,14.8,15.14,up
13385,603329,20250530,14.9,15.1,up
13386,603330,20250510,6.66,6.84,up
13387,603330,20250516,6.8,6.88,up
13388,603330,20250517,6.8,6.88,up
13389,603330,20250520,6.89,6.75,down
13390,603330,20250527,6.6,6.47,down
13391,603331,20250501,9.33,9.48,up
13392,603331,20250510,11.48,10.62,down
13393,603331,20250516,10.75,10.4,down
13394,603331,20250520,10.33,10.2,down
13395,603331,20250530,9.85,10.12,up
13396,603332,20250508,9.8,10.78,up
13397,603332,20250513,13.05,14.36,up
13398,603332,20250515,15.8,14.69,down
13399,603332,20250516,14.69,15.03,up
13400,603332,20250517,14.69,15.03,up
13401,603332,20250527,19.77,21.0,up
13402,603332,20250528,21.0,18.9,down
13403,603333,20250521,5.62,6.18,up
13404,603333,20250524,6.8,7.48,up
13405,603333,20250527,8.23,9.05,up
13406,603333,20250528,9.05,9.96,up
13407,603333,20250529,9.96,8.96,down
13408,603333,20250530,8.96,8.75,down
13409,603335,20250507,5.42,4.88,down
13410,603335,20250508,4.88,4.56,down
13411,603335,20250515,4.63,4.82,up
13412,603335,20250521,5.03,4.86,down
13413,603337,20250507,35.89,34.52,down
13414,603337,20250513,38.84,37.45,down
13415,603337,20250524,39.99,40.01,up
13416,603337,20250530,38.6,38.03,down
13417,603338,20250510,45.02,49.52,up
13418,603338,20250521,46.88,45.93,down
13419,603338,20250530,45.26,44.79,down
13420,603339,20250508,11.77,11.61,down
13421,603339,20250520,12.06,11.84,down
13422,603341,20250501,40.87,41.92,up
13423,603341,20250508,42.06,40.56,down
13424,603341,20250510,40.56,42.04,up
13425,603341,20250515,38.85,39.0,up
13426,603341,20250516,39.0,39.11,up
13427,603341,20250522,39.46,38.02,down
13428,603341,20250527,38.23,37.65,down
13429,603341,20250528,37.65,37.99,up
13430,603344,20250501,23.77,25.25,up
13431,603344,20250508,25.59,27.23,up
13432,603344,20250510,27.23,26.51,down
13433,603345,20250508,77.24,77.5,up
13434,603345,20250513,79.54,79.95,up
13435,603345,20250517,79.45,80.89,up
13436,603345,20250522,83.62,83.86,up
13437,603345,20250527,84.85,83.74,down
13438,603348,20250510,21.11,21.38,up
13439,603348,20250517,21.36,21.15,down
13440,603348,20250523,21.1,21.04,down
13441,603350,20250516,42.79,41.6,down
13442,603350,20250517,42.79,41.6,down
13443,603350,20250521,41.02,41.0,down
13444,603350,20250530,36.55,36.38,down
13445,603351,20250509,27.36,27.24,down
13446,603351,20250516,28.08,28.3,up
13447,603353,20250517,15.56,15.54,down
13448,603353,20250528,15.44,15.56,up
13449,603355,20250507,22.41,22.79,up
13450,603357,20250523,8.35,8.37,up
13451,603357,20250527,8.41,8.45,up
13452,603357,20250531,8.48,8.51,up
13453,603358,20250501,34.9,35.99,up
13454,603358,20250507,36.2,36.3,up
13455,603358,20250520,36.0,35.1,down
13456,603358,20250521,35.1,34.4,down
13457,603358,20250528,33.5,33.9,up
13458,603359,20250501,7.6,7.15,down
13459,603359,20250509,6.26,6.19,down
13460,603359,20250510,6.26,6.19,down
13461,603359,20250517,7.65,7.47,down
13462,603359,20250520,7.84,7.7,down
13463,603360,20250501,28.36,28.96,up
13464,603360,20250508,29.08,28.22,down
13465,603360,20250516,27.03,27.28,up
13466,603360,20250523,28.15,28.25,up
13467,603363,20250509,3.92,3.96,up
13468,603363,20250513,3.93,3.89,down
13469,603363,20250517,4.04,3.97,down
13470,603365,20250510,16.48,16.42,down
13471,603365,20250522,17.1,17.02,down
13472,603366,20250513,10.31,10.25,down
13473,603366,20250523,9.76,9.78,up
13474,603367,20250510,13.51,13.42,down
13475,603367,20250513,13.45,13.46,up
13476,603368,20250507,17.2,17.23,up
13477,603368,20250510,17.22,17.21,down
13478,603368,20250513,17.25,17.28,up
13479,603368,20250519,17.17,17.22,up
13480,603368,20250520,17.22,17.31,up
13481,603368,20250523,17.24,17.28,up
13482,603369,20250506,46.79,47.49,up
13483,603369,20250510,48.65,48.34,down
13484,603369,20250522,46.0,45.2,down
13485,603369,20250530,44.09,43.85,down
13486,603373,20250516,31.36,32.13,up
13487,603375,20250510,34.32,34.91,up
13488,603375,20250515,34.5,34.66,up
13489,603375,20250517,34.66,34.85,up
13490,603375,20250527,34.53,34.21,down
13491,603375,20250528,34.21,35.0,up
13492,603375,20250529,35.0,34.15,down
13493,603377,20250501,2.96,2.96,up
13494,603377,20250513,3.0,3.04,up
13495,603377,20250514,3.04,2.99,down
13496,603377,20250515,2.99,2.95,down
13497,603377,20250516,2.95,2.97,up
13498,603377,20250521,2.95,2.84,down
13499,603377,20250522,2.84,2.84,up
13500,603377,20250524,2.84,2.76,down
13501,603377,20250526,2.76,2.87,up
13502,603377,20250527,2.87,2.89,up
13503,603377,20250528,2.89,2.77,down
13504,603377,20250529,2.77,2.74,down
13505,603377,20250530,2.74,2.6,down
13506,603377,20250531,2.74,2.6,down
13507,603378,20250509,6.49,6.48,down
13508,603378,20250510,6.49,6.48,down
13509,603378,20250520,6.87,6.74,down
13510,603378,20250521,6.74,6.54,down
13511,603378,20250522,6.54,6.35,down
13512,603379,20250508,47.96,48.23,up
13513,603379,20250513,47.63,47.78,up
13514,603379,20250521,47.7,47.55,down
13515,603380,20250501,23.38,23.74,up
13516,603380,20250510,24.3,24.58,up
13517,603380,20250514,24.0,23.92,down
13518,603380,20250515,23.92,24.44,up
13519,603380,20250517,24.44,24.39,down
13520,603380,20250527,23.92,23.84,down
13521,603380,20250530,23.8,23.98,up
13522,603381,20250513,21.58,21.52,down
13523,603381,20250521,21.34,21.15,down
13524,603381,20250527,20.82,20.67,down
13525,603383,20250510,40.94,41.52,up
13526,603383,20250521,40.69,40.0,down
13527,603385,20250510,6.32,6.31,down
13528,603385,20250515,6.22,6.28,up
13529,603385,20250521,6.47,6.34,down
13530,603385,20250531,6.46,6.5,up
13531,603386,20250510,10.87,10.95,up
13532,603386,20250513,10.86,10.8,down
13533,603386,20250517,10.83,10.92,up
13534,603386,20250531,10.69,10.85,up
13535,603387,20250514,8.11,8.12,up
13536,603387,20250515,8.12,8.16,up
13537,603387,20250516,8.16,8.09,down
13538,603387,20250523,8.1,8.05,down
13539,603387,20250528,8.08,8.19,up
13540,603388,20250509,3.76,3.95,up
13541,603388,20250517,3.82,3.86,up
13542,603388,20250521,3.76,3.59,down
13543,603388,20250523,3.67,3.63,down
13544,603388,20250527,3.77,3.69,down
13545,603389,20250509,7.44,7.81,up
13546,603389,20250510,7.44,7.81,up
13547,603389,20250513,8.2,8.61,up
13548,603389,20250515,9.04,9.49,up
13549,603389,20250516,9.49,9.96,up
13550,603389,20250517,9.49,9.96,up
13551,603389,20250520,10.07,10.34,up
13552,603389,20250528,11.85,11.26,down
13553,603389,20250529,11.26,11.82,up
13554,603389,20250531,11.82,11.61,down
13555,603390,20250517,10.58,10.53,down
13556,603390,20250520,10.62,11.68,up
13557,603390,20250523,11.99,13.19,up
13558,603390,20250527,14.51,15.96,up
13559,603390,20250528,15.96,17.56,up
13560,603390,20250529,17.56,18.0,up
13561,603390,20250530,18.0,16.71,down
13562,603391,20250501,38.09,38.08,down
13563,603391,20250513,38.27,38.32,up
13564,603392,20250507,65.57,65.79,up
13565,603392,20250509,64.73,68.53,up
13566,603392,20250530,69.3,70.18,up
13567,603393,20250517,28.3,28.76,up
13568,603393,20250521,29.26,29.26,up
13569,603395,20250514,45.23,44.86,down
13570,603395,20250517,45.16,44.62,down
13571,603395,20250520,44.61,44.39,down
13572,603395,20250521,44.39,43.65,down
13573,603396,20250513,25.24,24.95,down
13574,603396,20250516,24.78,24.72,down
13575,603396,20250520,24.83,24.76,down
13576,603396,20250531,23.8,24.14,up
13577,603398,20250509,6.09,5.79,down
13578,603398,20250513,5.5,5.23,down
13579,603398,20250515,5.2,5.0,down
13580,603398,20250516,5.0,5.25,up
13581,603398,20250517,5.0,5.25,up
13582,603398,20250521,5.57,5.76,up
13583,603398,20250522,5.76,5.47,down
13584,603398,20250524,5.47,5.25,down
13585,603398,20250528,5.27,5.53,up
13586,603398,20250529,5.53,5.25,down
13587,603398,20250530,5.25,5.0,down
13588,603399,20250507,8.64,8.84,up
13589,603399,20250516,8.72,8.8,up
13590,603399,20250520,8.88,8.99,up
13591,603399,20250528,8.6,8.72,up
13592,603408,20250516,11.52,11.52,up
13593,603408,20250528,11.38,11.5,up
13594,603409,20250510,35.87,36.23,up
13595,603416,20250513,67.76,65.0,down
13596,603416,20250516,65.42,61.18,down
13597,603416,20250517,65.42,61.18,down
13598,603416,20250520,62.58,61.91,down
13599,603421,20250507,6.42,6.55,up
13600,603421,20250508,6.55,6.42,down
13601,603421,20250509,6.42,6.55,up
13602,603421,20250516,6.48,6.54,up
13603,603421,20250517,6.48,6.54,up
13604,603421,20250521,6.44,6.38,down
13605,603421,20250529,6.52,6.35,down
13606,603429,20250508,9.61,9.71,up
13607,603429,20250517,9.72,8.92,down
13608,603429,20250524,7.92,8.3,up
13609,603439,20250507,11.98,12.05,up
13610,603439,20250509,12.06,12.06,up
13611,603439,20250517,12.22,12.07,down
13612,603444,20250508,243.0,239.35,down
13613,603444,20250516,237.53,240.31,up
13614,603456,20250507,13.75,13.91,up
13615,603456,20250509,13.83,13.91,up
13616,603456,20250513,13.93,13.96,up
13617,603456,20250517,14.23,14.11,down
13618,603456,20250524,14.69,14.54,down
13619,603458,20250510,7.63,7.52,down
13620,603458,20250513,7.47,7.45,down
13621,603458,20250515,7.45,7.5,up
13622,603458,20250521,7.63,7.47,down
13623,603458,20250528,7.49,7.64,up
13624,603458,20250529,7.64,7.78,up
13625,603466,20250508,10.64,10.4,down
13626,603466,20250515,10.19,10.21,up
13627,603466,20250521,10.28,10.17,down
13628,603477,20250501,20.04,20.45,up
13629,603477,20250508,20.53,20.11,down
13630,603477,20250513,19.85,20.54,up
13631,603477,20250517,20.32,20.07,down
13632,603477,20250522,20.03,19.31,down
13633,603477,20250527,19.86,19.63,down
13634,603477,20250529,19.86,21.85,up
13635,603486,20250510,54.03,55.08,up
13636,603486,20250517,56.21,57.42,up
13637,603486,20250526,55.18,53.67,down
13638,603486,20250530,53.71,54.53,up
13639,603488,20250510,7.83,8.61,up
13640,603488,20250515,8.62,8.44,down
13641,603488,20250520,8.05,7.92,down
13642,603488,20250521,7.92,7.98,up
13643,603489,20250513,27.67,28.3,up
13644,603489,20250521,27.28,27.77,up
13645,603489,20250522,27.77,28.45,up
13646,603496,20250512,26.84,26.65,down
13647,603496,20250522,25.37,24.72,down
13648,603496,20250523,24.72,24.97,up
13649,603496,20250528,24.88,25.35,up
13650,603499,20250516,22.24,22.66,up
13651,603499,20250523,22.65,22.38,down
13652,603499,20250526,22.38,21.9,down
13653,603500,20250513,9.2,9.16,down
13654,603500,20250531,8.77,9.0,up
13655,603501,20250507,131.75,131.36,down
13656,603501,20250520,131.65,130.73,down
13657,603501,20250524,130.19,128.82,down
13658,603501,20250529,128.15,124.6,down
13659,603501,20250531,124.6,124.6,up
13660,603505,20250510,23.09,22.97,down
13661,603505,20250513,23.26,23.3,up
13662,603505,20250520,22.6,22.64,up
13663,603506,20250501,10.45,10.86,up
13664,603506,20250507,11.04,10.9,down
13665,603506,20250513,10.98,11.22,up
13666,603506,20250530,12.63,13.89,up
13667,603507,20250513,28.32,27.85,down
13668,603507,20250515,26.88,27.78,up
13669,603507,20250516,27.78,28.48,up
13670,603507,20250521,27.76,27.5,down
13671,603507,20250528,25.09,26.2,up
13672,603508,20250508,26.03,26.08,up
13673,603508,20250515,26.03,25.88,down
13674,603511,20250513,13.98,13.98,up
13675,603511,20250521,14.52,14.37,down
13676,603511,20250531,14.32,14.51,up
13677,603515,20250508,17.44,17.76,up
13678,603515,20250517,17.91,18.23,up
13679,603515,20250522,18.59,18.29,down
13680,603515,20250529,18.1,17.93,down
13681,603516,20250514,36.33,35.65,down
13682,603516,20250527,33.16,32.81,down
13683,603516,20250528,32.81,34.85,up
13684,603517,20250501,15.85,16.13,up
13685,603517,20250510,16.01,15.97,down
13686,603517,20250520,16.53,16.43,down
13687,603517,20250524,16.0,16.58,up
13688,603517,20250531,16.49,16.51,up
13689,603518,20250529,10.99,10.4,down
13690,603518,20250530,10.4,11.44,up
13691,603519,20250509,12.84,13.15,up
13692,603519,20250517,13.17,13.58,up
13693,603520,20250501,8.42,8.53,up
13694,603520,20250510,8.47,8.68,up
13695,603520,20250520,9.24,9.75,up
13696,603520,20250523,10.06,9.97,down
13697,603520,20250530,10.01,10.8,up
13698,603520,20250531,10.01,10.8,up
13699,603527,20250517,10.01,9.97,down
13700,603528,20250529,8.48,8.21,down
13701,603529,20250507,42.27,42.06,down
13702,603529,20250521,39.66,39.8,up
13703,603529,20250524,38.57,38.42,down
13704,603529,20250529,37.3,36.25,down
13705,603529,20250530,36.25,36.86,up
13706,603530,20250501,23.99,24.4,up
13707,603530,20250507,24.22,24.79,up
13708,603530,20250508,24.79,24.84,up
13709,603530,20250517,25.87,25.91,up
13710,603530,20250528,26.21,26.65,up
13711,603530,20250531,26.5,26.95,up
13712,603533,20250507,21.16,21.58,up
13713,603533,20250513,20.73,20.75,up
13714,603535,20250507,8.48,8.59,up
13715,603535,20250508,8.59,8.89,up
13716,603535,20250516,9.49,9.56,up
13717,603535,20250531,9.99,10.47,up
13718,603536,20250513,9.14,9.12,down
13719,603538,20250509,13.95,13.88,down
13720,603538,20250510,13.95,13.88,down
13721,603538,20250513,13.87,13.71,down
13722,603538,20250517,14.25,14.14,down
13723,603538,20250520,14.47,14.48,up
13724,603538,20250527,14.53,14.98,up
13725,603538,20250530,15.0,15.52,up
13726,603551,20250501,10.32,10.39,up
13727,603551,20250510,10.64,10.64,up
13728,603551,20250513,10.58,10.53,down
13729,603551,20250517,10.49,10.67,up
13730,603551,20250531,10.36,10.65,up
13731,603556,20250507,26.7,26.92,up
13732,603556,20250510,27.01,27.37,up
13733,603556,20250516,26.81,26.89,up
13734,603556,20250517,26.81,26.89,up
13735,603556,20250520,26.98,26.89,down
13736,603556,20250527,26.82,26.98,up
13737,603556,20250528,26.98,27.29,up
13738,603556,20250529,27.29,26.97,down
13739,603557,20250508,2.69,2.77,up
13740,603557,20250513,2.92,2.88,down
13741,603557,20250520,3.0,2.96,down
13742,603557,20250523,2.96,2.94,down
13743,603557,20250530,2.96,3.01,up
13744,603557,20250531,2.96,3.01,up
13745,603558,20250507,8.86,9.0,up
13746,603558,20250530,8.97,9.22,up
13747,603558,20250531,8.97,9.22,up
13748,603559,20250509,8.0,8.12,up
13749,603559,20250510,8.0,8.12,up
13750,603559,20250520,8.68,8.54,down
13751,603559,20250530,9.55,9.23,down
13752,603566,20250508,13.66,13.49,down
13753,603566,20250516,14.23,14.44,up
13754,603566,20250517,14.23,14.44,up
13755,603566,20250523,14.27,14.34,up
13756,603567,20250509,11.22,11.17,down
13757,603567,20250513,11.2,11.2,up
13758,603567,20250527,11.22,11.31,up
13759,603567,20250529,11.39,11.49,up
13760,603568,20250506,19.59,19.38,down
13761,603568,20250509,19.5,19.55,up
13762,603568,20250513,19.73,19.85,up
13763,603568,20250517,19.55,19.57,up
13764,603568,20250524,19.51,19.56,up
13765,603568,20250530,19.5,19.58,up
13766,603568,20250531,19.5,19.58,up
13767,603569,20250510,7.74,7.72,down
13768,603569,20250515,8.55,8.23,down
13769,603569,20250517,8.23,8.22,down
13770,603569,20250524,7.91,8.03,up
13771,603569,20250529,8.3,8.19,down
13772,603577,20250508,8.3,8.11,down
13773,603577,20250517,8.12,8.25,up
13774,603577,20250520,8.33,8.39,up
13775,603577,20250528,11.32,11.8,up
13776,603578,20250516,14.57,14.76,up
13777,603578,20250524,14.01,13.98,down
13778,603578,20250527,13.97,13.88,down
13779,603579,20250515,26.0,26.7,up
13780,603579,20250520,26.02,26.36,up
13781,603579,20250530,23.37,23.04,down
13782,603579,20250531,23.37,23.04,down
13783,603580,20250501,15.86,15.07,down
13784,603580,20250508,13.75,13.86,up
13785,603580,20250515,13.33,12.82,down
13786,603580,20250527,14.01,14.71,up
13787,603580,20250529,14.25,13.91,down
13788,603580,20250531,13.91,13.56,down
13789,603583,20250508,42.03,40.94,down
13790,603583,20250521,39.27,38.5,down
13791,603583,20250530,36.38,36.36,down
13792,603585,20250521,15.47,15.13,down
13793,603585,20250522,15.13,15.61,up
13794,603585,20250523,15.61,15.48,down
13795,603586,20250506,18.59,18.71,up
13796,603586,20250507,18.71,17.06,down
13797,603586,20250509,16.89,17.35,up
13798,603586,20250517,18.0,17.93,down
13799,603586,20250528,18.03,18.31,up
13800,603587,20250508,12.1,12.11,up
13801,603587,20250524,12.11,12.15,up
13802,603587,20250529,12.49,12.42,down
13803,603588,20250520,5.86,5.82,down
13804,603588,20250521,5.82,5.69,down
13805,603589,20250513,36.43,36.64,up
13806,603589,20250521,36.27,36.15,down
13807,603590,20250510,29.89,28.7,down
13808,603590,20250517,29.58,29.51,down
13809,603590,20250531,31.03,31.75,up
13810,603595,20250507,16.92,17.13,up
13811,603595,20250510,16.76,18.44,up
13812,603595,20250523,18.59,18.72,up
13813,603596,20250510,58.02,58.85,up
13814,603598,20250521,16.38,16.28,down
13815,603599,20250507,10.91,10.86,down
13816,603599,20250524,10.82,10.78,down
13817,603600,20250508,10.21,10.11,down
13818,603600,20250516,10.72,10.64,down
13819,603600,20250523,10.58,10.55,down
13820,603600,20250524,10.58,10.55,down
13821,603601,20250501,3.49,3.52,up
13822,603601,20250513,3.59,3.58,down
13823,603601,20250515,3.6,3.58,down
13824,603601,20250516,3.58,3.62,up
13825,603601,20250523,3.54,3.7,up
13826,603601,20250528,3.67,3.72,up
13827,603602,20250507,16.41,16.36,down
13828,603602,20250509,15.66,16.09,up
13829,603602,20250516,15.42,15.39,down
13830,603602,20250523,14.63,14.84,up
13831,603602,20250524,14.63,14.84,up
13832,603605,20250510,96.47,97.25,up
13833,603605,20250520,97.88,96.02,down
13834,603606,20250523,47.57,48.0,up
13835,603607,20250510,19.08,19.08,up
13836,603607,20250520,22.77,21.88,down
13837,603607,20250524,26.48,29.13,up
13838,603607,20250528,33.5,33.58,up
13839,603608,20250513,4.53,4.72,up
13840,603608,20250524,4.96,5.06,up
13841,603608,20250528,5.12,5.13,up
13842,603609,20250507,8.58,8.55,down
13843,603609,20250510,8.51,8.5,down
13844,603609,20250513,8.57,8.6,up
13845,603609,20250517,8.61,8.85,up
13846,603609,20250528,8.8,8.68,down
13847,603610,20250507,12.43,13.67,up
13848,603610,20250508,13.67,15.04,up
13849,603610,20250510,15.04,14.09,down
13850,603610,20250513,14.5,13.15,down
13851,603610,20250520,12.48,12.54,up
13852,603610,20250523,12.08,12.11,up
13853,603611,20250507,19.06,19.1,up
13854,603611,20250512,19.12,19.18,up
13855,603611,20250513,19.18,19.07,down
13856,603611,20250520,19.54,19.39,down
13857,603611,20250527,21.23,22.91,up
13858,603612,20250508,17.37,16.94,down
13859,603612,20250513,17.25,17.23,down
13860,603612,20250517,17.44,16.98,down
13861,603612,20250520,17.07,17.07,up
13862,603612,20250531,16.16,16.28,up
13863,603613,20250521,24.01,23.8,down
13864,603616,20250523,3.9,3.94,up
13865,603616,20250530,4.06,4.1,up
13866,603617,20250507,7.22,7.28,up
13867,603617,20250517,7.15,7.2,up
13868,603617,20250529,7.17,6.88,down
13869,603618,20250515,6.28,6.32,up
13870,603618,20250521,6.17,6.11,down
13871,603618,20250522,6.11,6.0,down
13872,603618,20250524,6.0,6.07,up
13873,603619,20250508,16.56,16.5,down
13874,603619,20250510,16.5,16.87,up
13875,603619,20250516,17.3,17.11,down
13876,603619,20250531,17.13,17.44,up
13877,603626,20250515,8.74,8.92,up
13878,603626,20250523,8.0,8.15,up
13879,603626,20250531,8.01,7.94,down
13880,603628,20250509,11.87,12.02,up
13881,603628,20250531,11.73,11.75,up
13882,603629,20250507,24.71,24.9,up
13883,603629,20250510,24.3,25.03,up
13884,603629,20250521,23.94,23.51,down
13885,603629,20250529,23.19,22.24,down
13886,603630,20250516,22.62,24.88,up
13887,603630,20250521,28.26,29.05,up
13888,603630,20250531,24.94,25.19,up
13889,603633,20250501,8.06,8.16,up
13890,603633,20250507,7.95,8.15,up
13891,603633,20250517,8.17,8.54,up
13892,603636,20250508,12.57,12.28,down
13893,603636,20250509,12.28,12.39,up
13894,603636,20250517,12.01,12.07,up
13895,603636,20250529,12.02,11.82,down
13896,603637,20250509,10.38,10.26,down
13897,603637,20250517,10.14,10.22,up
13898,603638,20250521,18.1,17.92,down
13899,603638,20250523,17.85,17.79,down
13900,603638,20250530,17.68,17.55,down
13901,603638,20250531,17.68,17.55,down
13902,603639,20250508,13.12,13.23,up
13903,603639,20250523,13.49,13.45,down
13904,603639,20250529,15.2,14.18,down
13905,603650,20250509,32.28,32.49,up
13906,603650,20250527,32.47,33.44,up
13907,603650,20250528,33.44,33.51,up
13908,603655,20250520,24.72,24.36,down
13909,603656,20250506,19.38,19.28,down
13910,603656,20250508,19.5,19.69,up
13911,603656,20250510,19.69,19.79,up
13912,603656,20250516,19.27,19.66,up
13913,603656,20250520,19.69,19.3,down
13914,603656,20250526,19.23,19.22,down
13915,603656,20250528,18.85,19.15,up
13916,603657,20250508,22.4,24.64,up
13917,603657,20250510,24.64,27.1,up
13918,603657,20250513,25.8,23.5,down
13919,603657,20250530,21.65,22.45,up
13920,603658,20250501,38.51,38.81,up
13921,603658,20250508,39.09,39.22,up
13922,603658,20250509,39.22,39.33,up
13923,603658,20250510,39.22,39.33,up
13924,603658,20250515,38.89,39.33,up
13925,603658,20250519,39.3,39.45,up
13926,603658,20250527,38.16,38.31,up
13927,603658,20250528,38.31,38.99,up
13928,603658,20250530,39.04,38.78,down
13929,603658,20250531,39.04,38.78,down
13930,603659,20250508,17.64,17.24,down
13931,603659,20250517,17.24,17.21,down
13932,603660,20250509,6.84,6.95,up
13933,603660,20250520,7.03,6.87,down
13934,603661,20250507,26.8,27.0,up
13935,603661,20250508,27.0,26.85,down
13936,603661,20250517,27.38,27.43,up
13937,603661,20250521,27.42,27.28,down
13938,603662,20250507,67.82,68.07,up
13939,603662,20250513,69.19,68.65,down
13940,603662,20250515,67.06,67.83,up
13941,603662,20250523,64.07,63.68,down
13942,603663,20250508,24.87,24.34,down
13943,603663,20250523,23.03,23.07,up
13944,603663,20250529,23.29,22.84,down
13945,603665,20250508,19.97,19.51,down
13946,603665,20250510,19.51,20.05,up
13947,603665,20250517,22.08,23.05,up
13948,603665,20250527,23.5,23.63,up
13949,603665,20250528,23.63,24.72,up
13950,603666,20250507,36.15,36.51,up
13951,603666,20250508,36.51,36.22,down
13952,603666,20250520,35.43,33.98,down
13953,603666,20250521,33.98,33.82,down
13954,603666,20250531,33.72,33.46,down
13955,603667,20250513,38.99,38.11,down
13956,603667,20250521,41.0,39.51,down
13957,603667,20250524,40.01,40.0,down
13958,603667,20250530,37.07,36.24,down
13959,603668,20250506,13.07,13.21,up
13960,603668,20250507,13.21,13.31,up
13961,603668,20250509,13.5,13.94,up
13962,603668,20250510,13.5,13.94,up
13963,603668,20250513,13.71,13.63,down
13964,603668,20250515,13.71,13.59,down
13965,603668,20250524,13.51,13.45,down
13966,603668,20250529,13.56,13.16,down
13967,603669,20250510,4.95,5.05,up
13968,603669,20250517,4.87,4.83,down
13969,603669,20250524,4.92,4.93,up
13970,603669,20250531,5.05,5.1,up
13971,603676,20250501,10.26,10.42,up
13972,603676,20250508,10.39,10.25,down
13973,603676,20250510,10.25,10.13,down
13974,603676,20250516,10.76,10.7,down
13975,603676,20250517,10.76,10.7,down
13976,603678,20250522,35.73,35.2,down
13977,603679,20250515,13.0,13.45,up
13978,603679,20250524,12.9,13.07,up
13979,603680,20250517,10.01,9.98,down
13980,603680,20250520,9.92,9.81,down
13981,603680,20250527,9.88,10.87,up
13982,603681,20250507,12.74,12.79,up
13983,603681,20250510,12.67,12.81,up
13984,603681,20250513,12.88,13.09,up
13985,603681,20250516,14.11,13.98,down
13986,603681,20250517,14.11,13.98,down
13987,603681,20250523,15.4,16.94,up
13988,603681,20250527,18.63,16.77,down
13989,603681,20250528,16.77,18.45,up
13990,603681,20250530,16.95,18.65,up
13991,603683,20250501,12.07,12.42,up
13992,603683,20250507,12.43,12.74,up
13993,603683,20250510,13.05,13.7,up
13994,603683,20250516,13.96,14.55,up
13995,603683,20250517,13.96,14.55,up
13996,603683,20250523,13.95,14.3,up
13997,603683,20250524,13.95,14.3,up
13998,603685,20250506,12.43,12.51,up
13999,603685,20250521,13.07,13.06,down
14000,603685,20250522,13.06,12.63,down
14001,603685,20250528,13.02,13.18,up
14002,603686,20250506,13.28,13.16,down
14003,603686,20250508,13.39,13.09,down
14004,603686,20250521,14.03,13.85,down
14005,603686,20250527,14.62,14.71,up
14006,603687,20250513,7.15,7.13,down
14007,603687,20250522,7.22,7.06,down
14008,603688,20250501,32.34,33.75,up
14009,603688,20250510,33.07,33.16,up
14010,603688,20250517,33.31,33.13,down
14011,603689,20250508,8.57,8.62,up
14012,603689,20250517,8.73,8.82,up
14013,603689,20250520,8.8,8.82,up
14014,603689,20250528,8.34,8.38,up
14015,603690,20250507,26.54,26.66,up
14016,603690,20250515,25.4,25.39,down
14017,603690,20250520,25.96,25.98,up
14018,603690,20250530,25.02,25.06,up
14019,603693,20250506,12.24,12.28,up
14020,603693,20250507,12.28,12.25,down
14021,603693,20250514,12.67,12.29,down
14022,603693,20250529,16.8,15.12,down
14023,603693,20250530,15.12,14.73,down
14024,603696,20250508,12.91,12.29,down
14025,603696,20250517,12.93,13.0,up
14026,603696,20250529,11.89,11.57,down
14027,603697,20250501,11.62,11.86,up
14028,603697,20250507,11.69,11.69,up
14029,603697,20250509,11.57,11.62,up
14030,603697,20250516,13.3,13.25,down
14031,603697,20250530,13.16,14.48,up
14032,603698,20250521,17.68,17.64,down
14033,603698,20250528,17.78,17.75,down
14034,603699,20250507,27.04,27.4,up
14035,603699,20250516,27.93,28.05,up
14036,603700,20250509,11.87,11.96,up
14037,603703,20250516,10.56,11.16,up
14038,603703,20250521,10.82,10.73,down
14039,603703,20250527,10.82,10.42,down
14040,603706,20250507,19.06,19.2,up
14041,603706,20250516,19.3,19.19,down
14042,603707,20250507,10.42,10.49,up
14043,603707,20250510,10.45,10.72,up
14044,603707,20250516,11.02,10.95,down
14045,603707,20250517,11.02,10.95,down
14046,603707,20250520,11.12,11.07,down
14047,603707,20250521,11.07,11.01,down
14048,603707,20250523,11.07,11.04,down
14049,603707,20250524,11.07,11.04,down
14050,603707,20250527,10.94,10.87,down
14051,603707,20250529,11.44,11.26,down
14052,603708,20250507,10.85,10.92,up
14053,603708,20250508,10.92,10.76,down
14054,603708,20250510,10.76,10.68,down
14055,603708,20250520,11.22,11.08,down
14056,603708,20250527,10.73,10.97,up
14057,603708,20250528,10.97,10.89,down
14058,603708,20250529,10.89,10.72,down
14059,603708,20250530,10.72,10.93,up
14060,603709,20250515,12.12,12.15,up
14061,603709,20250517,12.15,12.41,up
14062,603709,20250524,12.08,12.24,up
14063,603711,20250510,13.09,13.12,up
14064,603711,20250517,13.1,13.37,up
14065,603712,20250513,21.45,21.09,down
14066,603712,20250520,19.88,19.47,down
14067,603712,20250529,19.85,20.33,up
14068,603712,20250531,20.33,20.65,up
14069,603713,20250507,48.71,48.94,up
14070,603713,20250508,48.94,48.07,down
14071,603713,20250514,49.14,48.52,down
14072,603713,20250520,50.36,50.08,down
14073,603713,20250527,49.47,50.09,up
14074,603713,20250529,50.22,50.4,up
14075,603713,20250531,50.4,50.85,up
14076,603716,20250520,11.17,11.21,up
14077,603716,20250524,11.95,11.59,down
14078,603716,20250528,12.0,12.76,up
14079,603716,20250530,12.54,12.98,up
14080,603717,20250507,7.27,7.31,up
14081,603717,20250510,7.25,7.39,up
14082,603718,20250506,6.93,6.89,down
14083,603718,20250509,6.92,6.93,up
14084,603718,20250510,6.92,6.93,up
14085,603718,20250516,6.87,6.96,up
14086,603719,20250508,12.0,11.81,down
14087,603719,20250513,11.86,11.81,down
14088,603719,20250521,12.31,12.13,down
14089,603719,20250528,13.49,13.38,down
14090,603721,20250509,16.5,17.17,up
14091,603721,20250522,18.18,17.27,down
14092,603722,20250513,39.33,38.41,down
14093,603722,20250517,38.42,38.68,up
14094,603722,20250521,38.68,39.35,up
14095,603722,20250528,37.37,38.19,up
14096,603722,20250529,38.19,37.3,down
14097,603725,20250506,7.12,7.12,up
14098,603725,20250509,7.13,7.11,down
14099,603725,20250520,7.91,8.04,up
14100,603725,20250522,8.58,8.99,up
14101,603726,20250510,15.46,15.96,up
14102,603726,20250517,15.49,15.77,up
14103,603726,20250528,15.6,15.78,up
14104,603727,20250519,13.6,13.71,up
14105,603728,20250509,64.16,66.36,up
14106,603728,20250531,55.48,55.56,up
14107,603729,20250510,15.55,15.58,up
14108,603729,20250517,15.53,15.78,up
14109,603730,20250508,8.07,8.1,up
14110,603730,20250516,8.14,8.22,up
14111,603730,20250517,8.14,8.22,up
14112,603730,20250521,8.29,8.24,down
14113,603730,20250528,8.15,8.22,up
14114,603733,20250510,20.71,20.85,up
14115,603733,20250521,21.29,20.86,down
14116,603737,20250510,47.72,47.73,up
14117,603737,20250517,47.07,47.16,up
14118,603737,20250524,45.55,46.0,up
14119,603737,20250531,32.23,33.19,up
14120,603738,20250507,14.04,14.25,up
14121,603738,20250510,14.04,14.33,up
14122,603738,20250521,13.77,13.56,down
14123,603738,20250528,13.31,13.58,up
14124,603739,20250501,12.48,12.9,up
14125,603739,20250509,12.94,12.97,up
14126,603739,20250517,13.84,13.6,down
14127,603739,20250524,13.2,13.39,up
14128,603739,20250527,13.87,13.93,up
14129,603739,20250529,13.8,13.45,down
14130,603755,20250501,26.58,26.88,up
14131,603755,20250520,26.96,26.61,down
14132,603757,20250507,23.57,23.79,up
14133,603757,20250510,23.2,23.0,down
14134,603757,20250521,24.51,23.46,down
14135,603759,20250501,7.88,8.19,up
14136,603759,20250507,8.11,8.13,up
14137,603766,20250513,12.89,13.12,up
14138,603766,20250520,12.95,12.94,down
14139,603766,20250529,13.16,13.07,down
14140,603767,20250508,15.79,15.57,down
14141,603768,20250508,12.03,11.83,down
14142,603768,20250510,11.83,11.98,up
14143,603768,20250513,11.93,11.79,down
14144,603768,20250520,12.26,13.49,up
14145,603768,20250528,13.6,13.54,down
14146,603768,20250530,13.48,13.54,up
14147,603773,20250515,22.7,22.72,up
14148,603773,20250517,22.72,22.95,up
14149,603773,20250524,21.93,22.13,up
14150,603773,20250529,22.39,21.66,down
14151,603773,20250531,21.66,21.15,down
14152,603776,20250507,17.44,18.3,up
14153,603776,20250509,18.25,18.03,down
14154,603776,20250515,18.77,18.69,down
14155,603776,20250520,18.83,18.88,up
14156,603776,20250523,18.1,18.17,up
14157,603776,20250531,18.11,17.96,down
14158,603777,20250507,13.39,13.51,up
14159,603777,20250512,13.26,13.18,down
14160,603777,20250516,13.1,13.48,up
14161,603777,20250523,12.9,14.19,up
14162,603778,20250501,2.96,3.08,up
14163,603778,20250507,3.12,3.16,up
14164,603778,20250510,3.14,3.14,up
14165,603778,20250521,3.26,3.2,down
14166,603779,20250508,7.35,7.34,down
14167,603779,20250509,7.34,7.35,up
14168,603779,20250520,7.63,7.58,down
14169,603779,20250530,7.58,7.72,up
14170,603786,20250510,53.96,55.34,up
14171,603786,20250516,53.36,54.42,up
14172,603786,20250517,53.36,54.42,up
14173,603786,20250520,53.73,54.73,up
14174,603786,20250528,53.6,54.9,up
14175,603786,20250529,54.9,53.6,down
14176,603786,20250531,53.6,54.41,up
14177,603787,20250510,11.47,11.38,down
14178,603787,20250517,11.44,11.6,up
14179,603787,20250521,11.67,11.5,down
14180,603787,20250528,11.61,11.74,up
14181,603787,20250530,11.45,11.53,up
14182,603788,20250501,15.56,15.9,up
14183,603788,20250507,16.04,16.27,up
14184,603788,20250513,16.24,16.14,down
14185,603789,20250513,5.18,5.12,down
14186,603789,20250521,5.74,5.56,down
14187,603790,20250501,18.62,18.76,up
14188,603790,20250508,18.3,18.07,down
14189,603790,20250516,18.21,18.03,down
14190,603790,20250524,18.2,18.1,down
14191,603790,20250526,18.1,17.95,down
14192,603790,20250527,17.95,17.47,down
14193,603790,20250531,17.53,17.25,down
14194,603798,20250507,9.78,9.76,down
14195,603798,20250524,10.09,10.3,up
14196,603799,20250510,34.88,35.04,up
14197,603799,20250524,34.95,34.03,down
14198,603799,20250528,33.77,33.88,up
14199,603800,20250508,25.01,25.18,up
14200,603800,20250515,22.8,22.06,down
14201,603800,20250520,22.28,21.89,down
14202,603800,20250521,21.89,21.11,down
14203,603800,20250524,21.72,23.34,up
14204,603800,20250529,23.83,23.19,down
14205,603801,20250517,10.76,10.85,up
14206,603801,20250522,10.62,10.5,down
14207,603801,20250523,10.5,10.5,up
14208,603803,20250517,9.99,10.19,up
14209,603803,20250523,9.43,9.82,up
14210,603806,20250501,12.26,12.5,up
14211,603806,20250507,12.49,12.57,up
14212,603806,20250528,12.03,12.23,up
14213,603806,20250529,12.23,12.12,down
14214,603809,20250508,15.68,15.41,down
14215,603809,20250514,15.16,15.1,down
14216,603809,20250516,15.99,15.83,down
14217,603809,20250523,15.4,15.24,down
14218,603810,20250510,14.34,14.3,down
14219,603810,20250515,14.37,15.0,up
14220,603810,20250520,15.58,15.59,up
14221,603810,20250523,15.39,15.57,up
14222,603811,20250507,9.0,9.02,up
14223,603811,20250516,9.28,9.16,down
14224,603811,20250521,9.22,9.1,down
14225,603811,20250527,9.12,9.02,down
14226,603813,20250507,12.76,13.4,up
14227,603813,20250508,13.4,14.07,up
14228,603813,20250509,14.07,13.85,down
14229,603813,20250516,13.39,13.66,up
14230,603813,20250520,13.73,13.61,down
14231,603815,20250509,8.55,8.15,down
14232,603815,20250510,8.55,8.15,down
14233,603815,20250515,7.94,8.05,up
14234,603815,20250520,7.9,7.78,down
14235,603815,20250530,7.64,7.55,down
14236,603816,20250508,25.0,24.99,down
14237,603816,20250509,24.99,25.64,up
14238,603816,20250513,25.83,25.52,down
14239,603816,20250515,25.52,25.45,down
14240,603816,20250520,25.98,25.85,down
14241,603816,20250522,25.78,25.7,down
14242,603816,20250524,25.7,25.32,down
14243,603816,20250530,25.0,24.86,down
14244,603817,20250507,5.75,5.79,up
14245,603817,20250510,5.8,5.75,down
14246,603818,20250501,2.88,3.0,up
14247,603818,20250510,3.11,3.32,up
14248,603818,20250521,3.63,3.7,up
14249,603819,20250509,15.96,15.86,down
14250,603819,20250510,15.96,15.86,down
14251,603819,20250524,15.08,14.73,down
14252,603822,20250501,58.52,52.71,down
14253,603822,20250507,56.33,54.25,down
14254,603822,20250513,52.44,51.99,down
14255,603822,20250517,51.3,50.06,down
14256,603822,20250527,49.83,48.68,down
14257,603822,20250528,48.68,48.76,up
14258,603823,20250509,10.4,10.32,down
14259,603823,20250510,10.4,10.32,down
14260,603823,20250520,10.5,10.66,up
14261,603823,20250528,10.38,10.72,up
14262,603823,20250530,10.33,10.4,up
14263,603825,20250510,11.78,11.91,up
14264,603825,20250521,12.01,11.86,down
14265,603825,20250523,12.14,12.23,up
14266,603825,20250529,13.66,13.15,down
14267,603826,20250507,20.28,20.19,down
14268,603828,20250501,5.44,5.17,down
14269,603828,20250509,5.04,5.29,up
14270,603828,20250510,5.04,5.29,up
14271,603828,20250520,5.09,5.03,down
14272,603828,20250521,5.03,5.06,up
14273,603828,20250531,5.13,5.0,down
14274,603829,20250508,15.56,15.62,up
14275,603829,20250510,15.62,15.63,up
14276,603829,20250517,15.66,15.68,up
14277,603829,20250524,15.62,15.77,up
14278,603829,20250527,16.02,16.32,up
14279,603829,20250531,15.83,15.88,up
14280,603833,20250508,67.25,65.45,down
14281,603833,20250529,62.1,61.63,down
14282,603836,20250501,12.23,13.03,up
14283,603836,20250509,12.8,12.89,up
14284,603836,20250510,12.8,12.89,up
14285,603836,20250516,14.75,14.29,down
14286,603838,20250508,5.17,5.2,up
14287,603838,20250513,5.12,5.11,down
14288,603838,20250516,5.1,5.31,up
14289,603838,20250524,5.1,5.14,up
14290,603838,20250528,5.67,5.8,up
14291,603838,20250530,5.73,5.87,up
14292,603839,20250510,6.02,6.02,up
14293,603839,20250514,6.17,6.79,up
14294,603839,20250517,7.47,7.05,down
14295,603839,20250521,6.89,7.58,up
14296,603839,20250528,8.17,8.84,up
14297,603839,20250530,7.96,7.46,down
14298,603843,20250513,2.64,2.51,down
14299,603843,20250514,2.51,2.58,up
14300,603843,20250524,2.88,3.02,up
14301,603843,20250527,3.17,3.25,up
14302,603843,20250529,3.09,3.2,up
14303,603843,20250531,3.2,3.24,up
14304,603848,20250510,14.85,14.99,up
14305,603848,20250515,15.35,15.49,up
14306,603848,20250517,15.49,15.57,up
14307,603848,20250520,15.51,15.02,down
14308,603848,20250527,14.93,14.74,down
14309,603855,20250509,21.2,21.74,up
14310,603856,20250507,11.37,11.4,up
14311,603856,20250513,11.41,11.35,down
14312,603856,20250516,11.48,11.54,up
14313,603856,20250517,11.48,11.54,up
14314,603856,20250527,11.4,11.32,down
14315,603856,20250529,11.42,11.29,down
14316,603858,20250507,15.94,15.82,down
14317,603858,20250509,15.82,15.78,down
14318,603858,20250510,15.82,15.78,down
14319,603858,20250517,16.08,16.2,up
14320,603858,20250520,16.31,16.14,down
14321,603858,20250521,16.14,16.06,down
14322,603858,20250527,16.25,16.26,up
14323,603858,20250528,16.26,16.52,up
14324,603858,20250529,16.52,16.7,up
14325,603859,20250501,30.7,31.46,up
14326,603859,20250510,30.57,31.9,up
14327,603859,20250513,31.7,31.2,down
14328,603859,20250517,30.08,29.93,down
14329,603859,20250528,28.68,29.28,up
14330,603859,20250529,29.28,28.88,down
14331,603859,20250531,28.88,28.51,down
14332,603860,20250524,29.18,29.93,up
14333,603861,20250524,8.93,9.04,up
14334,603863,20250507,13.54,13.73,up
14335,603863,20250520,14.15,13.88,down
14336,603863,20250523,13.39,13.61,up
14337,603866,20250501,5.43,5.52,up
14338,603866,20250516,5.46,5.53,up
14339,603866,20250523,5.41,5.46,up
14340,603866,20250531,5.51,5.56,up
14341,603867,20250510,24.29,24.6,up
14342,603867,20250515,24.51,24.4,down
14343,603867,20250521,24.06,23.99,down
14344,603867,20250523,23.9,23.77,down
14345,603867,20250529,23.99,23.74,down
14346,603868,20250513,36.97,36.76,down
14347,603868,20250521,37.79,37.16,down
14348,603868,20250530,37.51,37.13,down
14349,603869,20250530,6.25,6.24,down
14350,603871,20250501,13.94,14.31,up
14351,603871,20250515,14.81,14.68,down
14352,603871,20250523,14.17,14.15,down
14353,603876,20250508,8.68,8.61,down
14354,603876,20250521,8.92,8.7,down
14355,603876,20250524,8.62,8.67,up
14356,603876,20250529,8.63,8.51,down
14357,603877,20250508,15.96,16.05,up
14358,603877,20250515,16.06,15.94,down
14359,603877,20250517,15.94,15.97,up
14360,603877,20250521,15.88,15.84,down
14361,603877,20250528,15.33,15.32,down
14362,603877,20250531,15.07,15.13,up
14363,603878,20250510,5.31,5.33,up
14364,603878,20250521,5.36,5.28,down
14365,603879,20250510,5.21,5.09,down
14366,603880,20250515,5.47,5.45,down
14367,603880,20250517,5.45,5.48,up
14368,603880,20250521,5.54,5.35,down
14369,603880,20250522,5.35,5.32,down
14370,603881,20250501,32.47,34.9,up
14371,603881,20250513,33.01,33.25,up
14372,603881,20250521,30.68,30.29,down
14373,603882,20250513,32.4,32.26,down
14374,603882,20250520,30.07,30.0,down
14375,603882,20250531,29.02,29.54,up
14376,603883,20250507,19.33,19.16,down
14377,603883,20250515,18.8,18.93,up
14378,603885,20250507,12.75,12.81,up
14379,603885,20250513,13.49,13.11,down
14380,603885,20250515,13.25,13.27,up
14381,603885,20250520,13.04,13.38,up
14382,603885,20250528,14.24,14.16,down
14383,603886,20250510,13.69,13.65,down
14384,603886,20250517,13.74,14.2,up
14385,603887,20250501,18.98,19.35,up
14386,603887,20250509,18.52,18.67,up
14387,603887,20250510,18.52,18.67,up
14388,603887,20250516,17.52,18.07,up
14389,603887,20250520,17.95,17.61,down
14390,603887,20250522,17.38,16.98,down
14391,603887,20250523,16.98,17.4,up
14392,603887,20250526,17.4,17.01,down
14393,603887,20250531,17.28,17.1,down
14394,603888,20250528,23.0,23.35,up
14395,603889,20250501,5.91,5.89,down
14396,603889,20250514,6.13,6.12,down
14397,603889,20250530,5.9,5.92,up
14398,603890,20250508,11.98,11.91,down
14399,603890,20250514,12.82,12.68,down
14400,603893,20250501,170.47,172.12,up
14401,603893,20250512,167.55,167.1,down
14402,603893,20250516,161.76,163.05,up
14403,603893,20250521,150.83,150.95,up
14404,603893,20250530,144.3,144.8,up
14405,603895,20250526,27.1,27.35,up
14406,603895,20250530,28.26,27.4,down
14407,603896,20250501,19.47,20.2,up
14408,603896,20250506,20.2,20.09,down
14409,603896,20250508,20.86,20.67,down
14410,603896,20250510,20.67,20.65,down
14411,603896,20250513,20.6,20.47,down
14412,603896,20250516,21.23,21.23,up
14413,603896,20250523,21.3,21.2,down
14414,603896,20250524,21.3,21.2,down
14415,603896,20250529,22.82,23.36,up
14416,603897,20250516,29.11,28.78,down
14417,603898,20250513,10.78,10.7,down
14418,603898,20250521,11.44,11.6,up
14419,603898,20250530,11.56,11.54,down
14420,603899,20250510,30.05,29.71,down
14421,603899,20250513,29.83,29.91,up
14422,603900,20250507,7.27,7.32,up
14423,603900,20250522,10.76,11.45,up
14424,603900,20250523,11.45,12.6,up
14425,603900,20250527,13.86,13.5,down
14426,603900,20250528,13.5,12.15,down
14427,603900,20250530,11.26,11.85,up
14428,603901,20250507,10.32,10.49,up
14429,603901,20250513,10.31,10.23,down
14430,603901,20250515,10.18,10.26,up
14431,603901,20250523,11.39,11.42,up
14432,603903,20250521,7.36,7.17,down
14433,603903,20250527,7.39,7.42,up
14434,603906,20250507,10.15,10.28,up
14435,603906,20250508,10.28,10.18,down
14436,603906,20250510,10.18,11.2,up
14437,603906,20250517,11.21,11.08,down
14438,603906,20250521,12.23,11.74,down
14439,603906,20250527,12.54,11.87,down
14440,603906,20250529,11.6,11.51,down
14441,603906,20250530,11.51,12.66,up
14442,603908,20250508,24.75,24.5,down
14443,603908,20250509,24.5,24.7,up
14444,603908,20250520,25.31,24.77,down
14445,603908,20250527,24.41,24.75,up
14446,603908,20250528,24.75,24.91,up
14447,603909,20250509,9.05,9.14,up
14448,603909,20250517,9.05,9.19,up
14449,603909,20250522,9.06,9.03,down
14450,603912,20250506,8.57,8.47,down
14451,603912,20250507,8.47,9.32,up
14452,603912,20250510,10.25,9.72,down
14453,603912,20250520,9.18,9.02,down
14454,603912,20250526,8.82,9.17,up
14455,603912,20250527,9.17,8.94,down
14456,603912,20250529,9.07,8.77,down
14457,603912,20250530,8.77,8.84,up
14458,603915,20250513,16.56,16.4,down
14459,603915,20250517,17.0,17.76,up
14460,603915,20250521,16.4,15.78,down
14461,603916,20250513,8.89,8.93,up
14462,603916,20250521,8.82,8.75,down
14463,603916,20250529,8.72,8.79,up
14464,603917,20250501,13.03,13.68,up
14465,603917,20250517,14.0,13.91,down
14466,603917,20250523,13.5,13.58,up
14467,603917,20250531,13.47,13.37,down
14468,603918,20250510,16.98,17.34,up
14469,603919,20250515,19.32,19.13,down
14470,603919,20250521,19.38,18.7,down
14471,603919,20250522,18.7,18.32,down
14472,603920,20250507,26.96,27.38,up
14473,603920,20250520,26.4,26.55,up
14474,603920,20250524,26.0,26.69,up
14475,603920,20250527,25.59,25.73,up
14476,603920,20250528,25.73,26.86,up
14477,603920,20250530,26.22,26.17,down
14478,603922,20250501,19.21,19.22,up
14479,603922,20250516,16.73,18.4,up
14480,603922,20250521,18.04,17.65,down
14481,603922,20250527,18.54,18.93,up
14482,603922,20250530,19.6,19.4,down
14483,603926,20250509,11.09,11.76,up
14484,603926,20250516,12.14,12.74,up
14485,603926,20250523,13.25,12.77,down
14486,603927,20250508,19.7,19.48,down
14487,603928,20250513,10.71,10.66,down
14488,603928,20250515,10.58,10.72,up
14489,603928,20250523,10.38,10.59,up
14490,603928,20250530,10.02,10.24,up
14491,603929,20250520,28.96,28.98,up
14492,603931,20250513,29.91,29.33,down
14493,603931,20250521,28.57,27.5,down
14494,603933,20250507,16.08,16.2,up
14495,603933,20250509,15.96,16.21,up
14496,603933,20250513,15.85,15.7,down
14497,603933,20250521,16.07,15.73,down
14498,603933,20250530,14.87,14.81,down
14499,603936,20250507,7.74,7.83,up
14500,603936,20250513,7.8,7.79,down
14501,603936,20250517,7.75,7.79,up
14502,603936,20250524,7.6,7.79,up
14503,603937,20250510,9.22,9.3,up
14504,603937,20250517,9.68,9.81,up
14505,603938,20250501,14.18,14.33,up
14506,603938,20250508,14.95,14.79,down
14507,603938,20250510,14.79,14.6,down
14508,603938,20250528,15.09,15.23,up
14509,603938,20250529,15.23,14.28,down
14510,603939,20250501,28.4,28.18,down
14511,603939,20250509,27.83,27.75,down
14512,603939,20250524,27.18,27.3,up
14513,603939,20250530,26.06,26.43,up
14514,603948,20250508,19.02,19.03,up
14515,603948,20250517,19.13,19.26,up
14516,603948,20250524,19.06,19.32,up
14517,603948,20250530,17.85,18.14,up
14518,603949,20250515,19.1,19.21,up
14519,603949,20250527,24.74,23.89,down
14520,603950,20250529,23.84,23.59,down
14521,603955,20250501,24.94,25.34,up
14522,603955,20250510,29.55,31.04,up
14523,603955,20250517,31.78,34.96,up
14524,603955,20250522,36.45,37.4,up
14525,603955,20250523,37.4,36.32,down
14526,603955,20250529,34.06,33.8,down
14527,603956,20250509,6.66,6.75,up
14528,603956,20250517,6.67,6.71,up
14529,603958,20250521,18.96,18.7,down
14530,603958,20250527,18.29,18.38,up
14531,603959,20250501,3.5,3.53,up
14532,603959,20250508,3.45,3.46,up
14533,603959,20250510,3.46,3.46,up
14534,603959,20250513,3.63,3.81,up
14535,603959,20250516,3.92,3.96,up
14536,603959,20250521,4.02,3.92,down
14537,603959,20250523,3.93,3.83,down
14538,603959,20250524,3.93,3.83,down
14539,603959,20250531,4.13,4.34,up
14540,603960,20250515,18.39,18.67,up
14541,603960,20250521,18.8,19.56,up
14542,603960,20250524,19.24,21.16,up
14543,603966,20250501,9.14,9.54,up
14544,603966,20250515,10.0,10.09,up
14545,603966,20250520,10.04,10.23,up
14546,603966,20250523,9.85,10.06,up
14547,603966,20250527,10.29,10.28,down
14548,603966,20250528,10.28,10.03,down
14549,603967,20250507,11.74,11.79,up
14550,603967,20250508,11.79,11.66,down
14551,603968,20250513,10.97,10.78,down
14552,603968,20250516,10.89,10.99,up
14553,603968,20250521,10.97,10.66,down
14554,603969,20250507,6.6,6.65,up
14555,603969,20250508,6.65,6.44,down
14556,603969,20250516,7.12,7.47,up
14557,603969,20250524,7.32,7.37,up
14558,603970,20250507,13.43,13.51,up
14559,603970,20250510,13.49,13.55,up
14560,603970,20250517,14.35,14.04,down
14561,603970,20250521,15.62,14.81,down
14562,603970,20250527,14.79,14.51,down
14563,603976,20250501,16.63,16.83,up
14564,603976,20250509,17.54,17.87,up
14565,603976,20250515,17.39,17.37,down
14566,603977,20250507,12.8,12.68,down
14567,603977,20250510,12.29,13.22,up
14568,603977,20250516,12.14,12.2,up
14569,603977,20250530,11.89,11.96,up
14570,603978,20250508,14.42,14.38,down
14571,603978,20250509,14.38,14.66,up
14572,603978,20250516,14.7,14.65,down
14573,603978,20250523,14.39,14.62,up
14574,603978,20250527,14.56,14.4,down
14575,603979,20250509,37.22,37.81,up
14576,603979,20250510,37.22,37.81,up
14577,603979,20250520,39.47,40.1,up
14578,603979,20250523,39.91,41.69,up
14579,603979,20250527,39.72,40.8,up
14580,603979,20250530,39.12,38.83,down
14581,603979,20250531,39.12,38.83,down
14582,603980,20250507,4.79,4.7,down
14583,603980,20250515,4.51,4.96,up
14584,603980,20250520,5.15,5.11,down
14585,603980,20250521,5.11,4.92,down
14586,603980,20250527,4.81,4.75,down
14587,603980,20250531,4.67,4.71,up
14588,603982,20250507,8.57,8.72,up
14589,603982,20250508,8.72,8.65,down
14590,603982,20250510,8.65,8.66,up
14591,603982,20250513,8.68,8.53,down
14592,603982,20250516,8.8,8.8,up
14593,603982,20250517,8.8,8.8,up
14594,603982,20250528,8.61,8.8,up
14595,603983,20250501,47.4,46.31,down
14596,603983,20250516,51.88,52.93,up
14597,603983,20250523,48.8,47.93,down
14598,603985,20250506,19.02,18.32,down
14599,603985,20250507,18.32,18.02,down
14600,603985,20250509,17.85,18.44,up
14601,603985,20250516,17.88,17.73,down
14602,603985,20250517,17.88,17.73,down
14603,603985,20250519,17.73,17.7,down
14604,603985,20250520,17.7,17.44,down
14605,603985,20250523,15.75,16.41,up
14606,603985,20250524,15.75,16.41,up
14607,603985,20250526,16.41,16.12,down
14608,603986,20250501,128.69,131.85,up
14609,603986,20250510,124.4,125.48,up
14610,603986,20250517,122.29,126.3,up
14611,603987,20250508,7.33,7.31,down
14612,603987,20250513,7.38,7.35,down
14613,603987,20250528,7.31,7.49,up
14614,603988,20250509,20.37,20.55,up
14615,603988,20250517,20.34,20.72,up
14616,603988,20250526,22.88,22.57,down
14617,603989,20250517,15.13,15.1,down
14618,603989,20250523,14.83,14.95,up
14619,603989,20250524,14.83,14.95,up
14620,603989,20250531,14.81,14.93,up
14621,603990,20250513,15.09,14.82,down
14622,603990,20250515,14.47,15.92,up
14623,603990,20250521,15.7,15.41,down
14624,603991,20250508,54.87,53.16,down
14625,603991,20250527,64.16,61.85,down
14626,603991,20250530,60.48,57.13,down
14627,603992,20250507,22.3,22.82,up
14628,603992,20250508,22.82,22.8,down
14629,603992,20250515,22.81,22.65,down
14630,603992,20250517,22.65,22.56,down
14631,603992,20250519,22.56,22.49,down
14632,603992,20250520,22.49,22.52,up
14633,603992,20250522,22.2,22.18,down
14634,603992,20250523,22.18,22.56,up
14635,603992,20250529,23.42,22.81,down
14636,603993,20250507,7.29,7.17,down
14637,603993,20250515,7.31,7.32,up
14638,603993,20250529,7.26,7.2,down
14639,603993,20250531,7.2,7.23,up
14640,603995,20250507,16.51,16.53,up
14641,603995,20250515,16.59,16.68,up
14642,603995,20250529,16.55,16.44,down
14643,603997,20250509,12.33,12.74,up
14644,603997,20250513,12.73,13.0,up
14645,603997,20250521,13.61,13.83,up
14646,603998,20250509,9.6,9.57,down
14647,603998,20250513,9.65,9.61,down
14648,603998,20250515,9.85,9.76,down
14649,603998,20250521,9.95,9.84,down
14650,605001,20250507,6.86,7.03,up
14651,605001,20250508,7.03,6.94,down
14652,605001,20250517,6.96,7.06,up
14653,605003,20250501,20.4,20.27,down
14654,605003,20250516,19.22,19.29,up
14655,605003,20250530,19.31,19.56,up
14656,605005,20250508,16.46,16.33,down
14657,605005,20250510,16.33,16.49,up
14658,605005,20250520,16.48,16.35,down
14659,605005,20250530,19.99,21.99,up
14660,605006,20250507,6.2,6.26,up
14661,605006,20250513,6.14,6.18,up
14662,605007,20250501,11.28,11.42,up
14663,605007,20250507,11.47,11.54,up
14664,605007,20250519,11.6,11.72,up
14665,605007,20250523,11.33,11.32,down
14666,605007,20250531,11.1,11.19,up
14667,605008,20250516,16.28,16.0,down
14668,605008,20250520,15.91,15.75,down
14669,605008,20250523,15.68,15.38,down
14670,605008,20250528,15.6,15.59,down
14671,605009,20250513,58.59,57.42,down
14672,605009,20250516,61.2,65.49,up
14673,605011,20250510,24.49,24.36,down
14674,605011,20250516,23.55,23.6,up
14675,605011,20250524,22.6,22.82,up
14676,605016,20250513,24.22,24.29,up
14677,605016,20250515,25.49,25.48,down
14678,605016,20250516,25.48,27.07,up
14679,605016,20250521,28.08,26.68,down
14680,605016,20250527,28.49,28.13,down
14681,605018,20250508,11.54,11.11,down
14682,605018,20250513,11.29,11.31,up
14683,605018,20250517,11.78,11.39,down
14684,605018,20250523,11.47,11.34,down
14685,605018,20250524,11.47,11.34,down
14686,605020,20250510,22.26,22.45,up
14687,605020,20250517,21.73,21.62,down
14688,605020,20250523,21.06,21.05,down
14689,605020,20250527,20.89,20.53,down
14690,605020,20250530,20.53,20.59,up
14691,605028,20250528,16.63,17.18,up
14692,605033,20250509,16.93,16.93,up
14693,605033,20250517,17.26,17.45,up
14694,605033,20250529,21.34,19.9,down
14695,605050,20250507,12.0,12.47,up
14696,605050,20250509,12.13,12.74,up
14697,605050,20250515,12.48,12.76,up
14698,605050,20250528,13.44,13.54,up
14699,605055,20250507,5.55,5.77,up
14700,605055,20250513,7.69,8.46,up
14701,605055,20250516,8.88,9.77,up
14702,605055,20250521,10.79,9.72,down
14703,605056,20250514,14.32,14.17,down
14704,605056,20250520,14.58,14.26,down
14705,605056,20250528,14.87,15.04,up
14706,605058,20250510,23.15,23.33,up
14707,605058,20250515,22.66,22.83,up
14708,605058,20250521,22.77,22.59,down
14709,605060,20250515,18.79,18.96,up
14710,605060,20250523,18.21,18.34,up
14711,605060,20250530,17.97,18.27,up
14712,605066,20250508,7.66,7.58,down
14713,605068,20250501,16.16,17.78,up
14714,605068,20250507,19.56,20.51,up
14715,605068,20250508,20.51,20.36,down
14716,605068,20250509,20.36,22.05,up
14717,605068,20250510,20.36,22.05,up
14718,605068,20250513,20.47,19.22,down
14719,605068,20250517,19.37,19.47,up
14720,605068,20250523,19.27,19.58,up
14721,605068,20250527,19.37,19.05,down
14722,605068,20250529,18.86,18.39,down
14723,605069,20250510,9.94,10.23,up
14724,605069,20250515,10.26,10.47,up
14725,605069,20250524,10.18,11.2,up
14726,605069,20250528,11.64,11.46,down
14727,605077,20250507,15.77,15.82,up
14728,605077,20250510,15.81,15.5,down
14729,605077,20250513,15.6,15.59,down
14730,605077,20250520,16.78,16.73,down
14731,605077,20250527,16.63,16.52,down
14732,605080,20250506,27.29,28.87,up
14733,605080,20250520,31.97,31.81,down
14734,605080,20250530,27.78,27.82,up
14735,605081,20250523,13.36,13.44,up
14736,605081,20250524,13.36,13.44,up
14737,605081,20250527,14.11,14.82,up
14738,605081,20250531,14.13,13.96,down
14739,605086,20250507,26.27,26.58,up
14740,605086,20250508,26.58,26.15,down
14741,605086,20250513,27.03,26.97,down
14742,605086,20250529,25.74,25.15,down
14743,605088,20250507,38.5,38.52,up
14744,605088,20250520,37.49,37.65,up
14745,605088,20250527,34.78,34.9,up
14746,605088,20250529,35.29,33.74,down
14747,605089,20250510,24.47,24.3,down
14748,605089,20250516,23.92,24.68,up
14749,605089,20250521,24.75,24.36,down
14750,605089,20250529,24.25,23.88,down
14751,605090,20250501,24.96,25.18,up
14752,605090,20250509,25.22,25.41,up
14753,605090,20250517,25.73,25.97,up
14754,605090,20250522,26.92,26.79,down
14755,605090,20250523,26.79,27.24,up
14756,605090,20250529,27.11,27.23,up
14757,605098,20250508,37.6,37.08,down
14758,605098,20250515,36.34,36.97,up
14759,605099,20250510,21.3,21.82,up
14760,605099,20250521,22.63,22.61,down
14761,605099,20250524,22.42,22.85,up
14762,605099,20250530,25.43,27.97,up
14763,605100,20250510,22.45,22.5,up
14764,605100,20250513,21.97,21.92,down
14765,605100,20250520,21.14,21.52,up
14766,605108,20250513,22.45,22.26,down
14767,605108,20250516,21.83,22.96,up
14768,605108,20250524,22.08,22.14,up
14769,605111,20250501,30.92,31.64,up
14770,605111,20250508,32.0,31.48,down
14771,605111,20250510,31.48,31.9,up
14772,605111,20250516,31.18,31.0,down
14773,605111,20250531,30.35,30.52,up
14774,605116,20250506,21.29,21.13,down
14775,605116,20250507,21.13,21.12,down
14776,605116,20250509,20.95,20.93,down
14777,605116,20250510,20.95,20.93,down
14778,605116,20250517,21.56,20.94,down
14779,605116,20250523,21.69,21.03,down
14780,605116,20250527,21.07,20.79,down
14781,605117,20250508,89.19,89.5,up
14782,605117,20250509,89.5,93.34,up
14783,605117,20250510,89.5,93.34,up
14784,605117,20250517,90.92,90.55,down
14785,605117,20250520,89.42,89.67,up
14786,605117,20250522,88.5,87.55,down
14787,605117,20250523,87.55,86.39,down
14788,605117,20250528,83.08,83.36,up
14789,605118,20250507,19.09,19.32,up
14790,605118,20250513,19.08,18.99,down
14791,605118,20250520,19.46,19.53,up
14792,605122,20250510,11.1,11.1,up
14793,605122,20250516,11.09,11.39,up
14794,605122,20250521,11.5,11.26,down
14795,605123,20250507,58.87,59.28,up
14796,605123,20250509,58.41,58.12,down
14797,605123,20250510,58.41,58.12,down
14798,605123,20250520,56.49,55.87,down
14799,605123,20250529,59.2,59.25,up
14800,605128,20250508,46.4,45.68,down
14801,605128,20250516,47.73,44.99,down
14802,605133,20250507,42.05,38.62,down
14803,605133,20250510,40.0,40.7,up
14804,605133,20250513,41.66,41.31,down
14805,605136,20250517,9.43,10.37,up
14806,605136,20250520,11.41,12.55,up
14807,605136,20250521,12.55,13.19,up
14808,605136,20250522,13.19,14.51,up
14809,605136,20250524,14.51,14.5,down
14810,605136,20250527,15.08,15.42,up
14811,605138,20250508,6.22,6.43,up
14812,605138,20250513,7.02,7.72,up
14813,605138,20250516,7.86,7.43,down
14814,605138,20250524,6.8,6.85,up
14815,605138,20250529,6.98,6.56,down
14816,605138,20250530,6.56,6.69,up
14817,605151,20250510,17.22,17.42,up
14818,605151,20250515,17.24,17.48,up
14819,605151,20250517,17.48,17.6,up
14820,605155,20250507,11.79,12.01,up
14821,605155,20250513,11.95,11.9,down
14822,605155,20250522,11.43,11.32,down
14823,605158,20250507,8.09,8.2,up
14824,605162,20250507,7.66,7.75,up
14825,605162,20250508,7.75,7.78,up
14826,605162,20250515,7.64,7.59,down
14827,605162,20250521,7.87,7.57,down
14828,605162,20250530,7.45,7.43,down
14829,605162,20250531,7.45,7.43,down
14830,605166,20250501,11.04,11.32,up
14831,605166,20250507,11.3,11.36,up
14832,605167,20250509,9.18,9.25,up
14833,605167,20250521,9.62,9.95,up
14834,605168,20250510,28.13,28.36,up
14835,605168,20250516,28.35,28.44,up
14836,605168,20250520,28.85,28.6,down
14837,605168,20250522,27.67,27.28,down
14838,605169,20250509,10.25,10.31,up
14839,605169,20250516,12.51,11.85,down
14840,605169,20250517,12.51,11.85,down
14841,605177,20250509,17.2,17.52,up
14842,605177,20250513,17.42,17.37,down
14843,605177,20250516,17.62,17.69,up
14844,605177,20250521,17.9,17.62,down
14845,605177,20250531,17.96,18.22,up
14846,605178,20250513,16.5,16.38,down
14847,605178,20250520,16.9,16.97,up
14848,605178,20250521,16.97,16.78,down
14849,605178,20250529,19.86,19.55,down
14850,605179,20250524,20.55,20.92,up
14851,605180,20250508,13.8,13.94,up
14852,605180,20250521,13.72,13.52,down
14853,605180,20250530,13.87,14.06,up
14854,605183,20250509,15.76,15.95,up
14855,605183,20250517,15.85,16.07,up
14856,605188,20250509,10.56,10.65,up
14857,605188,20250510,10.56,10.65,up
14858,605188,20250516,13.31,14.64,up
14859,605188,20250517,13.31,14.64,up
14860,605188,20250520,14.28,13.45,down
14861,605188,20250521,13.45,12.9,down
14862,605188,20250522,12.9,12.34,down
14863,605188,20250528,14.06,14.66,up
14864,605188,20250529,14.66,13.19,down
14865,605189,20250501,12.24,12.55,up
14866,605189,20250507,12.86,13.1,up
14867,605189,20250513,13.35,13.66,up
14868,605189,20250527,13.42,13.45,up
14869,605196,20250508,14.09,13.96,down
14870,605196,20250510,13.96,14.09,up
14871,605196,20250513,14.45,14.81,up
14872,605196,20250515,14.26,14.28,up
14873,605196,20250523,14.26,14.66,up
14874,605196,20250529,16.18,16.03,down
14875,605198,20250507,46.0,45.75,down
14876,605198,20250516,58.3,58.88,up
14877,605198,20250517,58.3,58.88,up
14878,605198,20250520,57.3,57.86,up
14879,605198,20250521,57.86,56.98,down
14880,605198,20250528,57.55,57.99,up
14881,605198,20250529,57.99,58.39,up
14882,605198,20250530,58.39,58.98,up
14883,605199,20250508,10.65,10.14,down
14884,605199,20250520,10.01,10.17,up
14885,605199,20250522,10.01,9.96,down
14886,605199,20250523,9.96,9.55,down
14887,605199,20250530,9.93,9.86,down
14888,605208,20250507,13.21,13.8,up
14889,605208,20250517,14.53,14.31,down
14890,605208,20250527,12.95,12.58,down
14891,605222,20250508,15.24,15.14,down
14892,605222,20250519,15.0,15.0,up
14893,605222,20250520,15.0,14.86,down
14894,605222,20250522,14.67,14.57,down
14895,605222,20250523,14.57,14.81,up
14896,605222,20250529,15.1,14.83,down
14897,605228,20250507,11.54,11.43,down
14898,605228,20250508,11.43,11.18,down
14899,605228,20250513,11.4,11.3,down
14900,605228,20250516,11.47,11.43,down
14901,605255,20250508,17.45,17.18,down
14902,605255,20250517,17.14,17.11,down
14903,605255,20250524,17.08,17.11,up
14904,605258,20250510,28.94,29.24,up
14905,605258,20250517,28.65,28.64,down
14906,605259,20250507,17.59,17.67,up
14907,605259,20250510,17.61,17.72,up
14908,605259,20250517,18.11,18.28,up
14909,605266,20250509,21.08,21.06,down
14910,605266,20250513,21.24,20.95,down
14911,605266,20250516,20.95,21.15,up
14912,605266,20250522,22.94,23.01,up
14913,605268,20250507,8.46,8.47,up
14914,605268,20250513,8.79,8.87,up
14915,605268,20250522,8.85,8.89,up
14916,605268,20250529,8.78,8.66,down
14917,605268,20250531,8.66,8.74,up
14918,605277,20250506,16.21,16.18,down
14919,605277,20250515,15.84,15.87,up
14920,605277,20250529,15.5,15.08,down
14921,605277,20250531,15.08,15.05,down
14922,605286,20250507,37.93,38.47,up
14923,605286,20250517,38.27,36.67,down
14924,605286,20250528,36.03,37.0,up
14925,605287,20250507,12.71,12.98,up
14926,605287,20250523,13.04,13.17,up
14927,605287,20250530,14.16,13.71,down
14928,605287,20250531,14.16,13.71,down
14929,605288,20250521,51.62,53.35,up
14930,605288,20250523,54.06,53.91,down
14931,605288,20250528,56.7,55.92,down
14932,605289,20250506,26.46,25.78,down
14933,605289,20250513,26.65,26.15,down
14934,605289,20250521,28.45,27.86,down
14935,605289,20250524,28.88,28.0,down
14936,605296,20250508,29.46,28.55,down
14937,605296,20250509,28.55,28.62,up
14938,605296,20250513,28.19,28.39,up
14939,605296,20250515,28.68,28.23,down
14940,605296,20250521,28.53,27.06,down
14941,605296,20250522,27.06,26.96,down
14942,605298,20250516,12.98,13.09,up
14943,605298,20250521,12.84,12.75,down
14944,605298,20250528,12.46,12.9,up
14945,605299,20250507,8.47,8.56,up
14946,605299,20250520,8.7,8.75,up
14947,605300,20250501,13.5,13.76,up
14948,605300,20250510,13.85,13.74,down
14949,605300,20250517,13.59,13.82,up
14950,605300,20250524,14.27,14.58,up
14951,605300,20250531,14.48,14.91,up
14952,605303,20250506,9.63,9.77,up
14953,605303,20250515,9.93,9.91,down
14954,605303,20250521,10.15,9.94,down
14955,605303,20250523,9.89,9.99,up
14956,605305,20250507,26.1,26.32,up
14957,605305,20250509,25.6,27.0,up
14958,605305,20250510,25.6,27.0,up
14959,605305,20250522,25.38,25.32,down
14960,605305,20250531,25.44,25.94,up
14961,605318,20250520,29.46,29.61,up
14962,605318,20250528,27.73,27.75,up
14963,605319,20250508,33.95,32.31,down
14964,605319,20250515,32.0,32.69,up
14965,605319,20250517,32.69,33.65,up
14966,605319,20250524,33.42,32.72,down
14967,605319,20250531,30.89,30.25,down
14968,605333,20250515,28.42,28.11,down
14969,605333,20250517,28.11,27.76,down
14970,605333,20250521,27.81,28.6,up
14971,605333,20250527,29.3,28.6,down
14972,605333,20250529,29.27,28.53,down
14973,605336,20250507,19.91,20.33,up
14974,605337,20250501,12.38,12.55,up
14975,605337,20250510,13.08,13.15,up
14976,605337,20250520,13.46,13.32,down
14977,605337,20250524,12.61,13.34,up
14978,605337,20250528,14.52,15.31,up
14979,605337,20250530,14.96,15.28,up
14980,605338,20250508,18.52,18.62,up
14981,605338,20250527,19.08,19.6,up
14982,605339,20250507,16.85,16.77,down
14983,605339,20250513,16.64,16.62,down
14984,605339,20250516,16.89,17.24,up
14985,605339,20250530,17.77,18.29,up
14986,605358,20250513,24.54,24.6,up
14987,605358,20250520,24.08,23.85,down
14988,605358,20250527,23.39,22.93,down
14989,605358,20250528,22.93,23.61,up
14990,605365,20250507,14.47,14.53,up
14991,605365,20250527,15.1,15.09,down
14992,605365,20250530,15.28,14.89,down
14993,605366,20250507,5.83,5.88,up
14994,605366,20250509,5.94,5.92,down
14995,605366,20250510,5.94,5.92,down
14996,605366,20250522,6.04,6.02,down
14997,605366,20250524,6.02,6.01,down
14998,605368,20250509,10.43,10.39,down
14999,605368,20250515,10.34,10.21,down
15000,605369,20250509,26.33,26.69,up
15001,605369,20250528,25.99,26.28,up
15002,605369,20250531,26.27,27.0,up
15003,605376,20250507,35.16,35.02,down
15004,605376,20250508,35.02,34.57,down
15005,605376,20250510,34.57,35.32,up
15006,605376,20250531,31.96,32.01,up
15007,605377,20250510,11.02,11.0,down
15008,605377,20250516,10.96,11.04,up
15009,605377,20250521,11.0,10.89,down
15010,605377,20250527,10.78,10.9,up
15011,605377,20250528,10.9,10.95,up
15012,605378,20250510,22.45,22.92,up
15013,605378,20250520,24.17,23.63,down
15014,605378,20250528,23.4,23.95,up
15015,605388,20250510,6.22,6.21,down
15016,605388,20250516,6.26,6.42,up
15017,605388,20250524,6.35,6.99,up
15018,605388,20250528,8.46,9.31,up
15019,605388,20250530,8.8,9.68,up
15020,605389,20250515,33.95,34.07,up
15021,605398,20250508,31.3,29.9,down
15022,605399,20250515,11.78,11.69,down
15023,605399,20250528,11.58,11.79,up
15024,605488,20250501,49.26,49.9,up
15025,605488,20250520,45.87,45.35,down
15026,605488,20250526,47.2,46.78,down
15027,605488,20250529,48.15,32.17,down
15028,605499,20250515,277.55,277.98,up
15029,605499,20250522,286.88,283.66,down
15030,605499,20250527,293.0,311.47,up
15031,605500,20250507,7.31,7.39,up
15032,605500,20250508,7.39,7.36,down
15033,605500,20250512,7.29,7.26,down
15034,605500,20250520,7.51,7.43,down
15035,605507,20250508,19.12,19.21,up
15036,605507,20250529,20.11,20.33,up
15037,605555,20250507,20.54,21.36,up
15038,605555,20250517,21.2,20.94,down
15039,605566,20250515,19.51,19.51,up
15040,605566,20250517,19.51,19.46,down
15041,605566,20250519,19.46,19.75,up
15042,605566,20250522,19.53,19.38,down
15043,605567,20250510,9.55,9.47,down
15044,605567,20250513,9.42,9.46,up
15045,605567,20250520,10.03,9.82,down
15046,605577,20250516,12.35,12.45,up
15047,605580,20250509,11.24,11.27,up
15048,605580,20250520,11.53,11.54,up
15049,605580,20250528,11.04,11.17,up
15050,605588,20250501,46.96,48.58,up
15051,605588,20250506,48.58,48.5,down
15052,605588,20250517,48.88,48.84,down
15053,605588,20250529,47.49,45.4,down
15054,605589,20250507,27.29,27.3,up
15055,605589,20250508,27.3,27.67,up
15056,605589,20250513,27.38,27.41,up
15057,605589,20250520,26.65,26.73,up
15058,605589,20250523,26.11,25.91,down
15059,605589,20250528,25.87,26.55,up
15060,605598,20250508,20.84,20.74,down
15061,605598,20250520,21.05,20.98,down
15062,605598,20250531,20.91,20.96,up
15063,605599,20250523,14.89,14.74,down
15064,605599,20250529,16.2,15.46,down
15065,688001,20250507,25.56,26.36,up
15066,688002,20250510,58.07,59.78,up
15067,688002,20250521,58.35,58.62,up
15068,688002,20250531,60.8,61.18,up
15069,688003,20250510,51.77,52.3,up
15070,688003,20250520,46.48,46.48,up
15071,688003,20250531,48.8,48.55,down
15072,688004,20250508,17.86,17.73,down
15073,688004,20250509,17.73,17.7,down
15074,688004,20250522,19.99,19.52,down
15075,688004,20250523,19.52,19.64,up
15076,688004,20250530,19.6,19.82,up
15077,688005,20250501,19.96,20.19,up
15078,688005,20250530,18.31,18.24,down
15079,688006,20250508,17.47,17.22,down
15080,688006,20250509,17.22,17.72,up
15081,688006,20250520,17.45,17.55,up
15082,688007,20250501,14.1,14.57,up
15083,688007,20250515,14.4,14.45,up
15084,688007,20250521,14.29,14.08,down
15085,688007,20250523,13.87,13.9,up
15086,688008,20250501,76.82,78.92,up
15087,688008,20250507,78.82,77.83,down
15088,688008,20250515,78.16,77.6,down
15089,688009,20250507,5.18,5.19,up
15090,688009,20250523,5.04,5.03,down
15091,688009,20250531,5.02,5.06,up
15092,688010,20250507,41.21,41.02,down
15093,688010,20250508,41.02,38.65,down
15094,688010,20250510,38.65,38.52,down
15095,688010,20250520,34.55,32.98,down
15096,688011,20250508,20.56,19.14,down
15097,688011,20250517,18.73,18.68,down
15098,688012,20250506,188.88,189.33,up
15099,688012,20250509,181.7,183.4,up
15100,688012,20250529,176.71,175.01,down
15101,688013,20250508,22.2,22.1,down
15102,688013,20250509,22.1,22.06,down
15103,688013,20250521,23.52,23.22,down
15104,688013,20250529,24.57,24.85,up
15105,688015,20250509,19.9,20.49,up
15106,688015,20250520,20.37,20.08,down
15107,688015,20250528,19.79,20.14,up
15108,688016,20250507,86.07,86.58,up
15109,688016,20250530,87.94,90.0,up
15110,688017,20250513,146.06,145.48,down
15111,688017,20250521,134.45,132.6,down
15112,688017,20250527,117.99,115.55,down
15113,688018,20250509,198.5,202.3,up
15114,688018,20250521,193.13,193.99,up
15115,688018,20250528,188.0,190.1,up
15116,688019,20250508,187.13,183.97,down
15117,688019,20250515,178.5,179.3,up
15118,688020,20250510,33.56,33.7,up
15119,688020,20250523,32.91,33.08,up
15120,688021,20250508,13.15,13.06,down
15121,688021,20250517,13.69,13.44,down
15122,688022,20250510,14.07,14.27,up
15123,688022,20250513,14.17,13.95,down
15124,688022,20250515,13.67,13.71,up
15125,688022,20250516,13.71,13.66,down
15126,688022,20250517,13.71,13.66,down
15127,688022,20250520,13.92,13.64,down
15128,688022,20250527,13.42,13.15,down
15129,688022,20250529,13.5,12.95,down
15130,688022,20250531,12.95,13.02,up
15131,688023,20250508,49.43,48.13,down
15132,688023,20250516,47.08,46.37,down
15133,688023,20250522,46.42,45.11,down
15134,688025,20250515,49.9,50.54,up
15135,688025,20250521,50.15,49.7,down
15136,688025,20250529,49.74,47.77,down
15137,688026,20250508,15.25,15.04,down
15138,688026,20250523,15.08,14.93,down
15139,688026,20250527,15.14,15.02,down
15140,688027,20250508,249.92,245.3,down
15141,688027,20250531,258.87,262.5,up
15142,688028,20250507,22.33,22.92,up
15143,688028,20250516,22.5,22.24,down
15144,688028,20250527,21.52,21.02,down
15145,688029,20250507,62.12,62.9,up
15146,688029,20250510,62.13,62.7,up
15147,688029,20250521,66.6,65.87,down
15148,688029,20250530,67.32,67.58,up
15149,688030,20250508,16.16,15.71,down
15150,688030,20250513,15.59,15.35,down
15151,688030,20250523,14.8,14.87,up
15152,688030,20250529,15.26,14.85,down
15153,688031,20250507,51.88,52.11,up
15154,688031,20250517,48.66,48.4,down
15155,688031,20250530,45.38,45.64,up
15156,688032,20250507,102.92,103.78,up
15157,688032,20250508,103.78,101.28,down
15158,688032,20250510,101.28,103.5,up
15159,688032,20250515,101.64,101.11,down
15160,688032,20250521,101.81,99.6,down
15161,688032,20250527,101.03,99.24,down
15162,688032,20250530,99.64,98.88,down
15163,688033,20250501,5.3,5.44,up
15164,688033,20250507,5.51,5.8,up
15165,688033,20250509,5.7,5.89,up
15166,688033,20250513,5.84,5.85,up
15167,688033,20250515,5.85,6.1,up
15168,688033,20250531,6.0,6.04,up
15169,688035,20250507,40.38,40.46,up
15170,688035,20250510,39.53,39.68,up
15171,688035,20250516,40.26,41.28,up
15172,688035,20250521,39.91,40.0,up
15173,688035,20250523,38.77,38.89,up
15174,688035,20250530,37.8,37.9,up
15175,688036,20250522,74.5,74.45,down
15176,688036,20250529,74.2,72.69,down
15177,688037,20250510,93.95,95.92,up
15178,688037,20250516,96.08,98.6,up
15179,688037,20250517,96.08,98.6,up
15180,688037,20250520,97.78,95.59,down
15181,688037,20250528,92.79,94.65,up
15182,688038,20250509,16.7,16.85,up
15183,688038,20250517,16.27,16.75,up
15184,688041,20250501,148.6,150.01,up
15185,688041,20250510,143.88,143.7,down
15186,688041,20250522,136.66,136.13,down
15187,688041,20250526,136.13,141.98,up
15188,688045,20250508,34.26,32.51,down
15189,688046,20250507,11.56,12.06,up
15190,688046,20250520,11.95,12.0,up
15191,688046,20250521,12.0,11.73,down
15192,688046,20250529,12.16,12.36,up
15193,688047,20250510,129.64,123.98,down
15194,688047,20250521,122.0,122.61,up
15195,688047,20250523,120.4,124.78,up
15196,688048,20250501,57.0,60.54,up
15197,688048,20250509,61.95,60.78,down
15198,688048,20250510,61.95,60.78,down
15199,688048,20250515,53.6,55.11,up
15200,688048,20250524,52.36,53.55,up
15201,688048,20250531,51.97,53.0,up
15202,688049,20250501,54.7,55.82,up
15203,688049,20250521,47.81,49.1,up
15204,688050,20250507,81.07,80.31,down
15205,688050,20250514,77.91,77.45,down
15206,688050,20250530,71.41,72.2,up
15207,688051,20250506,23.01,22.9,down
15208,688052,20250501,187.0,189.5,up
15209,688052,20250516,180.28,179.78,down
15210,688052,20250520,178.0,174.98,down
15211,688052,20250521,174.98,174.14,down
15212,688052,20250527,171.83,175.07,up
15213,688053,20250510,28.68,29.35,up
15214,688053,20250517,27.99,27.8,down
15215,688053,20250527,26.17,25.89,down
15216,688055,20250510,3.42,3.45,up
15217,688055,20250531,3.35,3.36,up
15218,688056,20250517,32.75,32.95,up
15219,688056,20250530,31.81,31.92,up
15220,688057,20250510,11.48,11.53,up
15221,688057,20250520,11.58,11.88,up
15222,688057,20250529,11.88,11.78,down
15223,688058,20250521,27.48,27.02,down
15224,688058,20250522,27.02,26.44,down
15225,688059,20250507,66.56,65.4,down
15226,688059,20250510,63.03,66.95,up
15227,688059,20250523,75.5,74.24,down
15228,688059,20250528,71.06,70.26,down
15229,688060,20250509,33.85,34.81,up
15230,688060,20250520,35.56,34.5,down
15231,688061,20250507,28.88,29.49,up
15232,688061,20250510,29.03,29.52,up
15233,688061,20250520,30.22,29.6,down
15234,688061,20250523,28.7,29.08,up
15235,688061,20250524,28.7,29.08,up
15236,688061,20250527,29.13,28.9,down
15237,688062,20250510,19.99,17.8,down
15238,688062,20250521,21.01,23.47,up
15239,688062,20250523,23.87,22.71,down
15240,688062,20250530,23.7,24.92,up
15241,688063,20250501,40.98,42.0,up
15242,688063,20250507,41.16,43.11,up
15243,688063,20250508,43.11,43.73,up
15244,688063,20250513,43.16,42.92,down
15245,688063,20250515,44.4,44.39,down
15246,688063,20250516,44.39,45.35,up
15247,688063,20250527,42.53,42.8,up
15248,688063,20250528,42.8,43.12,up
15249,688065,20250507,51.94,51.25,down
15250,688065,20250509,51.11,50.66,down
15251,688065,20250517,49.79,47.66,down
15252,688066,20250508,18.43,18.0,down
15253,688066,20250521,17.54,17.3,down
15254,688066,20250531,17.93,17.95,up
15255,688067,20250508,19.96,19.65,down
15256,688067,20250524,20.18,20.2,up
15257,688067,20250530,20.7,20.67,down
15258,688068,20250501,123.5,118.35,down
15259,688068,20250508,109.6,109.4,down
15260,688068,20250513,105.98,101.67,down
15261,688068,20250516,110.95,109.88,down
15262,688068,20250520,113.73,120.73,up
15263,688068,20250523,125.25,120.02,down
15264,688069,20250509,16.15,17.15,up
15265,688069,20250516,17.46,17.66,up
15266,688069,20250517,17.46,17.66,up
15267,688070,20250508,42.65,41.07,down
15268,688070,20250509,41.07,41.54,up
15269,688070,20250513,40.38,39.2,down
15270,688071,20250521,37.91,36.97,down
15271,688071,20250523,36.45,36.72,up
15272,688072,20250520,152.89,150.55,down
15273,688072,20250521,150.55,148.54,down
15274,688072,20250531,147.41,146.07,down
15275,688073,20250501,40.95,41.88,up
15276,688073,20250508,42.29,41.24,down
15277,688073,20250515,41.79,41.42,down
15278,688073,20250529,44.31,43.79,down
15279,688075,20250516,36.34,36.54,up
15280,688075,20250523,37.64,37.48,down
15281,688076,20250501,52.95,53.4,up
15282,688076,20250516,54.4,54.83,up
15283,688076,20250524,53.76,49.59,down
15284,688076,20250528,48.51,48.79,up
15285,688077,20250509,25.08,25.26,up
15286,688077,20250516,26.13,25.3,down
15287,688077,20250529,24.8,23.85,down
15288,688078,20250509,31.84,32.13,up
15289,688078,20250513,31.82,31.8,down
15290,688078,20250517,31.06,31.36,up
15291,688079,20250516,8.82,8.88,up
15292,688080,20250507,44.39,45.18,up
15293,688080,20250513,44.65,44.35,down
15294,688080,20250516,43.02,42.71,down
15295,688081,20250527,19.24,18.79,down
15296,688082,20250507,106.81,106.55,down
15297,688082,20250522,101.43,100.06,down
15298,688082,20250530,101.31,106.61,up
15299,688083,20250501,94.38,95.7,up
15300,688083,20250507,95.08,95.32,up
15301,688083,20250513,96.34,96.5,up
15302,688083,20250530,92.6,98.74,up
15303,688084,20250510,70.62,74.0,up
15304,688084,20250527,67.41,65.85,down
15305,688085,20250509,20.43,20.71,up
15306,688085,20250510,20.43,20.71,up
15307,688085,20250513,20.79,20.5,down
15308,688085,20250521,20.09,19.79,down
15309,688087,20250508,23.82,23.53,down
15310,688087,20250509,23.53,23.9,up
15311,688087,20250513,24.46,24.26,down
15312,688087,20250521,23.51,23.5,down
15313,688087,20250530,24.08,24.25,up
15314,688088,20250501,45.3,47.27,up
15315,688088,20250508,46.6,45.86,down
15316,688088,20250510,45.86,45.6,down
15317,688088,20250513,45.62,45.88,up
15318,688088,20250516,45.6,43.9,down
15319,688088,20250521,44.1,44.61,up
15320,688089,20250507,25.74,25.95,up
15321,688089,20250509,25.2,25.32,up
15322,688089,20250530,26.03,26.21,up
15323,688090,20250508,43.23,41.71,down
15324,688090,20250517,44.26,45.16,up
15325,688090,20250520,44.98,43.77,down
15326,688090,20250524,43.8,45.89,up
15327,688091,20250521,41.38,41.56,up
15328,688091,20250530,42.82,43.25,up
15329,688092,20250507,21.15,21.52,up
15330,688092,20250510,21.17,21.53,up
15331,688092,20250513,21.3,21.0,down
15332,688092,20250520,21.79,21.56,down
15333,688093,20250509,26.35,26.5,up
15334,688093,20250530,25.65,26.54,up
15335,688095,20250507,69.45,71.2,up
15336,688095,20250510,70.8,70.0,down
15337,688095,20250520,66.14,66.0,down
15338,688095,20250527,63.19,63.3,up
15339,688096,20250510,18.17,18.79,up
15340,688096,20250515,19.3,17.49,down
15341,688096,20250516,17.49,17.5,up
15342,688096,20250517,17.49,17.5,up
15343,688097,20250507,25.9,26.52,up
15344,688097,20250515,25.21,25.21,up
15345,688097,20250517,25.21,25.06,down
15346,688097,20250520,25.3,25.11,down
15347,688097,20250530,24.89,24.49,down
15348,688098,20250507,5.7,5.72,up
15349,688098,20250508,5.72,5.71,down
15350,688098,20250521,6.05,5.84,down
15351,688098,20250524,5.74,5.77,up
15352,688099,20250501,72.2,72.98,up
15353,688099,20250507,72.02,71.78,down
15354,688099,20250508,71.78,70.2,down
15355,688099,20250510,70.2,71.87,up
15356,688100,20250507,36.0,35.83,down
15357,688100,20250512,35.87,35.8,down
15358,688101,20250507,13.07,13.19,up
15359,688101,20250510,13.09,13.11,up
15360,688101,20250515,13.02,13.01,down
15361,688102,20250515,11.68,11.63,down
15362,688102,20250516,11.63,11.59,down
15363,688102,20250517,11.63,11.59,down
15364,688102,20250521,11.61,11.27,down
15365,688102,20250522,11.27,11.29,up
15366,688102,20250531,12.34,13.11,up
15367,688103,20250507,53.49,53.66,up
15368,688103,20250513,52.77,52.41,down
15369,688103,20250520,51.96,51.14,down
15370,688105,20250509,22.15,22.04,down
15371,688105,20250520,22.37,22.27,down
15372,688105,20250528,21.22,21.93,up
15373,688106,20250512,18.03,17.91,down
15374,688106,20250517,17.65,18.29,up
15375,688106,20250524,17.69,17.69,up
15376,688106,20250528,18.35,18.39,up
15377,688107,20250508,28.0,27.16,down
15378,688107,20250514,27.23,26.7,down
15379,688107,20250515,26.7,26.8,up
15380,688107,20250521,26.82,26.56,down
15381,688107,20250531,26.58,27.29,up
15382,688108,20250510,9.79,9.77,down
15383,688108,20250520,9.93,9.94,up
15384,688108,20250529,11.06,11.05,down
15385,688109,20250501,28.55,29.13,up
15386,688109,20250507,29.5,29.48,down
15387,688109,20250523,26.65,27.06,up
15388,688110,20250501,31.25,32.31,up
15389,688110,20250510,31.88,33.3,up
15390,688110,20250516,33.69,34.15,up
15391,688110,20250527,33.76,31.6,down
15392,688111,20250515,290.03,290.45,up
15393,688111,20250530,281.79,279.23,down
15394,688112,20250516,36.8,36.28,down
15395,688112,20250523,34.69,34.61,down
15396,688112,20250528,34.58,34.95,up
15397,688112,20250530,34.58,34.56,down
15398,688113,20250508,34.57,33.93,down
15399,688113,20250509,33.93,34.5,up
15400,688113,20250521,35.06,33.89,down
15401,688113,20250528,34.12,34.47,up
15402,688114,20250520,74.31,73.93,down
15403,688114,20250527,72.68,71.29,down
15404,688114,20250530,70.52,70.5,down
15405,688115,20250510,38.17,43.72,up
15406,688115,20250515,41.95,43.87,up
15407,688115,20250516,43.87,45.43,up
15408,688115,20250520,43.58,43.21,down
15409,688115,20250530,42.0,42.38,up
15410,688116,20250507,44.04,44.61,up
15411,688116,20250516,43.22,43.74,up
15412,688116,20250520,44.01,45.0,up
15413,688116,20250523,42.28,41.91,down
15414,688116,20250529,42.03,41.26,down
15415,688117,20250508,31.86,31.86,up
15416,688117,20250515,32.62,34.99,up
15417,688117,20250516,34.99,34.96,down
15418,688118,20250508,26.41,24.82,down
15419,688118,20250516,23.85,24.05,up
15420,688118,20250527,22.71,22.06,down
15421,688119,20250508,3.85,3.82,down
15422,688119,20250509,3.82,3.88,up
15423,688119,20250521,3.86,3.79,down
15424,688119,20250523,3.78,3.87,up
15425,688119,20250524,3.78,3.87,up
15426,688119,20250528,3.95,3.97,up
15427,688120,20250520,155.32,154.3,down
15428,688120,20250521,154.3,152.8,down
15429,688120,20250528,147.95,152.12,up
15430,688120,20250530,147.82,153.8,up
15431,688121,20250508,11.41,11.29,down
15432,688121,20250516,11.27,11.39,up
15433,688121,20250530,12.35,12.19,down
15434,688122,20250520,49.26,49.31,up
15435,688123,20250508,76.36,75.85,down
15436,688123,20250520,76.87,75.86,down
15437,688123,20250527,70.69,70.7,up
15438,688123,20250528,70.7,72.71,up
15439,688125,20250510,35.8,36.25,up
15440,688125,20250517,35.95,35.28,down
15441,688125,20250520,35.98,35.8,down
15442,688125,20250523,34.09,34.46,up
15443,688125,20250527,33.6,33.49,down
15444,688126,20250508,18.22,17.9,down
15445,688126,20250521,18.23,18.62,up
15446,688127,20250508,24.16,23.81,down
15447,688127,20250516,23.25,23.11,down
15448,688127,20250526,22.3,21.57,down
15449,688128,20250506,24.75,24.34,down
15450,688128,20250508,24.37,24.73,up
15451,688128,20250510,24.73,25.91,up
15452,688128,20250513,25.58,25.6,up
15453,688128,20250529,24.82,24.72,down
15454,688128,20250530,24.72,24.46,down
15455,688129,20250520,24.82,24.65,down
15456,688130,20250507,27.17,27.39,up
15457,688130,20250509,26.1,26.31,up
15458,688130,20250514,25.8,25.32,down
15459,688130,20250515,25.32,25.37,up
15460,688130,20250516,25.37,25.63,up
15461,688131,20250507,40.25,41.25,up
15462,688131,20250508,41.25,40.83,down
15463,688131,20250510,40.83,40.16,down
15464,688131,20250516,38.98,39.0,up
15465,688131,20250521,39.73,37.26,down
15466,688131,20250523,38.97,38.53,down
15467,688131,20250529,38.26,44.1,up
15468,688131,20250530,44.1,44.91,up
15469,688131,20250531,44.1,44.91,up
15470,688132,20250501,18.82,19.45,up
15471,688132,20250508,20.47,20.22,down
15472,688132,20250517,20.52,21.5,up
15473,688132,20250526,18.19,18.22,up
15474,688132,20250527,18.22,17.74,down
15475,688132,20250528,17.74,18.16,up
15476,688132,20250530,17.89,17.43,down
15477,688133,20250515,22.23,22.54,up
15478,688133,20250516,22.54,22.65,up
15479,688133,20250521,21.84,21.65,down
15480,688135,20250531,19.08,19.14,up
15481,688136,20250508,35.48,34.96,down
15482,688136,20250509,34.96,33.99,down
15483,688136,20250513,35.21,34.23,down
15484,688136,20250524,41.61,40.27,down
15485,688136,20250527,42.65,46.8,up
15486,688137,20250508,33.55,33.22,down
15487,688137,20250509,33.22,33.49,up
15488,688137,20250520,34.87,34.58,down
15489,688137,20250523,35.19,34.63,down
15490,688137,20250528,34.44,37.15,up
15491,688137,20250530,36.18,36.6,up
15492,688138,20250507,28.9,28.59,down
15493,688138,20250510,28.1,28.11,up
15494,688138,20250517,26.45,26.5,up
15495,688138,20250520,26.73,26.47,down
15496,688138,20250527,25.59,25.2,down
15497,688139,20250501,31.53,31.95,up
15498,688139,20250507,32.07,32.25,up
15499,688139,20250530,31.18,31.45,up
15500,688141,20250507,34.31,34.37,up
15501,688141,20250516,32.3,32.75,up
15502,688141,20250521,31.75,31.57,down
15503,688141,20250528,30.11,31.15,up
15504,688143,20250501,31.82,33.21,up
15505,688143,20250507,34.28,34.46,up
15506,688143,20250508,34.46,35.6,up
15507,688143,20250509,35.6,36.18,up
15508,688143,20250510,35.6,36.18,up
15509,688143,20250513,34.08,33.73,down
15510,688143,20250517,32.06,32.12,up
15511,688143,20250530,31.71,33.27,up
15512,688146,20250508,28.47,28.2,down
15513,688146,20250517,28.24,28.28,up
15514,688146,20250530,28.27,28.49,up
15515,688147,20250501,31.36,31.77,up
15516,688147,20250508,31.0,29.91,down
15517,688147,20250513,30.25,30.26,up
15518,688147,20250520,29.96,30.0,up
15519,688147,20250531,28.58,28.76,up
15520,688148,20250501,4.29,4.54,up
15521,688148,20250510,4.53,4.62,up
15522,688148,20250515,4.5,4.58,up
15523,688148,20250527,4.6,4.47,down
15524,688150,20250507,23.41,22.92,down
15525,688150,20250508,22.92,22.87,down
15526,688150,20250516,22.89,23.35,up
15527,688150,20250522,23.88,24.17,up
15528,688150,20250526,23.64,23.73,up
15529,688150,20250528,23.95,24.32,up
15530,688151,20250507,17.67,17.87,up
15531,688151,20250513,17.6,17.45,down
15532,688151,20250515,17.24,17.14,down
15533,688151,20250516,17.14,17.71,up
15534,688151,20250523,17.19,17.36,up
15535,688151,20250529,17.06,16.84,down
15536,688152,20250513,57.96,55.8,down
15537,688152,20250522,53.37,51.91,down
15538,688152,20250528,51.91,54.2,up
15539,688153,20250508,32.75,31.46,down
15540,688153,20250509,31.46,32.1,up
15541,688153,20250521,30.23,29.95,down
15542,688153,20250531,29.56,29.46,down
15543,688155,20250509,42.12,42.66,up
15544,688155,20250520,40.06,40.91,up
15545,688156,20250513,14.93,14.85,down
15546,688156,20250515,14.78,14.9,up
15547,688156,20250531,14.22,14.31,up
15548,688157,20250521,39.68,38.5,down
15549,688158,20250501,22.48,23.32,up
15550,688158,20250507,22.86,22.9,up
15551,688158,20250510,22.05,22.54,up
15552,688158,20250517,21.78,21.4,down
15553,688158,20250530,19.48,19.45,down
15554,688159,20250510,54.68,56.99,up
15555,688159,20250520,64.61,63.59,down
15556,688159,20250521,63.59,67.86,up
15557,688160,20250508,102.99,99.66,down
15558,688160,20250509,99.66,102.85,up
15559,688160,20250517,93.68,92.8,down
15560,688160,20250524,89.34,88.31,down
15561,688160,20250528,85.3,86.78,up
15562,688160,20250529,86.78,83.23,down
15563,688162,20250510,26.11,26.79,up
15564,688162,20250516,27.58,28.43,up
15565,688162,20250517,27.58,28.43,up
15566,688163,20250509,17.42,17.54,up
15567,688163,20250517,17.59,17.84,up
15568,688163,20250528,17.81,18.8,up
15569,688165,20250508,25.31,25.56,up
15570,688165,20250509,25.56,28.96,up
15571,688165,20250515,27.4,27.71,up
15572,688165,20250521,26.3,26.38,up
15573,688166,20250509,50.36,48.68,down
15574,688166,20250510,50.36,48.68,down
15575,688166,20250520,50.03,49.78,down
15576,688166,20250523,48.64,48.21,down
15577,688166,20250529,52.78,51.66,down
15578,688167,20250507,67.95,69.94,up
15579,688167,20250509,70.06,70.1,up
15580,688167,20250513,71.83,69.63,down
15581,688167,20250517,68.74,67.98,down
15582,688167,20250529,70.85,68.43,down
15583,688168,20250515,57.75,58.4,up
15584,688168,20250521,62.17,62.08,down
15585,688168,20250524,60.6,60.69,up
15586,688169,20250508,204.4,203.4,down
15587,688169,20250520,230.47,229.35,down
15588,688169,20250529,227.64,227.48,down
15589,688169,20250530,227.48,228.0,up
15590,688170,20250508,21.71,21.31,down
15591,688170,20250510,21.31,21.73,up
15592,688170,20250520,21.75,21.62,down
15593,688170,20250522,21.25,21.1,down
15594,688171,20250507,26.32,28.98,up
15595,688171,20250508,28.98,29.4,up
15596,688171,20250513,32.29,30.72,down
15597,688171,20250516,31.92,36.07,up
15598,688171,20250521,34.85,35.45,up
15599,688171,20250527,29.73,29.04,down
15600,688171,20250528,29.04,29.06,up
15601,688172,20250507,19.18,19.7,up
15602,688172,20250509,19.12,19.76,up
15603,688172,20250514,19.35,19.04,down
15604,688172,20250520,19.2,19.1,down
15605,688172,20250521,19.1,19.03,down
15606,688172,20250528,18.7,19.24,up
15607,688172,20250530,18.8,18.6,down
15608,688173,20250507,12.97,12.92,down
15609,688173,20250508,12.92,12.61,down
15610,688173,20250515,12.08,12.21,up
15611,688173,20250523,13.56,13.62,up
15612,688175,20250510,17.7,18.27,up
15613,688175,20250527,18.29,18.35,up
15614,688176,20250510,7.99,7.78,down
15615,688177,20250501,22.3,22.58,up
15616,688177,20250523,23.35,24.3,up
15617,688178,20250516,23.99,24.12,up
15618,688178,20250521,23.57,23.4,down
15619,688178,20250531,24.66,25.16,up
15620,688179,20250509,16.58,15.65,down
15621,688179,20250516,15.44,15.36,down
15622,688179,20250523,15.23,15.16,down
15623,688179,20250528,14.75,15.11,up
15624,688179,20250529,15.11,15.09,down
15625,688180,20250508,29.36,28.97,down
15626,688180,20250528,30.63,32.96,up
15627,688180,20250530,32.51,33.06,up
15628,688181,20250509,29.94,29.4,down
15629,688181,20250517,28.94,30.35,up
15630,688181,20250523,29.12,29.35,up
15631,688181,20250524,29.12,29.35,up
15632,688183,20250509,30.33,31.09,up
15633,688183,20250513,31.11,31.65,up
15634,688183,20250528,29.52,30.1,up
15635,688184,20250520,9.31,9.46,up
15636,688184,20250522,9.17,9.13,down
15637,688184,20250523,9.13,9.14,up
15638,688184,20250531,9.29,9.39,up
15639,688185,20250509,55.88,55.85,down
15640,688185,20250516,57.62,56.25,down
15641,688186,20250507,26.43,26.67,up
15642,688186,20250509,25.88,26.33,up
15643,688186,20250510,25.88,26.33,up
15644,688186,20250513,26.61,26.5,down
15645,688186,20250528,25.63,25.42,down
15646,688187,20250501,45.36,46.2,up
15647,688187,20250506,46.2,46.8,up
15648,688187,20250507,46.8,47.06,up
15649,688187,20250508,47.06,46.42,down
15650,688187,20250509,46.42,46.83,up
15651,688187,20250510,46.42,46.83,up
15652,688187,20250513,46.42,46.35,down
15653,688187,20250515,45.7,45.42,down
15654,688187,20250516,45.42,45.14,down
15655,688187,20250520,44.94,45.4,up
15656,688187,20250523,44.6,44.6,up
15657,688187,20250527,44.45,44.03,down
15658,688187,20250528,44.03,44.31,up
15659,688187,20250530,43.82,43.57,down
15660,688188,20250510,197.56,196.18,down
15661,688188,20250520,193.0,193.2,up
15662,688188,20250524,190.94,193.23,up
15663,688188,20250528,195.11,193.32,down
15664,688189,20250501,6.16,6.34,up
15665,688189,20250508,6.46,6.43,down
15666,688189,20250524,6.7,6.65,down
15667,688190,20250507,93.11,98.75,up
15668,688190,20250526,86.89,84.82,down
15669,688190,20250528,84.78,85.18,up
15670,688191,20250510,30.08,29.97,down
15671,688191,20250513,30.07,29.4,down
15672,688191,20250520,28.63,28.65,up
15673,688191,20250521,28.65,28.45,down
15674,688191,20250523,28.8,27.46,down
15675,688191,20250528,27.63,27.96,up
15676,688191,20250530,28.45,28.53,up
15677,688192,20250508,53.99,56.38,up
15678,688192,20250509,56.38,52.23,down
15679,688192,20250516,56.34,56.45,up
15680,688192,20250520,57.53,56.67,down
15681,688192,20250529,61.0,60.3,down
15682,688193,20250507,38.41,39.0,up
15683,688193,20250508,39.0,38.5,down
15684,688193,20250509,38.5,39.13,up
15685,688193,20250513,38.54,37.97,down
15686,688193,20250523,38.24,38.01,down
15687,688196,20250501,40.2,40.3,up
15688,688196,20250507,40.0,40.31,up
15689,688196,20250514,40.68,40.68,up
15690,688197,20250521,34.92,35.5,up
15691,688198,20250501,112.0,110.88,down
15692,688198,20250516,109.54,109.9,up
15693,688198,20250523,106.79,105.95,down
15694,688199,20250520,18.69,17.96,down
15695,688199,20250527,18.05,18.25,up
15696,688199,20250528,18.25,18.92,up
15697,688200,20250507,142.57,142.81,up
15698,688200,20250508,142.81,138.02,down
15699,688200,20250513,136.69,138.98,up
15700,688200,20250529,138.53,135.5,down
15701,688201,20250508,9.28,9.15,down
15702,688201,20250509,9.15,9.31,up
15703,688201,20250510,9.15,9.31,up
15704,688201,20250521,9.04,8.89,down
15705,688202,20250508,30.87,30.27,down
15706,688202,20250514,30.57,30.19,down
15707,688202,20250529,33.33,33.13,down
15708,688203,20250507,10.17,10.3,up
15709,688203,20250508,10.3,10.18,down
15710,688203,20250509,10.18,10.23,up
15711,688203,20250515,10.11,10.23,up
15712,688203,20250529,10.32,10.22,down
15713,688205,20250507,63.28,68.01,up
15714,688205,20250516,63.32,62.02,down
15715,688205,20250523,66.5,70.8,up
15716,688206,20250508,24.48,24.04,down
15717,688206,20250510,24.04,23.75,down
15718,688206,20250520,23.55,23.85,up
15719,688206,20250530,28.95,31.79,up
15720,688207,20250501,13.27,13.68,up
15721,688207,20250522,14.19,13.61,down
15722,688207,20250523,13.61,14.01,up
15723,688208,20250501,41.68,42.83,up
15724,688208,20250507,43.0,43.5,up
15725,688208,20250517,29.28,29.04,down
15726,688208,20250520,28.8,28.55,down
15727,688208,20250531,27.55,27.21,down
15728,688209,20250501,19.0,19.21,up
15729,688209,20250508,19.12,18.3,down
15730,688209,20250510,18.3,18.47,up
15731,688209,20250515,18.03,17.99,down
15732,688209,20250517,17.99,18.13,up
15733,688209,20250520,18.32,18.03,down
15734,688209,20250522,17.93,17.66,down
15735,688209,20250524,17.66,17.68,up
15736,688209,20250527,17.52,17.38,down
15737,688209,20250530,17.47,17.82,up
15738,688210,20250507,18.15,18.63,up
15739,688210,20250516,19.02,18.63,down
15740,688210,20250529,18.05,17.64,down
15741,688211,20250508,28.5,27.98,down
15742,688211,20250510,27.98,28.3,up
15743,688212,20250507,49.98,47.23,down
15744,688212,20250509,46.37,47.14,up
15745,688212,20250513,47.51,46.15,down
15746,688212,20250521,47.5,47.32,down
15747,688212,20250522,47.32,48.52,up
15748,688212,20250523,48.52,49.49,up
15749,688212,20250528,48.17,50.45,up
15750,688213,20250510,93.22,93.12,down
15751,688213,20250520,91.96,90.0,down
15752,688213,20250531,90.6,88.49,down
15753,688215,20250507,30.46,32.0,up
15754,688216,20250508,19.05,18.54,down
15755,688216,20250515,18.46,18.74,up
15756,688216,20250523,18.6,18.8,up
15757,688217,20250509,22.95,23.17,up
15758,688218,20250513,22.0,21.62,down
15759,688218,20250516,22.23,22.67,up
15760,688218,20250521,22.3,23.59,up
15761,688219,20250507,13.21,13.13,down
15762,688219,20250520,12.54,12.3,down
15763,688219,20250521,12.3,12.14,down
15764,688220,20250520,85.88,82.7,down
15765,688220,20250521,82.7,81.11,down
15766,688221,20250508,8.57,8.55,down
15767,688221,20250516,8.85,8.75,down
15768,688221,20250527,8.84,8.72,down
15769,688222,20250523,16.26,15.61,down
15770,688222,20250527,15.69,15.14,down
15771,688222,20250530,16.69,17.34,up
15772,688223,20250507,5.62,5.73,up
15773,688223,20250515,5.62,5.61,down
15774,688223,20250522,5.37,5.31,down
15775,688223,20250530,5.2,5.11,down
15776,688225,20250507,22.76,22.66,down
15777,688225,20250510,20.94,21.56,up
15778,688225,20250527,19.45,19.25,down
15779,688225,20250531,19.6,19.79,up
15780,688226,20250508,31.16,29.03,down
15781,688226,20250509,29.03,29.58,up
15782,688226,20250520,27.2,26.86,down
15783,688227,20250515,35.94,35.45,down
15784,688227,20250522,33.59,36.03,up
15785,688227,20250527,36.71,36.17,down
15786,688227,20250530,34.5,33.97,down
15787,688228,20250510,63.86,70.5,up
15788,688228,20250513,67.3,66.41,down
15789,688229,20250506,50.03,49.58,down
15790,688229,20250517,50.2,50.69,up
15791,688229,20250521,50.28,49.21,down
15792,688230,20250508,44.81,43.87,down
15793,688230,20250515,44.5,44.48,down
15794,688230,20250524,47.79,47.62,down
15795,688231,20250507,16.24,16.59,up
15796,688231,20250508,16.59,16.44,down
15797,688231,20250513,16.23,16.09,down
15798,688231,20250517,15.98,16.12,up
15799,688231,20250526,15.81,15.79,down
15800,688232,20250510,31.86,32.12,up
15801,688232,20250516,31.08,31.2,up
15802,688233,20250501,28.64,28.62,down
15803,688233,20250530,26.25,27.03,up
15804,688234,20250507,60.96,60.44,down
15805,688234,20250509,58.03,58.92,up
15806,688234,20250517,60.74,59.93,down
15807,688235,20250501,261.18,259.0,down
15808,688235,20250506,259.0,238.5,down
15809,688235,20250508,238.4,243.52,up
15810,688235,20250510,243.52,221.5,down
15811,688235,20250513,232.98,227.17,down
15812,688235,20250514,227.17,223.88,down
15813,688235,20250515,223.88,230.5,up
15814,688235,20250516,230.5,231.99,up
15815,688235,20250522,241.01,231.0,down
15816,688235,20250523,231.0,228.33,down
15817,688235,20250527,223.3,221.31,down
15818,688235,20250528,221.31,228.1,up
15819,688235,20250529,228.1,230.2,up
15820,688235,20250530,230.2,234.41,up
15821,688236,20250508,15.48,15.05,down
15822,688236,20250515,15.33,15.15,down
15823,688236,20250516,15.15,15.48,up
15824,688236,20250520,17.03,17.11,up
15825,688236,20250528,17.06,17.16,up
15826,688237,20250507,25.09,26.63,up
15827,688237,20250508,26.63,26.41,down
15828,688237,20250509,26.41,26.6,up
15829,688237,20250517,25.24,25.47,up
15830,688237,20250521,24.99,24.4,down
15831,688238,20250509,5.58,5.7,up
15832,688238,20250513,5.77,5.77,up
15833,688238,20250530,6.15,6.36,up
15834,688239,20250521,40.28,39.73,down
15835,688239,20250524,39.73,40.2,up
15836,688239,20250527,39.5,39.41,down
15837,688239,20250529,40.3,41.19,up
15838,688244,20250515,37.0,36.56,down
15839,688244,20250521,36.58,37.01,up
15840,688246,20250501,29.56,31.15,up
15841,688246,20250512,28.99,30.99,up
15842,688246,20250515,30.95,31.0,up
15843,688246,20250517,31.0,30.31,down
15844,688246,20250523,29.85,29.6,down
15845,688246,20250528,28.27,29.03,up
15846,688246,20250529,29.03,28.97,down
15847,688247,20250506,9.78,9.72,down
15848,688247,20250520,9.8,9.74,down
15849,688247,20250530,9.95,10.15,up
15850,688248,20250509,29.18,29.31,up
15851,688248,20250531,29.12,28.62,down
15852,688249,20250507,21.35,21.36,up
15853,688249,20250515,20.5,20.49,down
15854,688249,20250529,20.7,20.37,down
15855,688251,20250501,19.16,20.22,up
15856,688251,20250508,20.92,21.5,up
15857,688251,20250517,21.12,21.38,up
15858,688251,20250520,21.9,21.22,down
15859,688253,20250507,30.86,32.54,up
15860,688253,20250513,31.5,32.5,up
15861,688253,20250520,32.74,34.21,up
15862,688253,20250523,33.4,33.45,up
15863,688255,20250510,36.18,37.2,up
15864,688255,20250520,35.23,34.42,down
15865,688256,20250501,703.6,707.22,up
15866,688256,20250507,721.03,703.23,down
15867,688256,20250514,683.99,677.0,down
15868,688256,20250522,661.66,658.6,down
15869,688256,20250531,603.66,595.86,down
15870,688257,20250509,22.39,21.97,down
15871,688258,20250507,47.08,48.22,up
15872,688258,20250509,46.14,46.97,up
15873,688258,20250521,44.62,45.66,up
15874,688258,20250522,45.66,44.17,down
15875,688258,20250528,42.41,43.84,up
15876,688259,20250501,40.22,42.4,up
15877,688259,20250510,42.0,43.78,up
15878,688259,20250522,44.15,42.78,down
15879,688260,20250507,13.78,14.07,up
15880,688260,20250508,14.07,13.67,down
15881,688261,20250515,39.43,39.6,up
15882,688261,20250517,39.6,39.8,up
15883,688261,20250521,39.77,40.05,up
15884,688262,20250501,26.32,27.31,up
15885,688262,20250507,28.12,28.06,down
15886,688262,20250508,28.06,27.04,down
15887,688262,20250510,27.04,27.64,up
15888,688262,20250517,26.57,26.65,up
15889,688265,20250508,26.75,26.75,up
15890,688265,20250531,27.43,27.21,down
15891,688266,20250509,99.49,91.73,down
15892,688266,20250517,92.35,91.45,down
15893,688266,20250530,108.76,115.25,up
15894,688267,20250508,25.57,25.11,down
15895,688267,20250517,24.36,25.18,up
15896,688268,20250510,52.5,52.65,up
15897,688268,20250515,49.53,48.88,down
15898,688268,20250516,48.88,50.25,up
15899,688269,20250507,31.04,31.11,up
15900,688269,20250508,31.11,31.08,down
15901,688269,20250513,31.75,33.64,up
15902,688269,20250521,31.34,31.48,up
15903,688269,20250530,31.08,31.55,up
15904,688270,20250508,48.02,48.05,up
15905,688270,20250517,45.79,46.28,up
15906,688270,20250520,45.15,44.83,down
15907,688271,20250510,136.68,139.9,up
15908,688271,20250523,138.0,138.68,up
15909,688272,20250507,23.27,24.48,up
15910,688272,20250509,22.98,23.86,up
15911,688272,20250517,22.22,23.0,up
15912,688273,20250507,29.16,29.62,up
15913,688273,20250509,28.58,29.16,up
15914,688273,20250515,28.19,28.37,up
15915,688275,20250507,36.8,37.79,up
15916,688275,20250515,38.49,37.59,down
15917,688275,20250520,38.37,38.88,up
15918,688275,20250521,38.88,37.67,down
15919,688277,20250515,12.41,12.39,down
15920,688277,20250521,11.98,11.84,down
15921,688277,20250522,11.84,11.86,up
15922,688277,20250523,11.86,11.91,up
15923,688278,20250508,74.24,73.83,down
15924,688278,20250523,74.58,74.77,up
15925,688278,20250530,77.25,75.06,down
15926,688279,20250523,214.55,207.61,down
15927,688279,20250530,201.0,199.35,down
15928,688280,20250501,6.98,8.38,up
15929,688280,20250508,8.9,7.98,down
15930,688280,20250514,8.1,7.71,down
15931,688280,20250516,7.79,7.97,up
15932,688281,20250507,77.35,79.82,up
15933,688281,20250513,76.8,76.3,down
15934,688281,20250516,74.75,75.26,up
15935,688281,20250523,75.05,76.5,up
15936,688282,20250513,45.19,43.91,down
15937,688283,20250501,25.43,26.73,up
15938,688283,20250507,27.08,27.44,up
15939,688283,20250520,26.83,26.43,down
15940,688283,20250523,25.68,26.0,up
15941,688283,20250527,25.77,25.82,up
15942,688285,20250521,8.07,7.96,down
15943,688285,20250527,8.4,8.36,down
15944,688286,20250509,69.4,70.35,up
15945,688286,20250517,75.26,75.1,down
15946,688286,20250520,75.2,72.09,down
15947,688287,20250510,4.77,4.83,up
15948,688287,20250529,4.69,4.81,up
15949,688288,20250515,31.2,31.55,up
15950,688288,20250521,30.33,29.85,down
15951,688289,20250509,19.8,20.11,up
15952,688289,20250513,20.07,19.93,down
15953,688289,20250521,20.02,19.66,down
15954,688290,20250509,53.39,55.43,up
15955,688290,20250515,50.78,51.28,up
15956,688290,20250516,51.28,51.65,up
15957,688290,20250523,52.14,53.06,up
15958,688290,20250527,55.65,54.72,down
15959,688291,20250509,23.1,23.35,up
15960,688291,20250513,23.34,22.58,down
15961,688291,20250520,23.02,22.58,down
15962,688292,20250508,20.4,19.74,down
15963,688292,20250521,19.68,19.58,down
15964,688293,20250510,41.97,41.27,down
15965,688293,20250516,41.05,42.72,up
15966,688293,20250523,41.02,41.1,up
15967,688293,20250528,41.57,42.85,up
15968,688295,20250508,21.05,20.69,down
15969,688295,20250517,21.2,21.68,up
15970,688295,20250522,20.05,19.99,down
15971,688296,20250507,11.73,12.01,up
15972,688296,20250510,11.65,11.77,up
15973,688296,20250513,11.75,11.7,down
15974,688296,20250530,12.21,12.37,up
15975,688297,20250507,44.03,47.77,up
15976,688298,20250516,23.95,23.94,down
15977,688298,20250521,23.99,23.34,down
15978,688298,20250529,23.76,25.15,up
15979,688299,20250501,17.45,19.6,up
15980,688299,20250520,19.46,19.81,up
15981,688300,20250523,51.03,51.1,up
15982,688300,20250527,50.25,50.41,up
15983,688301,20250507,123.63,125.45,up
15984,688301,20250510,129.45,127.6,down
15985,688301,20250521,123.25,120.86,down
15986,688301,20250524,122.92,132.0,up
15987,688301,20250530,131.29,129.25,down
15988,688302,20250510,48.0,45.69,down
15989,688302,20250514,46.9,48.37,up
15990,688302,20250515,48.37,50.9,up
15991,688302,20250527,52.4,48.43,down
15992,688302,20250530,51.0,49.1,down
15993,688303,20250501,17.78,18.36,up
15994,688303,20250507,18.58,18.83,up
15995,688303,20250516,20.31,19.76,down
15996,688303,20250520,19.62,19.65,up
15997,688303,20250521,19.65,19.46,down
15998,688305,20250520,74.95,74.34,down
15999,688305,20250528,71.99,72.67,up
16000,688306,20250501,10.33,10.69,up
16001,688306,20250510,10.49,10.78,up
16002,688306,20250520,10.1,10.0,down
16003,688306,20250523,9.59,9.62,up
16004,688306,20250530,9.42,9.4,down
16005,688307,20250501,28.71,28.31,down
16006,688307,20250515,27.93,28.28,up
16007,688307,20250527,27.13,26.79,down
16008,688308,20250509,17.62,18.03,up
16009,688308,20250523,17.82,17.78,down
16010,688309,20250510,16.7,16.69,down
16011,688309,20250521,16.98,16.75,down
16012,688310,20250508,11.85,11.77,down
16013,688310,20250513,11.82,11.62,down
16014,688310,20250516,11.8,12.36,up
16015,688310,20250517,11.8,12.36,up
16016,688310,20250521,13.17,12.71,down
16017,688310,20250528,14.03,14.14,up
16018,688311,20250501,38.81,39.25,up
16019,688311,20250523,35.55,36.62,up
16020,688312,20250513,26.73,26.18,down
16021,688312,20250515,24.86,25.29,up
16022,688312,20250516,25.29,25.32,up
16023,688312,20250523,25.5,24.09,down
16024,688313,20250513,28.7,29.69,up
16025,688313,20250515,29.87,31.48,up
16026,688313,20250520,29.96,29.28,down
16027,688314,20250507,32.06,32.13,up
16028,688314,20250520,32.03,31.5,down
16029,688314,20250528,30.82,31.35,up
16030,688315,20250508,14.33,13.89,down
16031,688316,20250510,55.0,57.25,up
16032,688316,20250513,58.5,59.12,up
16033,688316,20250516,56.95,55.3,down
16034,688316,20250520,56.6,54.85,down
16035,688316,20250522,53.23,51.2,down
16036,688316,20250530,49.23,49.12,down
16037,688317,20250508,16.6,16.72,up
16038,688317,20250509,16.72,16.74,up
16039,688317,20250515,16.64,16.86,up
16040,688317,20250516,16.86,17.01,up
16041,688317,20250520,17.25,17.23,down
16042,688318,20250521,135.15,134.13,down
16043,688318,20250529,133.06,133.6,up
16044,688319,20250517,15.47,15.0,down
16045,688319,20250527,17.08,17.96,up
16046,688319,20250531,18.23,18.03,down
16047,688320,20250508,48.03,45.99,down
16048,688320,20250510,45.99,48.9,up
16049,688320,20250517,48.3,46.72,down
16050,688320,20250520,45.13,44.65,down
16051,688320,20250523,44.97,44.58,down
16052,688321,20250508,17.42,17.2,down
16053,688321,20250509,17.2,17.25,up
16054,688321,20250510,17.2,17.25,up
16055,688321,20250513,17.42,17.36,down
16056,688321,20250515,17.28,17.46,up
16057,688321,20250521,17.75,17.61,down
16058,688321,20250529,19.69,19.8,up
16059,688322,20250501,59.26,59.73,up
16060,688322,20250507,58.77,59.39,up
16061,688322,20250510,57.77,59.28,up
16062,688322,20250516,56.05,54.13,down
16063,688322,20250522,54.5,55.34,up
16064,688323,20250509,12.9,13.42,up
16065,688325,20250522,43.63,42.97,down
16066,688325,20250528,42.56,43.45,up
16067,688325,20250529,43.45,42.72,down
16068,688326,20250509,77.63,79.18,up
16069,688326,20250521,91.06,90.88,down
16070,688326,20250528,93.3,102.1,up
16071,688327,20250515,13.43,13.33,down
16072,688327,20250522,12.86,12.31,down
16073,688328,20250501,18.2,18.6,up
16074,688328,20250509,18.4,18.51,up
16075,688328,20250510,18.4,18.51,up
16076,688328,20250520,19.18,19.31,up
16077,688328,20250527,18.95,18.86,down
16078,688329,20250501,15.7,16.08,up
16079,688329,20250507,16.16,16.35,up
16080,688329,20250513,16.39,16.3,down
16081,688329,20250521,16.9,16.73,down
16082,688329,20250523,16.52,16.66,up
16083,688330,20250527,25.16,25.03,down
16084,688331,20250501,50.68,49.72,down
16085,688331,20250510,46.4,45.46,down
16086,688331,20250522,56.65,57.83,up
16087,688331,20250524,57.83,55.49,down
16088,688331,20250527,58.83,56.43,down
16089,688331,20250528,56.43,58.85,up
16090,688331,20250530,58.99,64.83,up
16091,688332,20250510,97.12,100.35,up
16092,688332,20250529,93.82,91.19,down
16093,688333,20250513,66.4,66.0,down
16094,688333,20250520,62.96,64.22,up
16095,688333,20250529,59.92,58.79,down
16096,688334,20250509,16.74,16.87,up
16097,688334,20250523,16.61,16.75,up
16098,688334,20250530,16.9,16.92,up
16099,688335,20250508,11.84,11.79,down
16100,688335,20250522,11.75,11.99,up
16101,688335,20250523,11.99,12.38,up
16102,688335,20250527,12.5,12.8,up
16103,688335,20250530,12.87,12.69,down
16104,688336,20250520,39.37,47.24,up
16105,688336,20250521,47.24,56.69,up
16106,688336,20250523,54.67,51.08,down
16107,688336,20250527,58.9,54.0,down
16108,688336,20250529,60.7,58.0,down
16109,688337,20250507,36.81,36.61,down
16110,688338,20250507,23.97,24.18,up
16111,688338,20250516,24.11,24.18,up
16112,688339,20250509,21.17,21.58,up
16113,688339,20250512,21.58,21.35,down
16114,688339,20250530,20.63,20.46,down
16115,688345,20250507,22.47,22.42,down
16116,688345,20250510,22.15,22.95,up
16117,688345,20250513,22.83,23.04,up
16118,688345,20250531,22.56,22.19,down
16119,688347,20250508,52.0,47.15,down
16120,688347,20250509,47.15,47.19,up
16121,688348,20250508,42.63,41.61,down
16122,688348,20250520,41.7,41.51,down
16123,688348,20250524,40.18,40.3,up
16124,688348,20250529,39.92,39.68,down
16125,688348,20250531,39.68,39.84,up
16126,688349,20250515,23.8,23.6,down
16127,688349,20250521,23.58,23.31,down
16128,688349,20250523,23.09,23.44,up
16129,688349,20250524,23.09,23.44,up
16130,688350,20250508,15.39,15.11,down
16131,688350,20250510,15.11,15.05,down
16132,688350,20250515,14.93,15.35,up
16133,688351,20250528,20.06,20.89,up
16134,688352,20250513,11.4,11.45,up
16135,688352,20250521,11.2,11.16,down
16136,688353,20250507,21.62,21.7,up
16137,688353,20250509,21.63,21.79,up
16138,688353,20250516,21.17,21.19,up
16139,688355,20250529,17.07,16.79,down
16140,688356,20250529,78.0,75.25,down
16141,688357,20250515,25.02,25.15,up
16142,688357,20250516,25.15,25.61,up
16143,688357,20250521,24.91,24.43,down
16144,688357,20250529,25.65,24.93,down
16145,688358,20250508,29.77,29.0,down
16146,688358,20250517,28.42,28.36,down
16147,688359,20250501,45.45,46.27,up
16148,688359,20250516,54.57,54.6,up
16149,688359,20250520,53.88,51.93,down
16150,688359,20250521,51.93,49.24,down
16151,688360,20250510,26.25,28.86,up
16152,688360,20250520,27.26,26.6,down
16153,688361,20250510,80.55,78.78,down
16154,688362,20250508,28.35,27.36,down
16155,688362,20250509,27.36,27.84,up
16156,688362,20250513,27.56,27.67,up
16157,688362,20250516,26.5,26.45,down
16158,688362,20250527,25.68,25.67,down
16159,688363,20250520,53.08,52.61,down
16160,688363,20250521,52.61,52.08,down
16161,688363,20250530,50.44,53.94,up
16162,688365,20250509,12.49,12.75,up
16163,688365,20250515,13.15,12.94,down
16164,688365,20250517,12.94,12.5,down
16165,688365,20250530,11.99,11.87,down
16166,688366,20250507,53.17,52.26,down
16167,688366,20250508,52.26,52.0,down
16168,688366,20250509,52.0,51.15,down
16169,688366,20250510,52.0,51.15,down
16170,688366,20250513,51.15,51.1,down
16171,688366,20250528,51.98,52.62,up
16172,688367,20250509,16.78,17.01,up
16173,688367,20250521,17.29,17.05,down
16174,688367,20250523,16.84,16.96,up
16175,688368,20250510,95.2,95.01,down
16176,688368,20250513,93.7,91.98,down
16177,688369,20250510,28.47,28.85,up
16178,688369,20250521,27.26,27.95,up
16179,688370,20250509,19.15,18.98,down
16180,688370,20250510,19.15,18.98,down
16181,688370,20250517,18.91,19.08,up
16182,688370,20250522,19.12,19.01,down
16183,688370,20250527,19.0,18.95,down
16184,688371,20250508,15.81,15.6,down
16185,688371,20250510,15.6,15.59,down
16186,688371,20250516,15.25,15.2,down
16187,688371,20250522,15.05,14.8,down
16188,688372,20250508,77.1,72.15,down
16189,688372,20250509,72.15,72.26,up
16190,688372,20250521,68.46,67.73,down
16191,688372,20250523,66.78,67.4,up
16192,688372,20250529,66.06,65.87,down
16193,688373,20250513,6.32,6.25,down
16194,688373,20250520,6.08,6.32,up
16195,688373,20250522,6.22,6.07,down
16196,688373,20250524,6.07,5.82,down
16197,688375,20250509,60.14,62.45,up
16198,688375,20250524,56.1,56.8,up
16199,688376,20250516,34.65,35.15,up
16200,688377,20250510,19.58,19.84,up
16201,688377,20250521,19.66,19.4,down
16202,688378,20250501,18.17,19.49,up
16203,688378,20250508,19.7,19.16,down
16204,688378,20250513,19.26,18.93,down
16205,688378,20250516,18.9,19.12,up
16206,688378,20250523,18.92,18.74,down
16207,688378,20250530,18.83,18.91,up
16208,688379,20250530,28.53,28.67,up
16209,688380,20250516,26.71,26.99,up
16210,688380,20250528,25.92,26.53,up
16211,688380,20250529,26.53,26.0,down
16212,688381,20250501,21.49,22.09,up
16213,688381,20250507,21.96,22.01,up
16214,688381,20250509,21.34,22.93,up
16215,688381,20250513,22.39,22.34,down
16216,688381,20250517,22.27,22.41,up
16217,688381,20250527,20.98,20.86,down
16218,688382,20250501,22.56,22.59,up
16219,688382,20250531,30.8,31.76,up
16220,688383,20250514,47.13,46.5,down
16221,688383,20250516,50.05,51.04,up
16222,688383,20250520,53.67,52.51,down
16223,688383,20250526,58.32,57.63,down
16224,688385,20250531,45.6,47.61,up
16225,688386,20250508,53.42,53.63,up
16226,688386,20250521,53.2,52.0,down
16227,688386,20250530,53.55,54.9,up
16228,688387,20250507,5.49,5.56,up
16229,688387,20250517,5.47,5.58,up
16230,688388,20250501,18.84,18.25,down
16231,688388,20250508,18.12,17.19,down
16232,688388,20250516,17.49,17.02,down
16233,688388,20250520,17.01,17.12,up
16234,688388,20250521,17.12,16.9,down
16235,688388,20250523,16.65,16.88,up
16236,688388,20250527,17.76,17.32,down
16237,688388,20250529,17.35,17.54,up
16238,688389,20250508,13.15,13.04,down
16239,688389,20250510,13.04,13.06,up
16240,688389,20250529,13.04,12.96,down
16241,688390,20250521,40.48,39.11,down
16242,688390,20250530,40.18,39.85,down
16243,688391,20250527,27.75,27.37,down
16244,688391,20250529,27.85,26.96,down
16245,688392,20250507,50.59,51.0,up
16246,688392,20250530,50.6,51.82,up
16247,688393,20250516,30.99,29.74,down
16248,688393,20250523,29.13,28.86,down
16249,688393,20250527,27.89,27.4,down
16250,688393,20250528,27.4,28.6,up
16251,688395,20250521,26.4,25.46,down
16252,688395,20250530,23.67,23.67,up
16253,688396,20250524,46.12,46.6,up
16254,688396,20250531,47.63,47.88,up
16255,688398,20250507,15.05,15.16,up
16256,688398,20250508,15.16,14.77,down
16257,688398,20250516,16.15,15.96,down
16258,688398,20250527,19.08,18.76,down
16259,688399,20250507,65.96,66.9,up
16260,688399,20250521,70.25,69.02,down
16261,688399,20250527,69.04,69.55,up
16262,688399,20250528,69.55,71.0,up
16263,688399,20250529,71.0,70.33,down
16264,688400,20250507,28.64,28.73,up
16265,688400,20250508,28.73,27.95,down
16266,688400,20250515,27.49,28.02,up
16267,688400,20250516,28.02,27.68,down
16268,688400,20250521,29.1,30.77,up
16269,688400,20250527,27.74,26.65,down
16270,688401,20250509,33.59,33.9,up
16271,688401,20250510,33.59,33.9,up
16272,688401,20250513,32.47,32.26,down
16273,688401,20250520,32.07,31.73,down
16274,688403,20250501,9.52,9.95,up
16275,688403,20250508,9.76,9.77,up
16276,688403,20250512,9.89,9.79,down
16277,688403,20250516,9.55,9.65,up
16278,688408,20250501,46.7,48.61,up
16279,688408,20250509,47.05,49.36,up
16280,688408,20250513,50.4,50.6,up
16281,688408,20250520,47.47,47.09,down
16282,688409,20250506,49.72,50.1,up
16283,688409,20250516,46.68,50.45,up
16284,688409,20250520,51.0,49.91,down
16285,688409,20250522,49.29,48.0,down
16286,688409,20250523,48.0,51.15,up
16287,688410,20250508,12.57,12.57,up
16288,688410,20250513,13.31,12.97,down
16289,688411,20250520,71.42,71.12,down
16290,688411,20250522,69.17,67.05,down
16291,688411,20250529,71.08,69.35,down
16292,688416,20250507,39.41,39.83,up
16293,688416,20250508,39.83,38.11,down
16294,688416,20250524,35.3,36.3,up
16295,688416,20250529,38.0,37.78,down
16296,688418,20250514,29.59,29.39,down
16297,688418,20250522,28.19,27.6,down
16298,688418,20250529,28.1,28.19,up
16299,688418,20250530,28.19,28.19,up
16300,688419,20250507,34.39,34.85,up
16301,688420,20250513,22.31,22.08,down
16302,688420,20250522,22.25,22.21,down
16303,688425,20250530,3.96,4.01,up
16304,688426,20250507,19.86,19.82,down
16305,688426,20250522,19.07,19.16,up
16306,688428,20250507,20.47,20.45,down
16307,688428,20250508,20.45,20.56,up
16308,688428,20250514,19.91,20.62,up
16309,688428,20250530,24.02,23.75,down
16310,688429,20250507,13.57,14.02,up
16311,688429,20250515,13.59,13.78,up
16312,688429,20250516,13.78,13.85,up
16313,688429,20250521,13.64,13.59,down
16314,688432,20250507,11.23,11.3,up
16315,688432,20250531,11.01,10.74,down
16316,688433,20250517,38.62,38.64,up
16317,688435,20250507,31.49,32.15,up
16318,688435,20250510,30.82,31.44,up
16319,688435,20250515,30.18,30.16,down
16320,688435,20250517,30.16,30.6,up
16321,688439,20250509,57.85,60.57,up
16322,688439,20250510,57.85,60.57,up
16323,688439,20250516,55.3,55.52,up
16324,688439,20250520,54.56,54.0,down
16325,688443,20250507,28.96,28.9,down
16326,688443,20250520,28.42,28.88,up
16327,688443,20250523,27.6,26.02,down
16328,688448,20250508,33.76,35.16,up
16329,688448,20250509,35.16,35.72,up
16330,688448,20250510,35.16,35.72,up
16331,688448,20250521,31.1,30.9,down
16332,688448,20250527,30.3,29.86,down
16333,688449,20250510,40.59,41.45,up
16334,688449,20250512,41.45,41.37,down
16335,688449,20250521,40.25,38.98,down
16336,688449,20250529,38.26,37.16,down
16337,688450,20250507,24.31,24.62,up
16338,688450,20250508,24.62,24.18,down
16339,688450,20250515,24.11,24.26,up
16340,688450,20250516,24.26,24.2,down
16341,688450,20250520,24.48,24.57,up
16342,688450,20250527,24.23,23.91,down
16343,688450,20250529,25.06,24.51,down
16344,688455,20250501,11.54,11.66,up
16345,688455,20250513,11.65,11.6,down
16346,688455,20250522,12.56,12.0,down
16347,688455,20250528,19.3,19.93,up
16348,688456,20250507,33.66,34.07,up
16349,688456,20250520,35.2,35.0,down
16350,688456,20250523,34.72,34.45,down
16351,688456,20250526,34.45,33.81,down
16352,688456,20250528,33.69,34.08,up
16353,688458,20250508,41.14,40.52,down
16354,688458,20250515,39.91,42.2,up
16355,688458,20250521,40.38,40.22,down
16356,688458,20250523,38.71,39.63,up
16357,688459,20250508,9.76,9.68,down
16358,688459,20250517,9.66,9.69,up
16359,688468,20250508,7.21,7.15,down
16360,688468,20250516,7.21,7.25,up
16361,688468,20250520,7.42,7.35,down
16362,688469,20250520,4.84,4.95,up
16363,688472,20250507,8.97,9.18,up
16364,688472,20250515,9.38,9.46,up
16365,688472,20250516,9.46,9.62,up
16366,688472,20250521,9.54,9.35,down
16367,688472,20250529,9.0,8.93,down
16368,688472,20250530,8.93,8.76,down
16369,688475,20250510,33.94,34.94,up
16370,688475,20250522,32.98,32.15,down
16371,688478,20250521,29.1,29.16,up
16372,688478,20250530,28.44,28.27,down
16373,688479,20250508,18.81,18.42,down
16374,688479,20250530,18.25,18.49,up
16375,688480,20250510,33.42,34.44,up
16376,688480,20250520,32.64,31.87,down
16377,688484,20250508,34.31,33.63,down
16378,688484,20250516,31.98,32.58,up
16379,688484,20250521,32.33,32.65,up
16380,688484,20250522,32.65,32.38,down
16381,688484,20250527,33.56,33.3,down
16382,688484,20250530,32.87,32.66,down
16383,688485,20250520,10.41,10.25,down
16384,688486,20250510,69.8,70.38,up
16385,688486,20250520,67.43,67.34,down
16386,688486,20250528,62.33,63.86,up
16387,688488,20250510,11.6,11.29,down
16388,688488,20250515,11.39,11.23,down
16389,688488,20250521,11.3,11.43,up
16390,688489,20250501,32.6,33.73,up
16391,688489,20250513,33.14,33.0,down
16392,688489,20250527,32.64,34.24,up
16393,688489,20250530,34.91,34.96,up
16394,688496,20250507,7.75,7.88,up
16395,688496,20250510,7.72,7.8,up
16396,688496,20250516,7.59,7.7,up
16397,688496,20250517,7.59,7.7,up
16398,688496,20250524,7.29,7.43,up
16399,688498,20250508,139.36,138.0,down
16400,688499,20250507,27.48,28.24,up
16401,688499,20250510,27.65,28.52,up
16402,688499,20250521,29.23,27.4,down
16403,688500,20250507,30.76,31.13,up
16404,688500,20250508,31.13,30.65,down
16405,688500,20250517,31.17,32.47,up
16406,688501,20250507,27.14,27.1,down
16407,688501,20250516,29.09,29.36,up
16408,688501,20250528,29.27,29.44,up
16409,688503,20250509,32.95,33.87,up
16410,688503,20250521,33.28,32.24,down
16411,688505,20250501,7.83,7.9,up
16412,688506,20250501,286.08,286.08,up
16413,688506,20250531,301.18,292.55,down
16414,688507,20250513,81.7,80.77,down
16415,688507,20250529,76.12,73.01,down
16416,688508,20250501,55.23,56.13,up
16417,688508,20250523,51.53,51.82,up
16418,688508,20250531,50.73,51.55,up
16419,688509,20250523,3.87,3.95,up
16420,688510,20250508,19.73,19.03,down
16421,688510,20250515,17.99,17.96,down
16422,688511,20250507,14.65,14.99,up
16423,688511,20250509,15.65,18.2,up
16424,688511,20250510,15.65,18.2,up
16425,688511,20250530,17.25,17.48,up
16426,688512,20250508,10.6,10.24,down
16427,688512,20250531,10.09,10.08,down
16428,688513,20250508,34.25,33.69,down
16429,688513,20250510,33.69,33.15,down
16430,688513,20250517,33.69,33.34,down
16431,688513,20250528,36.38,41.26,up
16432,688515,20250509,100.71,100.19,down
16433,688515,20250513,102.71,99.73,down
16434,688515,20250521,96.8,94.68,down
16435,688515,20250527,92.07,92.24,up
16436,688516,20250501,33.05,34.03,up
16437,688516,20250508,34.7,33.92,down
16438,688516,20250509,33.92,34.48,up
16439,688516,20250514,34.67,33.79,down
16440,688516,20250515,33.79,33.85,up
16441,688516,20250521,33.65,33.24,down
16442,688516,20250526,32.87,32.69,down
16443,688516,20250527,32.69,32.71,up
16444,688516,20250528,32.71,33.41,up
16445,688516,20250530,33.2,33.32,up
16446,688517,20250501,13.62,14.03,up
16447,688517,20250507,14.13,14.25,up
16448,688517,20250508,14.25,14.09,down
16449,688517,20250513,14.06,13.96,down
16450,688517,20250516,13.99,14.07,up
16451,688517,20250521,14.1,13.89,down
16452,688517,20250529,14.12,13.96,down
16453,688517,20250531,13.96,14.22,up
16454,688518,20250508,16.71,16.42,down
16455,688518,20250523,16.04,16.3,up
16456,688518,20250528,15.86,16.26,up
16457,688519,20250507,38.5,36.28,down
16458,688519,20250508,36.28,36.32,up
16459,688519,20250523,34.23,34.45,up
16460,688520,20250508,36.85,36.29,down
16461,688520,20250515,35.9,36.88,up
16462,688520,20250517,36.88,36.56,down
16463,688521,20250528,84.96,88.15,up
16464,688522,20250501,68.24,69.16,up
16465,688522,20250510,70.36,71.27,up
16466,688522,20250528,65.52,66.2,up
16467,688522,20250531,67.47,70.4,up
16468,688523,20250510,20.85,21.56,up
16469,688523,20250520,19.95,19.74,down
16470,688523,20250522,19.39,19.16,down
16471,688525,20250501,62.33,64.2,up
16472,688525,20250510,62.0,63.9,up
16473,688525,20250515,61.48,61.29,down
16474,688525,20250523,58.12,57.99,down
16475,688525,20250526,57.99,56.5,down
16476,688526,20250507,16.14,16.45,up
16477,688526,20250508,16.45,16.4,down
16478,688526,20250520,18.38,18.0,down
16479,688528,20250515,9.39,9.5,up
16480,688528,20250522,9.51,9.43,down
16481,688529,20250507,17.36,17.75,up
16482,688529,20250508,17.75,17.26,down
16483,688529,20250520,17.65,17.37,down
16484,688530,20250510,15.63,16.0,up
16485,688530,20250516,15.46,15.38,down
16486,688530,20250522,15.16,14.95,down
16487,688530,20250524,14.95,15.16,up
16488,688531,20250510,62.75,63.65,up
16489,688531,20250517,64.6,65.9,up
16490,688531,20250520,64.79,65.85,up
16491,688533,20250512,28.07,27.88,down
16492,688533,20250513,27.88,27.1,down
16493,688533,20250521,25.8,25.35,down
16494,688533,20250523,25.23,25.12,down
16495,688533,20250530,24.37,24.39,up
16496,688535,20250507,72.16,72.41,up
16497,688535,20250516,69.49,72.5,up
16498,688535,20250527,68.12,68.1,down
16499,688535,20250528,68.1,69.98,up
16500,688536,20250523,145.17,145.32,up
16501,688536,20250531,145.01,152.77,up
16502,688539,20250509,26.46,26.67,up
16503,688539,20250515,26.04,25.96,down
16504,688539,20250524,24.64,24.76,up
16505,688543,20250508,60.54,58.09,down
16506,688543,20250515,55.73,55.13,down
16507,688543,20250516,55.13,55.17,up
16508,688543,20250522,55.95,54.99,down
16509,688543,20250529,44.53,45.38,up
16510,688545,20250501,27.38,28.67,up
16511,688548,20250521,10.05,9.93,down
16512,688548,20250526,9.83,10.08,up
16513,688549,20250509,7.23,7.39,up
16514,688550,20250501,38.16,38.02,down
16515,688550,20250510,40.1,39.9,down
16516,688550,20250513,39.6,39.53,down
16517,688550,20250521,40.84,41.01,up
16518,688550,20250528,43.61,44.8,up
16519,688551,20250507,27.51,27.93,up
16520,688551,20250509,27.47,27.82,up
16521,688551,20250517,27.74,28.07,up
16522,688551,20250531,29.17,29.3,up
16523,688552,20250507,25.58,30.7,up
16524,688552,20250509,34.11,40.93,up
16525,688552,20250510,34.11,40.93,up
16526,688552,20250513,40.08,39.0,down
16527,688552,20250516,35.9,35.2,down
16528,688553,20250501,13.93,14.08,up
16529,688553,20250507,14.22,14.45,up
16530,688553,20250510,14.08,13.73,down
16531,688553,20250512,13.73,13.64,down
16532,688553,20250516,13.59,13.59,up
16533,688553,20250517,13.59,13.59,up
16534,688553,20250530,16.09,16.38,up
16535,688556,20250501,8.68,9.01,up
16536,688556,20250507,8.94,10.73,up
16537,688556,20250508,10.73,10.29,down
16538,688556,20250515,10.11,10.82,up
16539,688556,20250530,9.32,9.38,up
16540,688557,20250509,23.16,23.56,up
16541,688557,20250517,25.23,27.42,up
16542,688558,20250510,24.71,25.3,up
16543,688558,20250523,24.51,24.97,up
16544,688559,20250528,28.66,28.96,up
16545,688560,20250529,12.96,12.88,down
16546,688561,20250509,30.8,31.84,up
16547,688561,20250528,29.06,30.59,up
16548,688561,20250530,30.16,31.56,up
16549,688562,20250515,16.15,16.22,up
16550,688562,20250520,16.5,16.28,down
16551,688562,20250528,16.84,17.19,up
16552,688562,20250529,17.19,17.1,down
16553,688563,20250512,56.9,55.18,down
16554,688565,20250508,7.69,7.57,down
16555,688565,20250510,7.57,7.52,down
16556,688566,20250521,25.02,25.16,up
16557,688566,20250527,25.42,25.58,up
16558,688566,20250529,26.39,27.0,up
16559,688566,20250530,27.0,27.2,up
16560,688567,20250508,13.39,13.22,down
16561,688567,20250509,13.22,13.57,up
16562,688567,20250513,13.32,13.35,up
16563,688567,20250520,13.14,13.22,up
16564,688567,20250521,13.22,12.96,down
16565,688567,20250524,13.0,12.96,down
16566,688568,20250501,53.07,54.16,up
16567,688568,20250508,56.8,57.53,up
16568,688568,20250523,36.75,37.13,up
16569,688568,20250528,35.17,35.58,up
16570,688568,20250530,32.98,33.83,up
16571,688569,20250530,20.5,20.48,down
16572,688570,20250516,19.03,18.91,down
16573,688570,20250528,18.98,19.6,up
16574,688571,20250513,7.5,7.44,down
16575,688571,20250522,7.13,7.15,up
16576,688571,20250523,7.15,7.16,up
16577,688571,20250528,7.1,7.25,up
16578,688573,20250508,19.09,19.2,up
16579,688573,20250520,20.47,20.69,up
16580,688575,20250507,14.62,14.63,up
16581,688575,20250508,14.63,14.48,down
16582,688575,20250515,14.61,14.6,down
16583,688575,20250516,14.6,14.93,up
16584,688575,20250527,14.79,14.67,down
16585,688576,20250510,63.29,63.37,up
16586,688576,20250522,63.78,63.0,down
16587,688576,20250527,63.36,63.05,down
16588,688577,20250508,69.33,66.29,down
16589,688577,20250516,64.46,63.5,down
16590,688577,20250523,62.82,62.23,down
16591,688578,20250501,87.32,85.72,down
16592,688578,20250515,83.66,84.31,up
16593,688578,20250523,86.29,85.9,down
16594,688579,20250510,9.56,9.66,up
16595,688579,20250513,9.61,9.61,up
16596,688579,20250530,9.76,10.29,up
16597,688580,20250509,47.05,48.46,up
16598,688580,20250516,46.83,46.24,down
16599,688580,20250517,46.83,46.24,down
16600,688581,20250507,60.0,60.66,up
16601,688581,20250508,60.66,60.32,down
16602,688581,20250510,60.32,60.47,up
16603,688581,20250513,61.65,61.06,down
16604,688581,20250517,60.39,60.86,up
16605,688582,20250522,63.42,62.17,down
16606,688583,20250521,110.16,106.85,down
16607,688583,20250528,104.38,106.1,up
16608,688583,20250531,103.2,103.9,up
16609,688585,20250516,7.63,7.73,up
16610,688585,20250521,7.45,7.36,down
16611,688586,20250509,10.3,10.59,up
16612,688588,20250507,14.56,14.51,down
16613,688588,20250520,13.75,13.53,down
16614,688589,20250514,25.87,25.5,down
16615,688589,20250527,24.64,24.66,up
16616,688589,20250528,24.66,25.22,up
16617,688589,20250529,25.22,24.76,down
16618,688590,20250501,22.52,22.69,up
16619,688590,20250523,19.59,20.18,up
16620,688590,20250529,21.33,20.9,down
16621,688591,20250508,40.24,39.2,down
16622,688591,20250513,39.5,38.4,down
16623,688591,20250517,37.14,36.7,down
16624,688591,20250521,35.93,35.54,down
16625,688591,20250523,34.35,35.5,up
16626,688591,20250529,34.94,34.06,down
16627,688592,20250507,40.08,42.8,up
16628,688592,20250515,40.6,40.25,down
16629,688592,20250520,43.01,41.8,down
16630,688593,20250501,18.58,18.48,down
16631,688593,20250507,18.45,18.3,down
16632,688593,20250510,17.46,17.84,up
16633,688593,20250529,16.0,15.63,down
16634,688593,20250530,15.63,15.81,up
16635,688596,20250508,37.38,36.97,down
16636,688596,20250510,36.97,36.85,down
16637,688597,20250509,11.21,11.2,down
16638,688598,20250508,25.48,25.09,down
16639,688598,20250515,26.39,26.09,down
16640,688598,20250521,26.85,25.93,down
16641,688599,20250501,13.1,13.63,up
16642,688599,20250507,13.75,14.0,up
16643,688599,20250514,14.31,13.81,down
16644,688599,20250520,13.77,13.73,down
16645,688599,20250521,13.73,13.53,down
16646,688599,20250527,13.37,13.15,down
16647,688599,20250528,13.15,13.51,up
16648,688599,20250531,13.4,14.15,up
16649,688600,20250507,20.14,19.97,down
16650,688600,20250515,19.22,19.99,up
16651,688600,20250516,19.99,19.91,down
16652,688600,20250520,20.04,19.66,down
16653,688600,20250527,21.34,22.0,up
16654,688600,20250529,21.55,20.48,down
16655,688601,20250507,37.49,37.91,up
16656,688601,20250516,36.13,36.34,up
16657,688602,20250501,7.4,7.82,up
16658,688602,20250521,8.08,8.32,up
16659,688603,20250506,74.5,73.49,down
16660,688603,20250510,74.78,72.08,down
16661,688603,20250515,67.85,66.98,down
16662,688603,20250527,62.6,60.2,down
16663,688605,20250512,61.77,61.1,down
16664,688605,20250521,58.05,56.55,down
16665,688606,20250510,64.01,65.25,up
16666,688606,20250520,63.12,64.42,up
16667,688607,20250501,16.7,17.13,up
16668,688607,20250509,17.02,17.05,up
16669,688607,20250517,17.27,18.22,up
16670,688608,20250501,443.83,437.59,down
16671,688608,20250515,407.0,404.11,down
16672,688608,20250530,391.66,396.03,up
16673,688609,20250509,10.93,11.42,up
16674,688609,20250510,10.93,11.42,up
16675,688609,20250516,11.09,10.92,down
16676,688609,20250527,10.29,10.19,down
16677,688610,20250508,36.16,35.65,down
16678,688610,20250516,35.83,35.9,up
16679,688611,20250501,45.0,49.37,up
16680,688611,20250523,31.08,31.76,up
16681,688612,20250501,24.24,25.08,up
16682,688612,20250508,25.65,25.16,down
16683,688612,20250520,25.41,25.51,up
16684,688612,20250531,24.75,24.62,down
16685,688613,20250501,15.9,15.85,down
16686,688613,20250507,16.15,16.55,up
16687,688613,20250509,16.43,16.97,up
16688,688613,20250517,16.28,16.96,up
16689,688613,20250527,17.65,17.29,down
16690,688613,20250531,18.93,18.54,down
16691,688615,20250510,234.79,241.68,up
16692,688615,20250520,230.8,228.23,down
16693,688615,20250526,161.07,154.51,down
16694,688615,20250529,157.5,153.46,down
16695,688616,20250515,11.28,11.36,up
16696,688616,20250521,11.41,11.21,down
16697,688616,20250527,11.29,11.25,down
16698,688616,20250529,11.44,11.27,down
16699,688617,20250501,416.12,413.0,down
16700,688617,20250513,410.0,406.04,down
16701,688617,20250529,405.01,396.51,down
16702,688618,20250510,21.45,21.85,up
16703,688618,20250523,21.05,21.11,up
16704,688618,20250529,21.95,21.42,down
16705,688618,20250531,21.42,21.73,up
16706,688619,20250501,9.88,10.0,up
16707,688619,20250507,10.03,10.12,up
16708,688619,20250510,10.04,10.09,up
16709,688619,20250513,10.0,9.83,down
16710,688619,20250516,10.09,10.15,up
16711,688620,20250508,12.49,12.03,down
16712,688620,20250513,12.05,11.99,down
16713,688620,20250522,11.39,11.11,down
16714,688620,20250523,11.11,12.81,up
16715,688621,20250513,44.3,44.09,down
16716,688621,20250523,50.59,50.16,down
16717,688621,20250529,53.1,55.8,up
16718,688621,20250530,55.8,58.0,up
16719,688622,20250515,79.71,78.2,down
16720,688622,20250516,78.2,76.32,down
16721,688622,20250523,80.01,78.77,down
16722,688623,20250508,62.2,61.58,down
16723,688623,20250509,61.58,61.92,up
16724,688623,20250520,63.35,62.4,down
16725,688623,20250530,61.5,61.56,up
16726,688625,20250509,48.18,48.83,up
16727,688625,20250520,46.75,46.33,down
16728,688625,20250521,46.33,45.37,down
16729,688626,20250501,38.44,39.62,up
16730,688626,20250508,39.49,38.51,down
16731,688626,20250510,38.51,38.91,up
16732,688626,20250516,38.26,38.68,up
16733,688627,20250508,76.12,72.18,down
16734,688627,20250510,72.18,72.56,up
16735,688627,20250520,73.12,72.0,down
16736,688627,20250524,76.05,79.66,up
16737,688627,20250530,77.87,79.89,up
16738,688627,20250531,77.87,79.89,up
16739,688628,20250507,35.85,36.12,up
16740,688628,20250515,35.7,35.58,down
16741,688628,20250516,35.58,34.55,down
16742,688628,20250521,34.2,33.67,down
16743,688629,20250510,56.62,58.19,up
16744,688629,20250520,52.92,52.26,down
16745,688629,20250521,52.26,51.68,down
16746,688630,20250507,74.7,74.49,down
16747,688630,20250515,71.8,71.79,down
16748,688631,20250501,79.59,82.06,up
16749,688631,20250508,82.96,80.56,down
16750,688631,20250527,76.99,75.42,down
16751,688633,20250513,29.14,29.08,down
16752,688633,20250528,29.95,29.3,down
16753,688636,20250509,43.86,45.99,up
16754,688636,20250510,43.86,45.99,up
16755,688636,20250521,41.43,40.82,down
16756,688636,20250529,41.59,41.77,up
16757,688638,20250507,30.5,30.91,up
16758,688638,20250520,31.42,31.35,down
16759,688638,20250528,30.24,31.12,up
16760,688639,20250508,28.86,28.43,down
16761,688639,20250509,28.43,28.31,down
16762,688639,20250513,28.51,28.05,down
16763,688639,20250520,30.22,31.62,up
16764,688646,20250506,25.35,26.41,up
16765,688646,20250507,26.41,26.57,up
16766,688646,20250508,26.57,26.83,up
16767,688646,20250509,26.83,27.35,up
16768,688646,20250523,25.8,26.2,up
16769,688646,20250531,25.82,26.49,up
16770,688648,20250520,42.31,50.0,up
16771,688648,20250522,50.0,46.0,down
16772,688648,20250523,46.0,55.2,up
16773,688648,20250529,68.48,67.15,down
16774,688648,20250530,67.15,65.0,down
16775,688651,20250513,34.75,34.02,down
16776,688651,20250515,33.85,34.56,up
16777,688651,20250520,35.06,34.25,down
16778,688653,20250507,11.74,11.9,up
16779,688653,20250510,11.39,11.69,up
16780,688653,20250515,11.38,11.4,up
16781,688653,20250522,11.65,11.32,down
16782,688653,20250527,11.46,11.28,down
16783,688653,20250531,11.33,11.45,up
16784,688655,20250516,19.16,20.19,up
16785,688656,20250508,91.0,91.05,up
16786,688656,20250513,87.68,86.0,down
16787,688656,20250523,87.0,86.29,down
16788,688656,20250529,89.1,95.83,up
16789,688657,20250507,45.43,46.74,up
16790,688657,20250508,46.74,46.25,down
16791,688657,20250510,46.25,46.1,down
16792,688658,20250528,13.75,14.25,up
16793,688658,20250529,14.25,13.93,down
16794,688659,20250510,7.55,7.77,up
16795,688659,20250520,8.05,7.79,down
16796,688660,20250524,8.61,8.53,down
16797,688660,20250530,8.47,8.76,up
16798,688661,20250513,44.0,44.85,up
16799,688661,20250516,44.23,43.02,down
16800,688661,20250521,42.44,41.84,down
16801,688661,20250530,40.56,40.62,up
16802,688662,20250508,38.82,38.42,down
16803,688662,20250510,38.42,38.4,down
16804,688662,20250517,37.47,37.66,up
16805,688662,20250523,36.04,36.16,up
16806,688663,20250501,23.98,24.85,up
16807,688663,20250507,24.87,25.21,up
16808,688663,20250509,24.9,25.84,up
16809,688663,20250527,28.83,28.9,up
16810,688663,20250531,27.72,27.28,down
16811,688665,20250521,46.51,45.3,down
16812,688665,20250530,41.88,41.74,down
16813,688667,20250507,59.0,57.62,down
16814,688667,20250508,57.62,55.09,down
16815,688667,20250529,58.38,55.33,down
16816,688668,20250501,46.63,48.65,up
16817,688668,20250507,48.88,50.88,up
16818,688668,20250508,50.88,50.0,down
16819,688668,20250509,50.0,50.4,up
16820,688668,20250510,50.0,50.4,up
16821,688668,20250515,48.56,48.2,down
16822,688668,20250516,48.2,48.56,up
16823,688668,20250529,51.5,50.73,down
16824,688669,20250514,18.88,18.35,down
16825,688669,20250515,18.35,18.56,up
16826,688669,20250520,18.61,19.28,up
16827,688670,20250510,12.24,12.38,up
16828,688671,20250501,18.18,19.18,up
16829,688671,20250507,19.15,19.7,up
16830,688676,20250507,33.07,33.49,up
16831,688676,20250510,32.21,33.21,up
16832,688676,20250516,32.84,32.62,down
16833,688676,20250517,32.84,32.62,down
16834,688676,20250528,30.67,31.55,up
16835,688677,20250507,35.97,36.05,up
16836,688677,20250510,35.3,36.16,up
16837,688677,20250513,36.29,36.25,down
16838,688677,20250516,36.43,37.05,up
16839,688677,20250520,39.52,39.63,up
16840,688677,20250527,40.55,41.83,up
16841,688677,20250530,41.29,41.6,up
16842,688678,20250508,23.2,21.53,down
16843,688678,20250516,22.11,21.29,down
16844,688678,20250524,20.8,19.42,down
16845,688678,20250527,19.06,18.95,down
16846,688678,20250530,18.25,18.38,up
16847,688679,20250509,12.72,12.5,down
16848,688680,20250508,41.8,42.12,up
16849,688680,20250513,44.19,41.63,down
16850,688680,20250521,46.58,44.75,down
16851,688680,20250522,44.75,42.63,down
16852,688680,20250528,41.81,41.89,up
16853,688680,20250531,40.87,40.3,down
16854,688681,20250508,13.07,13.0,down
16855,688681,20250509,13.0,13.32,up
16856,688681,20250520,13.39,13.28,down
16857,688682,20250507,36.09,37.39,up
16858,688682,20250528,37.76,38.08,up
16859,688683,20250513,24.55,24.61,up
16860,688685,20250508,64.1,63.6,down
16861,688685,20250509,63.6,66.25,up
16862,688685,20250516,64.81,60.09,down
16863,688685,20250523,55.45,56.1,up
16864,688685,20250524,55.45,56.1,up
16865,688685,20250527,55.98,58.85,up
16866,688685,20250530,58.89,59.29,up
16867,688686,20250520,85.33,85.17,down
16868,688687,20250509,27.09,25.73,down
16869,688687,20250516,26.05,26.36,up
16870,688687,20250521,27.81,27.15,down
16871,688687,20250531,27.65,28.44,up
16872,688689,20250508,23.68,23.49,down
16873,688689,20250509,23.49,24.05,up
16874,688689,20250520,22.9,22.42,down
16875,688689,20250528,21.5,22.0,up
16876,688690,20250508,22.69,22.02,down
16877,688690,20250513,21.39,21.63,up
16878,688690,20250515,21.65,21.58,down
16879,688690,20250516,21.58,21.26,down
16880,688691,20250507,59.09,58.83,down
16881,688691,20250508,58.83,55.24,down
16882,688691,20250528,52.43,54.81,up
16883,688691,20250530,53.22,54.64,up
16884,688692,20250509,339.39,338.5,down
16885,688692,20250523,212.55,216.1,up
16886,688692,20250528,208.98,214.1,up
16887,688693,20250507,31.1,31.73,up
16888,688693,20250510,30.7,31.34,up
16889,688693,20250513,31.38,31.18,down
16890,688693,20250523,30.32,30.8,up
16891,688695,20250523,28.25,28.62,up
16892,688695,20250530,28.17,28.49,up
16893,688696,20250501,127.34,123.13,down
16894,688696,20250508,119.76,119.74,down
16895,688696,20250509,119.74,118.06,down
16896,688696,20250510,119.74,118.06,down
16897,688696,20250515,116.75,116.1,down
16898,688696,20250523,116.75,116.8,up
16899,688696,20250527,116.86,115.13,down
16900,688696,20250531,116.58,118.25,up
16901,688697,20250501,19.15,19.69,up
16902,688697,20250507,19.82,19.98,up
16903,688697,20250524,18.97,19.12,up
16904,688698,20250507,51.03,51.05,up
16905,688698,20250516,48.15,46.66,down
16906,688698,20250517,48.15,46.66,down
16907,688698,20250529,47.1,46.5,down
16908,688698,20250530,46.5,46.24,down
16909,688699,20250515,30.95,30.9,down
16910,688699,20250524,30.05,30.41,up
16911,688700,20250506,34.24,34.11,down
16912,688700,20250507,34.11,34.45,up
16913,688700,20250509,33.26,33.78,up
16914,688700,20250517,32.8,33.49,up
16915,688701,20250516,7.51,7.75,up
16916,688701,20250529,7.66,7.48,down
16917,688702,20250513,60.99,60.69,down
16918,688702,20250522,57.96,58.03,up
16919,688707,20250501,11.38,11.54,up
16920,688707,20250507,11.64,11.68,up
16921,688707,20250508,11.68,11.56,down
16922,688707,20250517,11.55,11.55,up
16923,688708,20250510,55.17,56.1,up
16924,688708,20250514,52.6,52.25,down
16925,688708,20250517,51.88,54.58,up
16926,688708,20250524,56.2,57.12,up
16927,688708,20250527,56.01,55.55,down
16928,688708,20250529,56.99,57.74,up
16929,688709,20250512,34.35,34.44,up
16930,688709,20250531,31.91,32.08,up
16931,688710,20250507,31.45,31.88,up
16932,688710,20250524,32.32,31.55,down
16933,688711,20250506,16.04,16.03,down
16934,688711,20250507,16.03,16.33,up
16935,688711,20250510,15.96,16.29,up
16936,688711,20250527,16.3,16.48,up
16937,688716,20250513,39.6,38.76,down
16938,688716,20250517,41.52,41.19,down
16939,688717,20250506,46.92,47.64,up
16940,688717,20250509,52.33,54.6,up
16941,688717,20250520,56.7,54.68,down
16942,688717,20250523,53.93,54.19,up
16943,688718,20250501,11.25,11.48,up
16944,688718,20250521,11.94,11.62,down
16945,688719,20250501,25.9,29.06,up
16946,688719,20250508,28.56,27.62,down
16947,688719,20250509,27.62,28.28,up
16948,688719,20250514,28.7,28.5,down
16949,688719,20250528,34.36,33.88,down
16950,688720,20250507,42.02,41.69,down
16951,688720,20250508,41.69,40.58,down
16952,688720,20250510,40.58,40.91,up
16953,688720,20250515,39.14,39.39,up
16954,688720,20250517,39.39,39.57,up
16955,688721,20250507,45.5,46.0,up
16956,688726,20250513,41.8,41.41,down
16957,688726,20250520,41.49,40.62,down
16958,688728,20250506,14.0,14.01,up
16959,688728,20250507,14.01,14.09,up
16960,688728,20250523,14.98,14.99,up
16961,688733,20250501,16.26,16.74,up
16962,688733,20250513,16.93,16.91,down
16963,688737,20250507,22.42,21.86,down
16964,688737,20250510,23.85,23.52,down
16965,688737,20250521,21.84,21.38,down
16966,688737,20250527,20.67,20.31,down
16967,688737,20250531,20.16,20.2,up
16968,688739,20250507,25.22,25.39,up
16969,688739,20250513,25.51,25.6,up
16970,688739,20250515,25.5,25.72,up
16971,688739,20250520,25.91,26.05,up
16972,688750,20250501,17.92,18.56,up
16973,688750,20250513,19.14,19.13,down
16974,688757,20250521,23.72,23.59,down
16975,688757,20250524,23.15,23.36,up
16976,688758,20250521,16.53,16.44,down
16977,688766,20250520,86.62,84.07,down
16978,688766,20250526,81.04,80.34,down
16979,688766,20250531,56.66,56.75,up
16980,688767,20250507,40.05,40.8,up
16981,688767,20250516,42.96,43.18,up
16982,688767,20250517,42.96,43.18,up
16983,688767,20250520,44.5,44.05,down
16984,688767,20250528,44.11,44.44,up
16985,688767,20250530,44.6,45.38,up
16986,688768,20250510,51.65,52.95,up
16987,688768,20250512,52.95,50.75,down
16988,688768,20250517,47.69,47.8,up
16989,688772,20250507,13.67,13.65,down
16990,688772,20250517,14.1,13.72,down
16991,688772,20250530,13.52,13.36,down
16992,688776,20250501,83.65,91.6,up
16993,688776,20250508,90.69,87.75,down
16994,688776,20250514,96.28,95.09,down
16995,688776,20250517,95.8,93.7,down
16996,688776,20250524,102.0,112.7,up
16997,688777,20250520,46.53,46.17,down
16998,688778,20250509,48.09,50.18,up
16999,688778,20250510,48.09,50.18,up
17000,688778,20250515,47.53,48.17,up
17001,688778,20250527,46.45,45.03,down
17002,688779,20250508,4.85,4.81,down
17003,688779,20250510,4.81,4.91,up
17004,688779,20250516,4.84,4.88,up
17005,688779,20250524,4.82,4.9,up
17006,688786,20250501,24.1,25.05,up
17007,688786,20250509,26.6,26.91,up
17008,688786,20250517,26.19,26.08,down
17009,688786,20250529,26.83,26.7,down
17010,688787,20250513,95.81,96.93,up
17011,688787,20250517,93.07,92.35,down
17012,688788,20250501,56.5,58.78,up
17013,688788,20250506,58.78,61.2,up
17014,688788,20250507,61.2,57.7,down
17015,688788,20250508,57.7,56.76,down
17016,688788,20250520,53.53,53.2,down
17017,688789,20250522,69.3,70.98,up
17018,688793,20250508,29.8,28.66,down
17019,688793,20250513,29.36,29.52,up
17020,688793,20250520,32.7,34.97,up
17021,688793,20250521,34.97,33.4,down
17022,688793,20250527,32.56,31.0,down
17023,688798,20250501,72.83,73.16,up
17024,688798,20250514,69.66,68.9,down
17025,688798,20250531,64.05,64.17,up
17026,688799,20250501,42.93,41.95,down
17027,688799,20250507,42.01,42.41,up
17028,688799,20250513,42.82,42.6,down
17029,688799,20250523,49.51,47.85,down
17030,688799,20250527,48.12,51.88,up
17031,688799,20250531,46.36,55.63,up
17032,688800,20250507,51.38,53.94,up
17033,688800,20250513,53.29,53.34,up
17034,688981,20250507,90.5,89.98,down
17035,688981,20250509,85.83,86.32,up
17036,689009,20250510,62.49,62.13,down
17037,830779,20250509,48.28,49.11,up
17038,830779,20250520,46.81,51.9,up
17039,830809,20250506,5.7,5.78,up
17040,830809,20250513,5.81,5.84,up
17041,830809,20250521,6.5,6.05,down
17042,830809,20250522,6.05,5.92,down
17043,830832,20250515,8.25,8.15,down
17044,830832,20250523,7.97,8.1,up
17045,830832,20250529,8.3,8.13,down
17046,830839,20250506,34.6,34.63,up
17047,830839,20250514,32.17,32.68,up
17048,830839,20250528,30.96,31.64,up
17049,830839,20250530,31.45,31.38,down
17050,830879,20250506,20.22,20.56,up
17051,830879,20250527,16.69,17.89,up
17052,830896,20250512,21.8,20.97,down
17053,830896,20250520,22.06,21.59,down
17054,830896,20250523,22.46,23.2,up
17055,830896,20250528,23.5,24.8,up
17056,830946,20250509,10.23,10.26,up
17057,830946,20250512,10.26,10.18,down
17058,830946,20250513,10.18,10.16,down
17059,830946,20250528,13.6,13.45,down
17060,830964,20250509,8.6,8.58,down
17061,830974,20250512,8.32,8.1,down
17062,830974,20250516,8.43,8.41,down
17063,830974,20250522,8.23,8.16,down
17064,831010,20250507,14.2,14.24,up
17065,831010,20250513,13.69,13.94,up
17066,831010,20250519,14.97,14.82,down
17067,831010,20250520,14.82,14.33,down
17068,831010,20250521,14.33,13.8,down
17069,831010,20250529,13.71,13.29,down
17070,831087,20250507,21.27,19.66,down
17071,831087,20250509,19.92,19.34,down
17072,831087,20250519,19.8,19.79,down
17073,831152,20250512,21.31,20.69,down
17074,831152,20250515,20.09,20.08,down
17075,831152,20250519,19.97,20.46,up
17076,831152,20250521,21.24,19.8,down
17077,831152,20250530,19.22,18.86,down
17078,831167,20250509,27.65,28.67,up
17079,831167,20250512,28.67,27.8,down
17080,831167,20250515,28.0,29.0,up
17081,831167,20250516,29.0,29.88,up
17082,831167,20250519,29.88,30.47,up
17083,831167,20250523,26.85,27.67,up
17084,831167,20250528,26.31,27.7,up
17085,831175,20250506,21.55,21.41,down
17086,831175,20250514,22.72,22.04,down
17087,831175,20250520,23.33,22.56,down
17088,831195,20250514,17.34,17.73,up
17089,831195,20250521,18.38,17.1,down
17090,831195,20250523,17.0,17.46,up
17091,831278,20250506,13.65,14.32,up
17092,831278,20250512,14.85,14.13,down
17093,831278,20250515,13.94,14.19,up
17094,831278,20250519,14.19,14.56,up
17095,831304,20250507,15.73,15.42,down
17096,831304,20250513,15.79,16.37,up
17097,831304,20250519,16.23,16.14,down
17098,831304,20250521,16.09,14.94,down
17099,831305,20250507,20.56,21.1,up
17100,831305,20250508,21.1,21.01,down
17101,831305,20250513,21.04,20.99,down
17102,831305,20250516,20.98,23.27,up
17103,831370,20250512,4.36,4.3,down
17104,831370,20250516,4.38,4.48,up
17105,831370,20250519,4.48,4.64,up
17106,831370,20250530,5.01,4.74,down
17107,831526,20250509,29.18,29.99,up
17108,831526,20250520,30.24,30.21,down
17109,831526,20250522,28.65,27.56,down
17110,831627,20250506,27.32,27.32,up
17111,831627,20250509,29.35,29.68,up
17112,831627,20250514,29.12,28.15,down
17113,831627,20250523,27.79,27.63,down
17114,831641,20250508,18.36,17.11,down
17115,831641,20250519,17.01,17.57,up
17116,831641,20250521,17.28,16.2,down
17117,831641,20250523,16.22,16.8,up
17118,831689,20250507,43.63,43.32,down
17119,831689,20250519,47.3,47.95,up
17120,831689,20250526,45.4,43.59,down
17121,831726,20250506,23.23,24.29,up
17122,831726,20250512,23.26,23.37,up
17123,831726,20250515,24.41,23.54,down
17124,831726,20250522,22.39,21.98,down
17125,831726,20250528,22.09,22.68,up
17126,831768,20250506,11.6,11.7,up
17127,831768,20250512,12.08,11.75,down
17128,831768,20250520,12.14,12.0,down
17129,831832,20250513,27.16,27.75,up
17130,831832,20250515,27.57,27.78,up
17131,831832,20250516,27.78,28.4,up
17132,831832,20250521,28.04,26.71,down
17133,831834,20250506,11.94,11.95,up
17134,831834,20250513,11.72,12.13,up
17135,831834,20250515,12.32,12.22,down
17136,831834,20250522,12.44,12.0,down
17137,831834,20250527,12.18,11.9,down
17138,831855,20250506,20.31,20.89,up
17139,831855,20250513,20.21,20.97,up
17140,831855,20250516,21.46,21.92,up
17141,831856,20250513,26.55,26.31,down
17142,831856,20250521,26.85,24.95,down
17143,831906,20250508,25.74,25.65,down
17144,831906,20250516,25.49,25.97,up
17145,831906,20250522,25.47,24.85,down
17146,831906,20250527,24.71,23.7,down
17147,831961,20250509,23.66,24.63,up
17148,831961,20250513,22.95,22.3,down
17149,831961,20250515,22.77,22.15,down
17150,831961,20250520,23.42,22.06,down
17151,831961,20250526,21.59,21.5,down
17152,831961,20250527,21.5,20.76,down
17153,831961,20250528,20.76,21.85,up
17154,832000,20250507,23.86,23.69,down
17155,832000,20250530,21.84,21.3,down
17156,832023,20250516,4.72,4.8,up
17157,832023,20250523,4.83,4.88,up
17158,832023,20250529,5.32,5.06,down
17159,832023,20250530,5.06,4.51,down
17160,832089,20250506,16.83,17.12,up
17161,832089,20250512,17.69,16.88,down
17162,832089,20250514,17.1,17.7,up
17163,832110,20250514,39.83,39.7,down
17164,832110,20250528,37.83,38.84,up
17165,832145,20250509,22.99,22.75,down
17166,832145,20250522,25.33,24.56,down
17167,832145,20250528,24.48,24.82,up
17168,832145,20250529,24.82,24.73,down
17169,832149,20250514,16.18,15.77,down
17170,832149,20250521,15.56,14.84,down
17171,832149,20250526,15.66,15.27,down
17172,832171,20250506,26.19,26.9,up
17173,832171,20250507,26.9,27.08,up
17174,832171,20250509,26.14,28.65,up
17175,832171,20250512,28.65,27.75,down
17176,832171,20250513,27.75,34.68,up
17177,832171,20250520,30.54,30.2,down
17178,832171,20250527,28.14,27.8,down
17179,832175,20250519,12.57,12.82,up
17180,832175,20250521,14.3,12.36,down
17181,832175,20250530,11.96,12.14,up
17182,832225,20250513,18.4,18.29,down
17183,832225,20250514,18.29,18.88,up
17184,832225,20250516,18.81,18.76,down
17185,832225,20250519,18.76,20.63,up
17186,832225,20250523,19.7,21.95,up
17187,832278,20250509,10.67,11.5,up
17188,832278,20250515,11.0,10.9,down
17189,832278,20250516,10.9,10.8,down
17190,832278,20250521,10.8,10.38,down
17191,832278,20250530,10.75,10.96,up
17192,832419,20250507,21.2,20.89,down
17193,832419,20250516,25.32,26.91,up
17194,832419,20250521,27.75,26.0,down
17195,832469,20250515,15.14,15.86,up
17196,832469,20250521,15.19,14.61,down
17197,832469,20250526,14.44,14.28,down
17198,832471,20250513,17.24,17.06,down
17199,832471,20250514,17.06,18.49,up
17200,832471,20250520,17.81,17.5,down
17201,832471,20250522,16.53,17.27,up
17202,832491,20250507,31.1,32.48,up
17203,832491,20250513,31.7,31.61,down
17204,832491,20250519,32.11,32.43,up
17205,832491,20250520,32.43,33.09,up
17206,832491,20250521,33.09,31.3,down
17207,832491,20250530,30.27,30.19,down
17208,832522,20250506,55.32,55.02,down
17209,832522,20250509,58.05,59.07,up
17210,832522,20250514,56.9,54.85,down
17211,832522,20250519,57.18,58.1,up
17212,832522,20250520,58.1,61.0,up
17213,832522,20250522,56.48,56.3,down
17214,832522,20250523,56.3,56.85,up
17215,832566,20250508,11.99,11.91,down
17216,832566,20250513,11.88,11.91,up
17217,832566,20250519,12.46,12.75,up
17218,832566,20250528,12.11,13.45,up
17219,832651,20250508,30.34,30.18,down
17220,832651,20250514,29.72,30.05,up
17221,832651,20250519,30.16,31.37,up
17222,832651,20250521,31.35,29.56,down
17223,832651,20250522,29.56,28.84,down
17224,832662,20250506,24.46,24.5,up
17225,832662,20250512,26.09,26.35,up
17226,832662,20250513,26.35,26.01,down
17227,832662,20250516,26.18,25.65,down
17228,832662,20250523,23.49,24.52,up
17229,832735,20250512,56.74,57.79,up
17230,832735,20250516,56.96,55.4,down
17231,832735,20250521,58.4,57.32,down
17232,832735,20250527,55.2,54.93,down
17233,832786,20250520,11.8,11.7,down
17234,832786,20250527,11.43,11.74,up
17235,832786,20250530,10.85,11.49,up
17236,832802,20250513,21.85,22.04,up
17237,832802,20250521,23.2,22.28,down
17238,832802,20250526,22.67,24.08,up
17239,832876,20250507,41.5,38.9,down
17240,832876,20250522,32.39,31.71,down
17241,832876,20250527,31.99,31.28,down
17242,832876,20250528,31.28,32.26,up
17243,832876,20250529,32.26,30.94,down
17244,832885,20250508,19.3,20.44,up
17245,832885,20250529,18.47,18.73,up
17246,832978,20250522,24.67,24.43,down
17247,832978,20250527,23.53,23.23,down
17248,832982,20250507,403.88,406.3,up
17249,832982,20250512,444.9,464.0,up
17250,832982,20250514,469.99,482.0,up
17251,832982,20250515,482.0,479.9,down
17252,832982,20250521,577.5,493.5,down
17253,832982,20250523,497.7,490.15,down
17254,833030,20250513,35.23,36.69,up
17255,833030,20250514,36.69,34.97,down
17256,833030,20250516,34.6,34.63,up
17257,833030,20250519,34.63,35.11,up
17258,833030,20250520,35.11,33.55,down
17259,833075,20250512,30.07,30.16,up
17260,833075,20250514,30.43,30.63,up
17261,833075,20250516,30.4,32.03,up
17262,833075,20250520,36.07,33.58,down
17263,833075,20250522,35.79,33.6,down
17264,833171,20250513,9.5,12.35,up
17265,833171,20250514,12.35,13.43,up
17266,833171,20250516,12.91,13.45,up
17267,833171,20250520,11.04,10.86,down
17268,833230,20250519,22.27,22.68,up
17269,833230,20250528,20.29,21.34,up
17270,833230,20250529,21.34,21.36,up
17271,833266,20250512,10.09,9.81,down
17272,833266,20250519,10.78,11.6,up
17273,833266,20250522,10.71,10.78,up
17274,833284,20250506,23.35,23.42,up
17275,833284,20250508,24.38,26.7,up
17276,833284,20250514,27.79,25.67,down
17277,833346,20250508,29.57,29.99,up
17278,833346,20250509,29.99,30.3,up
17279,833346,20250514,29.57,29.61,up
17280,833346,20250520,31.09,32.81,up
17281,833346,20250526,29.38,28.2,down
17282,833346,20250529,28.3,28.73,up
17283,833394,20250507,45.34,44.82,down
17284,833427,20250506,13.44,13.7,up
17285,833427,20250512,14.67,14.16,down
17286,833427,20250514,14.48,15.01,up
17287,833427,20250516,15.4,15.52,up
17288,833427,20250520,17.06,15.82,down
17289,833427,20250522,14.46,14.05,down
17290,833427,20250528,13.5,14.1,up
17291,833429,20250509,22.93,22.96,up
17292,833429,20250513,24.38,24.99,up
17293,833429,20250529,28.02,26.7,down
17294,833454,20250506,15.89,16.25,up
17295,833454,20250514,17.55,17.3,down
17296,833454,20250519,17.25,17.5,up
17297,833454,20250530,16.55,16.85,up
17298,833455,20250509,10.85,11.38,up
17299,833455,20250513,10.85,11.07,up
17300,833455,20250515,11.07,11.14,up
17301,833455,20250520,11.48,11.18,down
17302,833455,20250522,10.61,10.26,down
17303,833509,20250506,26.83,27.3,up
17304,833509,20250512,26.3,26.5,up
17305,833509,20250514,27.16,26.02,down
17306,833509,20250515,26.02,26.44,up
17307,833523,20250512,27.14,26.7,down
17308,833523,20250515,26.46,26.41,down
17309,833523,20250521,27.54,25.91,down
17310,833523,20250522,25.91,25.39,down
17311,833533,20250514,54.1,52.77,down
17312,833533,20250515,52.77,53.0,up
17313,833533,20250520,51.23,50.25,down
17314,833575,20250513,16.04,15.88,down
17315,833575,20250516,17.08,16.54,down
17316,833575,20250521,18.06,17.07,down
17317,833580,20250512,13.38,12.98,down
17318,833580,20250514,13.52,13.55,up
17319,833580,20250515,13.55,13.68,up
17320,833580,20250516,13.68,14.02,up
17321,833580,20250520,14.66,15.26,up
17322,833751,20250514,18.46,18.68,up
17323,833781,20250509,11.62,12.08,up
17324,833781,20250519,11.2,11.3,up
17325,833781,20250527,15.29,13.71,down
17326,833781,20250529,13.39,12.3,down
17327,833873,20250508,5.8,5.87,up
17328,833873,20250513,5.74,6.16,up
17329,833873,20250515,6.22,6.24,up
17330,833873,20250519,6.42,6.82,up
17331,833873,20250523,5.91,6.07,up
17332,833873,20250528,5.97,6.15,up
17333,833914,20250509,20.6,20.53,down
17334,833914,20250512,20.53,19.75,down
17335,833914,20250514,19.97,19.68,down
17336,833914,20250516,19.8,20.0,up
17337,833914,20250520,20.39,20.7,up
17338,833914,20250523,18.76,19.24,up
17339,833943,20250506,22.3,22.9,up
17340,833943,20250509,23.11,27.2,up
17341,833943,20250512,27.2,25.79,down
17342,833943,20250520,24.22,23.58,down
17343,833943,20250522,22.36,22.13,down
17344,833943,20250526,23.42,24.01,up
17345,834014,20250508,14.13,13.8,down
17346,834014,20250514,13.95,14.12,up
17347,834014,20250516,14.35,14.26,down
17348,834021,20250509,6.95,7.1,up
17349,834021,20250514,6.98,7.05,up
17350,834021,20250516,7.08,7.15,up
17351,834033,20250520,21.31,21.19,down
17352,834058,20250507,35.05,39.3,up
17353,834058,20250516,36.6,37.32,up
17354,834058,20250519,37.32,39.38,up
17355,834058,20250522,35.44,34.63,down
17356,834062,20250513,10.04,10.44,up
17357,834062,20250521,10.79,10.62,down
17358,834062,20250522,10.62,10.05,down
17359,834062,20250529,10.85,10.23,down
17360,834261,20250506,14.48,15.95,up
17361,834261,20250512,15.02,15.69,up
17362,834261,20250516,18.1,16.96,down
17363,834261,20250519,16.96,17.28,up
17364,834407,20250506,24.49,24.06,down
17365,834407,20250512,26.17,25.05,down
17366,834407,20250514,25.55,25.75,up
17367,834407,20250516,25.41,25.66,up
17368,834407,20250519,25.66,26.15,up
17369,834407,20250523,22.93,24.37,up
17370,834407,20250526,24.37,23.94,down
17371,834415,20250506,16.96,17.29,up
17372,834415,20250513,17.08,17.64,up
17373,834415,20250516,17.3,18.28,up
17374,834415,20250519,18.28,19.22,up
17375,834415,20250520,19.22,18.49,down
17376,834415,20250522,17.77,17.08,down
17377,834415,20250526,17.4,16.78,down
17378,834415,20250529,17.26,17.83,up
17379,834415,20250530,17.83,17.35,down
17380,834475,20250508,18.78,19.0,up
17381,834475,20250516,19.57,19.81,up
17382,834475,20250519,19.81,20.44,up
17383,834475,20250530,23.21,21.45,down
17384,834599,20250506,21.64,21.16,down
17385,834599,20250509,21.11,21.4,up
17386,834599,20250513,21.16,20.85,down
17387,834599,20250514,20.85,21.63,up
17388,834599,20250521,22.64,21.45,down
17389,834639,20250512,8.93,8.69,down
17390,834639,20250520,9.45,9.06,down
17391,834639,20250522,8.8,8.55,down
17392,834639,20250527,9.47,9.97,up
17393,834765,20250509,22.3,23.08,up
17394,834765,20250515,25.7,24.0,down
17395,834765,20250528,24.93,25.34,up
17396,834770,20250506,16.76,16.7,down
17397,834770,20250512,17.85,20.08,up
17398,834770,20250516,18.46,18.88,up
17399,834770,20250520,19.29,18.88,down
17400,834950,20250508,22.73,22.66,down
17401,834950,20250509,22.66,23.34,up
17402,834950,20250513,22.81,22.93,up
17403,834950,20250520,20.03,19.9,down
17404,834950,20250526,19.65,18.9,down
17405,834950,20250530,18.46,18.66,up
17406,835174,20250508,33.74,32.85,down
17407,835174,20250514,33.28,33.57,up
17408,835174,20250516,32.96,42.84,up
17409,835174,20250520,55.69,49.0,down
17410,835174,20250521,49.0,44.51,down
17411,835174,20250522,44.51,41.27,down
17412,835174,20250523,41.27,41.93,up
17413,835174,20250529,40.3,41.74,up
17414,835174,20250530,41.74,40.53,down
17415,835179,20250507,35.75,35.45,down
17416,835179,20250513,34.8,35.0,up
17417,835179,20250514,35.0,35.4,up
17418,835179,20250516,34.4,36.05,up
17419,835179,20250522,33.8,32.17,down
17420,835184,20250509,14.89,15.33,up
17421,835184,20250516,15.19,15.4,up
17422,835185,20250509,21.84,23.83,up
17423,835185,20250513,23.45,23.03,down
17424,835185,20250526,22.49,22.92,up
17425,835207,20250514,27.4,26.62,down
17426,835207,20250516,26.4,28.34,up
17427,835207,20250523,24.65,25.57,up
17428,835207,20250529,25.94,25.21,down
17429,835237,20250506,31.18,31.65,up
17430,835237,20250508,32.16,33.0,up
17431,835237,20250512,33.6,32.4,down
17432,835237,20250519,31.73,32.35,up
17433,835237,20250520,32.35,34.1,up
17434,835237,20250522,30.75,30.5,down
17435,835305,20250507,14.18,13.71,down
17436,835305,20250512,13.35,12.61,down
17437,835305,20250520,13.02,12.96,down
17438,835305,20250521,12.96,13.31,up
17439,835305,20250522,13.31,12.68,down
17440,835368,20250512,29.11,30.1,up
17441,835368,20250514,29.62,28.92,down
17442,835368,20250519,29.1,29.72,up
17443,835438,20250509,19.23,19.5,up
17444,835438,20250527,18.75,18.7,down
17445,835438,20250529,19.38,18.88,down
17446,835508,20250514,35.36,34.3,down
17447,835508,20250522,33.93,32.55,down
17448,835508,20250528,32.07,33.08,up
17449,835579,20250509,31.0,32.37,up
17450,835579,20250515,29.84,30.4,up
17451,835579,20250522,28.37,28.09,down
17452,835579,20250529,35.05,32.34,down
17453,835640,20250513,28.84,28.68,down
17454,835640,20250521,28.5,27.2,down
17455,835640,20250523,27.49,27.98,up
17456,835670,20250513,15.18,15.57,up
17457,835670,20250522,15.0,15.45,up
17458,835670,20250530,16.06,15.26,down
17459,835857,20250506,6.67,6.71,up
17460,835857,20250512,6.73,6.59,down
17461,835857,20250516,6.82,6.91,up
17462,835857,20250520,7.15,7.1,down
17463,835857,20250521,7.1,6.89,down
17464,835857,20250522,6.89,6.7,down
17465,835857,20250527,7.03,7.05,up
17466,835892,20250506,20.12,19.63,down
17467,835892,20250508,20.35,19.85,down
17468,835892,20250514,20.35,20.2,down
17469,835892,20250519,20.61,21.77,up
17470,835892,20250523,19.57,22.69,up
17471,835892,20250526,22.69,20.63,down
17472,835985,20250506,10.0,9.96,down
17473,835985,20250512,10.27,10.99,up
17474,835985,20250519,10.52,10.73,up
17475,835985,20250521,10.68,10.1,down
17476,836077,20250512,12.62,12.29,down
17477,836077,20250520,15.84,15.15,down
17478,836077,20250529,15.1,14.69,down
17479,836149,20250509,13.73,13.92,up
17480,836149,20250520,19.17,16.48,down
17481,836208,20250526,36.38,36.99,up
17482,836208,20250529,37.85,38.3,up
17483,836208,20250530,38.3,37.4,down
17484,836221,20250514,21.32,20.98,down
17485,836221,20250527,20.65,21.03,up
17486,836239,20250526,43.98,44.3,up
17487,836247,20250516,30.91,29.93,down
17488,836247,20250521,27.22,26.7,down
17489,836247,20250523,25.55,26.68,up
17490,836247,20250527,26.1,25.61,down
17491,836247,20250529,26.46,26.31,down
17492,836260,20250509,13.99,14.07,up
17493,836260,20250513,13.64,13.91,up
17494,836260,20250521,14.24,13.55,down
17495,836263,20250507,14.15,14.13,down
17496,836263,20250508,14.13,14.14,up
17497,836263,20250514,13.84,13.82,down
17498,836263,20250515,13.82,13.87,up
17499,836263,20250523,17.07,18.6,up
17500,836263,20250529,16.17,14.95,down
17501,836270,20250528,16.69,19.19,up
17502,836270,20250530,18.3,18.13,down
17503,836395,20250506,19.55,19.38,down
17504,836395,20250530,14.86,15.02,up
17505,836414,20250506,12.73,12.75,up
17506,836414,20250513,13.7,13.57,down
17507,836414,20250519,14.0,14.66,up
17508,836419,20250506,13.03,13.15,up
17509,836419,20250513,13.61,14.83,up
17510,836419,20250515,19.0,15.42,down
17511,836419,20250519,14.74,14.82,up
17512,836419,20250521,14.48,14.2,down
17513,836419,20250523,13.99,14.28,up
17514,836422,20250512,14.92,14.74,down
17515,836422,20250513,14.74,15.0,up
17516,836422,20250514,15.0,15.35,up
17517,836422,20250516,15.08,15.31,up
17518,836433,20250509,7.63,7.65,up
17519,836433,20250514,7.54,7.69,up
17520,836433,20250519,7.93,8.09,up
17521,836433,20250523,7.62,7.63,up
17522,836504,20250507,24.93,25.05,up
17523,836504,20250508,25.05,25.12,up
17524,836504,20250514,25.31,25.63,up
17525,836547,20250509,24.36,24.21,down
17526,836547,20250526,26.22,27.49,up
17527,836675,20250514,12.17,12.33,up
17528,836675,20250530,12.06,12.22,up
17529,836699,20250506,49.57,48.36,down
17530,836699,20250509,47.7,48.58,up
17531,836699,20250520,52.48,50.19,down
17532,836699,20250526,48.67,47.85,down
17533,836717,20250520,12.71,12.35,down
17534,836717,20250528,11.77,12.31,up
17535,836720,20250506,21.14,21.0,down
17536,836720,20250516,20.86,21.5,up
17537,836807,20250512,11.48,11.06,down
17538,836807,20250515,11.72,11.61,down
17539,836807,20250520,12.11,11.61,down
17540,836826,20250506,13.57,14.34,up
17541,836826,20250507,14.34,13.97,down
17542,836826,20250514,14.15,14.56,up
17543,836826,20250523,13.05,13.5,up
17544,836871,20250506,16.88,16.93,up
17545,836871,20250512,17.41,17.04,down
17546,836871,20250514,17.43,17.5,up
17547,836892,20250508,19.18,19.4,up
17548,836892,20250512,19.55,19.1,down
17549,836892,20250515,19.8,20.0,up
17550,836892,20250523,15.06,15.52,up
17551,836942,20250508,19.16,20.54,up
17552,836942,20250512,20.46,19.87,down
17553,836942,20250516,20.06,20.78,up
17554,836942,20250521,21.08,19.47,down
17555,836942,20250523,19.1,20.23,up
17556,836957,20250519,15.83,16.27,up
17557,836957,20250527,15.46,14.83,down
17558,836961,20250513,36.95,38.72,up
17559,836961,20250520,38.99,38.0,down
17560,836961,20250529,35.46,35.11,down
17561,837006,20250516,32.7,33.15,up
17562,837006,20250521,33.55,36.41,up
17563,837006,20250523,33.3,34.8,up
17564,837006,20250529,33.72,34.65,up
17565,837023,20250508,23.16,24.43,up
17566,837023,20250514,27.23,35.39,up
17567,837023,20250515,35.39,31.1,down
17568,837023,20250516,31.1,30.1,down
17569,837023,20250521,29.28,27.62,down
17570,837046,20250508,17.5,17.5,up
17571,837046,20250514,17.84,17.76,down
17572,837046,20250521,17.78,16.75,down
17573,837046,20250522,16.75,16.26,down
17574,837046,20250526,16.78,16.83,up
17575,837092,20250506,44.72,44.18,down
17576,837092,20250512,44.57,44.3,down
17577,837092,20250516,46.75,46.83,up
17578,837212,20250512,18.46,18.09,down
17579,837212,20250521,18.43,17.24,down
17580,837242,20250508,33.46,32.84,down
17581,837242,20250515,35.16,38.75,up
17582,837242,20250526,35.07,34.18,down
17583,837242,20250528,34.0,36.37,up
17584,837344,20250513,21.56,21.35,down
17585,837344,20250520,24.77,24.88,up
17586,837344,20250521,24.88,22.7,down
17587,837344,20250530,23.76,24.65,up
17588,837403,20250508,33.23,33.21,down
17589,837403,20250519,31.89,32.59,up
17590,837403,20250522,31.12,29.32,down
17591,837403,20250527,30.07,28.57,down
17592,837592,20250509,57.67,60.2,up
17593,837592,20250515,59.31,58.31,down
17594,837592,20250521,58.9,56.37,down
17595,837663,20250509,28.51,29.73,up
17596,837663,20250514,27.99,27.87,down
17597,837663,20250523,27.49,27.82,up
17598,837748,20250512,26.71,25.91,down
17599,837748,20250516,26.2,26.48,up
17600,837748,20250520,27.53,26.72,down
17601,837748,20250521,26.72,25.83,down
17602,837748,20250530,49.89,43.08,down
17603,837821,20250512,36.9,36.08,down
17604,837821,20250516,35.74,35.84,up
17605,837821,20250520,36.77,36.27,down
17606,837821,20250528,33.9,36.09,up
17607,838030,20250516,7.54,7.6,up
17608,838030,20250519,7.6,7.8,up
17609,838030,20250528,7.7,7.86,up
17610,838163,20250509,16.3,16.43,up
17611,838163,20250516,17.73,18.28,up
17612,838163,20250521,18.22,17.2,down
17613,838171,20250521,18.85,17.09,down
17614,838227,20250506,63.27,62.38,down
17615,838227,20250508,63.76,61.81,down
17616,838227,20250514,63.7,64.45,up
17617,838227,20250523,58.21,59.45,up
17618,838227,20250528,58.49,60.15,up
17619,838262,20250512,27.79,31.69,up
17620,838262,20250527,28.03,26.96,down
17621,838275,20250513,10.78,11.19,up
17622,838275,20250514,11.19,11.75,up
17623,838275,20250516,11.92,11.84,down
17624,838275,20250521,12.34,11.61,down
17625,838402,20250512,9.42,9.57,up
17626,838402,20250519,10.0,10.24,up
17627,838402,20250522,9.42,9.42,up
17628,838402,20250523,9.42,9.7,up
17629,838402,20250528,9.6,10.07,up
17630,838670,20250506,18.13,18.18,up
17631,838670,20250512,20.25,20.39,up
17632,838670,20250513,20.39,20.23,down
17633,838670,20250515,19.77,20.55,up
17634,838701,20250506,30.1,29.88,down
17635,838701,20250512,30.95,30.65,down
17636,838701,20250523,27.71,28.3,up
17637,838701,20250529,28.08,27.94,down
17638,838810,20250512,24.89,22.93,down
17639,838810,20250513,22.93,23.5,up
17640,838810,20250519,21.95,22.75,up
17641,838810,20250522,22.04,21.0,down
17642,838810,20250526,21.89,21.31,down
17643,838810,20250529,24.4,22.61,down
17644,838924,20250509,30.92,31.17,up
17645,838924,20250514,31.59,29.9,down
17646,838924,20250519,29.64,30.54,up
17647,838924,20250520,30.54,29.5,down
17648,838971,20250509,29.33,30.17,up
17649,838971,20250512,30.17,29.62,down
17650,838971,20250519,33.35,33.3,down
17651,838971,20250521,32.5,30.88,down
17652,838971,20250526,30.93,31.79,up
17653,838971,20250529,33.15,33.5,up
17654,839273,20250506,40.8,49.45,up
17655,839273,20250507,49.45,46.0,down
17656,839273,20250509,45.3,45.33,up
17657,839273,20250514,47.8,52.15,up
17658,839273,20250519,51.75,56.37,up
17659,839273,20250529,46.8,45.21,down
17660,839273,20250530,45.21,46.94,up
17661,839371,20250513,11.45,11.93,up
17662,839371,20250516,12.62,13.3,up
17663,839371,20250519,13.3,13.58,up
17664,839371,20250523,11.25,11.68,up
17665,839371,20250527,12.16,11.76,down
17666,839493,20250512,171.92,163.91,down
17667,839493,20250513,163.91,164.74,up
17668,839493,20250519,155.44,156.34,up
17669,839493,20250521,155.48,144.75,down
17670,839493,20250522,144.75,138.12,down
17671,839493,20250523,138.12,141.95,up
17672,839493,20250527,140.41,140.99,up
17673,839680,20250506,7.25,7.71,up
17674,839680,20250514,6.9,6.67,down
17675,839680,20250523,6.93,6.92,down
17676,839719,20250514,11.76,12.01,up
17677,839719,20250519,12.53,13.3,up
17678,839719,20250521,17.29,14.62,down
17679,839719,20250522,14.62,15.48,up
17680,839719,20250530,14.12,14.31,up
17681,839725,20250508,30.6,29.92,down
17682,839725,20250515,29.6,30.48,up
17683,839725,20250519,29.91,32.45,up
17684,839725,20250523,28.45,28.75,up
17685,839725,20250528,29.35,29.46,up
17686,839729,20250516,9.93,9.98,up
17687,839729,20250522,9.5,9.33,down
17688,839729,20250526,9.6,9.57,down
17689,839729,20250530,9.79,10.07,up
17690,839790,20250514,42.48,39.77,down
17691,839792,20250520,14.94,13.63,down
17692,839792,20250522,12.91,12.73,down
17693,839792,20250526,13.49,13.04,down
17694,839792,20250528,12.94,13.2,up
17695,839946,20250509,9.93,10.53,up
17696,839946,20250516,10.2,10.14,down
17697,839946,20250522,9.41,9.48,up
17698,839946,20250527,9.6,9.65,up
17699,870199,20250506,33.26,32.7,down
17700,870199,20250508,31.73,29.1,down
17701,870199,20250509,29.1,29.71,up
17702,870199,20250530,27.87,28.88,up
17703,870204,20250522,20.25,20.57,up
17704,870204,20250529,21.57,21.1,down
17705,870204,20250530,21.1,21.14,up
17706,870299,20250509,20.19,20.23,up
17707,870299,20250513,21.92,22.18,up
17708,870299,20250521,23.78,22.44,down
17709,870357,20250513,23.46,23.5,up
17710,870357,20250521,24.25,23.22,down
17711,870357,20250526,24.06,24.01,down
17712,870436,20250509,20.96,21.13,up
17713,870436,20250513,20.1,20.42,up
17714,870436,20250519,24.56,24.3,down
17715,870436,20250521,27.2,23.77,down
17716,870436,20250522,23.77,22.72,down
17717,870436,20250526,24.74,24.28,down
17718,870436,20250527,24.28,25.93,up
17719,870436,20250529,26.8,22.72,down
17720,870508,20250508,19.84,19.92,up
17721,870508,20250509,19.92,20.18,up
17722,870508,20250520,21.72,20.75,down
17723,870508,20250530,19.85,20.27,up
17724,870656,20250508,23.14,23.11,down
17725,870656,20250514,23.42,25.24,up
17726,870656,20250529,24.1,24.1,up
17727,870726,20250508,26.83,27.67,up
17728,870726,20250514,29.19,28.28,down
17729,870726,20250516,27.57,27.6,up
17730,870726,20250520,28.14,28.05,down
17731,870866,20250516,10.68,10.95,up
17732,870866,20250520,11.25,10.76,down
17733,870976,20250519,27.92,29.2,up
17734,870976,20250522,27.19,26.06,down
17735,870976,20250523,26.06,27.97,up
17736,870976,20250528,26.99,27.49,up
17737,871245,20250514,35.34,34.79,down
17738,871245,20250523,32.79,33.48,up
17739,871245,20250528,32.6,33.84,up
17740,871263,20250512,27.45,24.52,down
17741,871263,20250516,22.64,22.69,up
17742,871263,20250519,22.69,22.6,down
17743,871396,20250508,31.75,31.83,up
17744,871396,20250513,32.73,35.15,up
17745,871396,20250516,40.65,49.6,up
17746,871396,20250522,41.68,45.9,up
17747,871396,20250527,49.8,48.15,down
17748,871396,20250529,47.7,43.08,down
17749,871478,20250507,28.53,29.27,up
17750,871478,20250515,29.53,29.8,up
17751,871478,20250522,28.78,28.28,down
17752,871478,20250528,28.04,28.81,up
17753,871478,20250530,28.35,28.09,down
17754,871634,20250507,27.18,27.08,down
17755,871634,20250515,28.6,28.48,down
17756,871634,20250520,28.5,29.55,up
17757,871634,20250528,24.54,25.53,up
17758,871634,20250530,24.83,25.68,up
17759,871642,20250508,23.21,20.41,down
17760,871642,20250514,19.25,19.82,up
17761,871642,20250515,19.82,19.42,down
17762,871642,20250520,18.6,18.74,up
17763,871642,20250521,18.74,19.23,up
17764,871694,20250509,18.87,18.97,up
17765,871694,20250519,18.92,20.35,up
17766,871694,20250523,18.82,19.6,up
17767,871753,20250514,30.25,29.26,down
17768,871753,20250521,30.45,29.18,down
17769,871753,20250526,29.28,29.06,down
17770,871857,20250507,18.32,18.68,up
17771,871857,20250515,18.92,19.12,up
17772,871857,20250529,18.78,18.19,down
17773,871970,20250512,8.41,8.16,down
17774,871970,20250514,8.58,9.01,up
17775,871970,20250516,8.72,8.85,up
17776,871970,20250521,8.82,8.33,down
17777,871970,20250522,8.33,8.2,down
17778,871981,20250509,38.07,39.58,up
17779,871981,20250515,38.0,37.77,down
17780,871981,20250522,36.97,35.08,down
17781,872190,20250513,33.78,34.1,up
17782,872190,20250516,33.61,33.5,down
17783,872190,20250521,35.78,35.27,down
17784,872190,20250522,35.27,36.33,up
17785,872190,20250529,37.85,35.83,down
17786,872190,20250530,35.83,34.7,down
17787,872351,20250509,23.1,25.37,up
17788,872351,20250514,38.83,38.4,down
17789,872351,20250515,38.4,34.01,down
17790,872351,20250519,33.25,32.3,down
17791,872374,20250506,31.92,31.75,down
17792,872374,20250515,31.89,31.82,down
17793,872374,20250522,30.39,29.4,down
17794,872392,20250508,23.65,23.41,down
17795,872392,20250513,23.22,23.69,up
17796,872392,20250516,24.2,27.37,up
17797,872392,20250519,27.37,35.58,up
17798,872392,20250520,35.58,33.65,down
17799,872392,20250523,27.32,27.9,up
17800,872392,20250526,27.9,27.44,down
17801,872392,20250528,26.56,27.16,up
17802,872392,20250530,27.42,27.12,down
17803,872541,20250512,18.5,17.95,down
17804,872541,20250520,17.8,18.97,up
17805,872541,20250529,18.53,17.3,down
17806,872808,20250513,55.7,55.98,up
17807,872808,20250526,50.6,62.75,up
17808,872808,20250530,50.6,62.75,up
17809,872895,20250508,18.72,19.06,up
17810,872895,20250515,26.4,26.99,up
17811,872895,20250516,26.99,26.35,down
17812,872895,20250522,28.61,27.42,down
17813,872925,20250507,18.35,17.53,down
17814,872925,20250514,16.88,16.46,down
17815,872925,20250516,16.59,16.32,down
17816,872925,20250522,14.96,15.09,up
17817,872925,20250526,15.21,15.23,up
17818,872925,20250529,15.39,15.65,up
17819,872931,20250506,15.61,15.59,down
17820,872931,20250512,16.18,16.03,down
17821,872931,20250516,16.58,16.43,down
17822,872931,20250521,18.31,20.32,up
17823,872931,20250529,17.84,17.0,down
17824,872953,20250513,54.67,56.79,up
17825,872953,20250520,53.94,53.38,down
17826,872953,20250523,49.3,50.31,up
17827,873001,20250513,21.58,21.96,up
17828,873001,20250526,22.43,21.63,down
17829,873122,20250513,47.41,47.09,down
17830,873122,20250519,46.81,47.6,up
17831,873122,20250521,46.15,44.09,down
17832,873122,20250522,44.09,43.56,down
17833,873122,20250527,44.31,43.58,down
17834,873122,20250528,43.58,44.53,up
17835,873132,20250509,23.8,24.85,up
17836,873132,20250514,25.87,23.97,down
17837,873132,20250515,23.97,21.52,down
17838,873132,20250520,21.3,21.3,up
17839,873132,20250522,21.4,21.39,down
17840,873152,20250509,18.82,19.0,up
17841,873152,20250512,19.0,18.49,down
17842,873152,20250514,18.89,18.43,down
17843,873152,20250519,18.7,19.08,up
17844,873167,20250508,26.0,25.98,down
17845,873167,20250509,25.98,26.18,up
17846,873167,20250515,27.02,30.55,up
17847,873167,20250519,28.72,28.5,down
17848,873167,20250520,28.5,27.65,down
17849,873167,20250522,26.23,26.99,up
17850,873169,20250508,23.32,27.39,up
17851,873169,20250512,35.6,38.2,up
17852,873169,20250515,37.31,38.2,up
17853,873169,20250521,30.98,31.11,up
17854,873169,20250527,31.4,29.26,down
17855,873169,20250528,29.26,29.45,up
17856,873223,20250507,11.11,11.62,up
17857,873223,20250513,11.69,11.94,up
17858,873223,20250516,11.9,11.93,up
17859,873305,20250508,44.26,41.0,down
17860,873305,20250513,39.9,44.96,up
17861,873305,20250515,48.5,46.55,down
17862,873339,20250512,11.3,13.46,up
17863,873339,20250514,13.13,12.28,down
17864,873339,20250526,11.75,11.6,down
17865,873527,20250512,19.5,19.22,down
17866,873527,20250516,19.75,19.78,up
17867,873527,20250519,19.78,20.4,up
17868,873527,20250526,19.07,19.03,down
17869,873527,20250527,19.03,18.55,down
17870,873570,20250512,45.83,43.23,down
17871,873570,20250515,42.64,41.99,down
17872,873570,20250519,42.7,43.54,up
17873,873570,20250521,44.99,42.64,down
17874,873570,20250527,40.93,42.0,up
17875,873576,20250515,33.4,35.8,up
17876,873576,20250516,35.8,36.75,up
17877,873576,20250522,32.44,33.3,up
17878,873593,20250509,51.67,53.06,up
17879,873593,20250512,53.06,51.39,down
17880,873593,20250513,51.39,51.03,down
17881,873593,20250516,50.7,50.1,down
17882,873593,20250519,50.1,51.0,up
17883,873593,20250521,50.64,48.61,down
17884,873593,20250522,48.61,48.69,up
17885,873593,20250527,34.7,35.3,up
17886,873593,20250529,36.93,36.05,down
17887,873665,20250512,14.31,14.55,up
17888,873665,20250520,14.58,14.52,down
17889,873665,20250521,14.52,13.8,down
17890,873679,20250507,19.92,20.52,up
17891,873679,20250508,20.52,20.37,down
17892,873679,20250512,20.54,20.53,down
17893,873679,20250515,21.93,21.3,down
17894,873679,20250516,21.3,21.4,up
17895,873679,20250520,22.04,21.94,down
17896,873679,20250522,20.7,21.0,up
17897,873679,20250523,21.0,21.75,up
17898,873690,20250508,24.75,24.3,down
17899,873690,20250515,24.98,25.75,up
17900,873690,20250519,25.6,26.48,up
17901,873690,20250520,26.48,28.35,up
17902,873690,20250521,28.35,25.69,down
17903,873693,20250509,43.73,45.14,up
17904,873693,20250516,43.49,44.58,up
17905,873693,20250530,41.81,42.0,up
17906,873703,20250519,25.19,25.92,up
17907,873703,20250528,26.36,26.67,up
17908,873706,20250508,20.51,19.65,down
17909,873706,20250515,23.98,22.42,down
17910,873706,20250520,21.75,20.98,down
17911,873706,20250522,19.94,20.42,up
17912,873706,20250527,20.18,19.88,down
17913,873706,20250529,20.3,20.45,up
17914,873726,20250513,30.73,31.75,up
17915,873726,20250514,31.75,30.1,down
17916,873726,20250519,30.06,31.22,up
17917,873726,20250520,31.22,30.45,down
17918,873726,20250526,29.45,29.7,up
17919,873726,20250528,29.35,30.46,up
17920,873806,20250513,15.34,15.65,up
17921,873806,20250519,15.75,15.96,up
17922,873806,20250527,15.26,15.4,up
17923,873806,20250529,17.94,16.42,down
17924,873833,20250509,23.6,23.5,down
17925,873833,20250520,23.24,22.25,down
17926,900939,20250501,0.325,0.324,down
17927,900939,20250508,0.316,0.29,down
17928,900939,20250513,0.294,0.285,down
17929,900939,20250521,0.244,0.268,up
17930,900939,20250523,0.295,0.325,up
17931,900939,20250524,0.295,0.325,up
17932,900939,20250527,0.358,0.34,down
17933,900939,20250528,0.34,0.374,up
17934,900948,20250508,2.04,2.058,up
17935,900948,20250510,2.058,2.074,up
17936,900948,20250517,2.068,2.074,up
17937,900948,20250520,2.079,2.117,up
17938,900948,20250523,2.183,2.116,down
17939,900948,20250530,2.036,2.036,up
17940,900957,20250508,0.151,0.143,down
17941,900957,20250509,0.143,0.136,down
17942,900957,20250513,0.129,0.123,down
17943,900957,20250516,0.111,0.105,down
17944,900957,20250523,0.095,0.1,up
17945,900957,20250527,0.105,0.11,up
17946,900957,20250528,0.11,0.116,up
17947,900957,20250529,0.116,0.11,down
17948,900957,20250530,0.11,0.105,down
17949,900957,20250531,0.11,0.105,down
17950,920002,20250512,236.6,226.5,down
17951,920002,20250514,225.74,227.39,up
17952,920002,20250520,220.23,215.42,down
17953,920002,20250529,196.23,191.47,down
17954,920008,20250512,47.13,45.86,down
17955,920008,20250513,45.86,43.08,down
17956,920008,20250516,41.84,42.19,up
17957,920008,20250521,39.66,40.21,up
17958,920016,20250506,24.32,24.61,up
17959,920016,20250512,25.09,24.8,down
17960,920016,20250513,24.8,24.9,up
17961,920016,20250522,26.13,27.39,up
17962,920019,20250513,21.06,21.43,up
17963,920019,20250515,22.59,21.95,down
17964,920019,20250519,21.67,22.25,up
17965,920019,20250522,21.87,21.14,down
17966,920019,20250526,21.48,21.25,down
17967,920029,20250506,110.05,109.6,down
17968,920029,20250508,106.26,111.27,up
17969,920029,20250512,110.3,110.38,up
17970,920029,20250513,110.38,108.7,down
17971,920029,20250516,104.45,107.1,up
17972,920029,20250520,107.66,111.2,up
17973,920029,20250529,98.11,97.73,down
17974,920060,20250507,31.32,31.71,up
17975,920060,20250509,31.74,32.2,up
17976,920060,20250514,31.53,31.65,up
17977,920060,20250527,30.05,28.99,down
17978,920066,20250508,45.35,44.28,down
17979,920066,20250509,44.28,45.09,up
17980,920066,20250512,45.09,44.21,down
17981,920066,20250520,46.2,48.93,up
17982,920066,20250521,48.93,45.33,down
17983,920068,20250515,24.54,22.63,down
17984,920082,20250509,19.92,20.44,up
17985,920082,20250512,20.44,19.91,down
17986,920088,20250507,26.81,26.72,down
17987,920088,20250515,26.82,27.12,up
17988,920088,20250520,28.66,28.29,down
17989,920088,20250521,28.29,26.98,down
17990,920088,20250522,26.98,26.71,down
17991,920088,20250526,27.0,26.59,down
17992,920088,20250528,27.2,27.69,up
17993,920098,20250509,32.79,34.49,up
17994,920098,20250512,34.49,33.08,down
17995,920098,20250513,33.08,32.5,down
17996,920098,20250516,32.42,32.06,down
17997,920098,20250521,33.0,31.77,down
17998,920099,20250507,33.85,33.77,down
17999,920099,20250516,33.84,34.6,up
18000,920099,20250519,34.6,35.64,up
18001,920099,20250526,33.81,33.23,down
18002,920099,20250528,32.01,32.75,up
18003,920099,20250529,32.75,32.79,up
18004,920106,20250508,145.88,145.89,up
18005,920106,20250512,143.99,140.66,down
18006,920106,20250514,134.4,146.68,up
18007,920108,20250509,25.57,26.27,up
18008,920108,20250515,25.74,25.55,down
18009,920111,20250509,28.96,29.53,up
18010,920111,20250519,28.51,29.78,up
18011,920118,20250509,27.94,28.17,up
18012,920118,20250514,27.74,28.18,up
18013,920118,20250520,29.36,28.99,down
18014,920118,20250523,27.44,28.57,up
18015,920118,20250526,28.57,28.49,down
18016,920128,20250506,31.4,31.49,up
18017,920128,20250514,31.85,32.4,up
18018,920167,20250513,22.5,21.85,down
18019,920167,20250519,21.47,21.73,up
18020,920167,20250520,21.73,21.15,down
18021,920167,20250521,21.15,20.06,down
18022,920445,20250506,10.33,10.2,down
18023,920445,20250512,10.28,10.8,up
18024,920445,20250513,10.8,11.39,up
18025,920445,20250514,11.39,11.39,up
18026,920445,20250515,11.39,10.74,down
18027,920489,20250509,23.5,23.9,up
18028,920489,20250514,23.94,23.32,down
18029,920489,20250515,23.32,23.3,down
18030,920489,20250520,25.3,25.35,up
18031,920682,20250507,12.44,12.44,up
18032,920682,20250512,12.87,13.26,up
18033,920682,20250523,9.83,10.46,up
18034,920682,20250530,10.16,10.2,up
18035,920799,20250507,60.98,60.3,down
18036,920799,20250519,59.87,59.9,up
18037,920799,20250520,59.9,59.56,down
18038,920799,20250528,56.29,60.71,up
18039,920799,20250530,58.7,59.18,up
18040,920819,20250512,4.31,4.3,down
18041,920819,20250513,4.3,4.3,up
18042,920819,20250522,4.28,4.22,down
